tree
version=v4
num_class=1
num_tree_per_iteration=1
label_index=0
max_feature_idx=82
objective=regression
feature_names=Low VIX High MACD Open Close ATR_14 BB_Mid EMA_50 ROC_5d ROC_6m RSI_14 SMA_20 Volume EMA_200 ROC_12m ROC_20d SMA_200 STOCH_D STOCH_K BB_Lower BB_Upper DXY_Level EV_EBITDA FCF_Yield HYG_Level LQD_Level Month_Cos Month_Sin Return_1d Return_5d EV_Revenue HistVol_30 HistVol_60 Return_20d Treasury3M Close_lag_5 GoldenCross HYG_Mom_20d HiRatio_52w LQD_Mom_20d LoRatio_52w MACD_Signal Treasury10Y VIX_20d_Avg Close_lag_10 Close_lag_20 EMA_Slope_10 EMA_Slope_20 PriceToSales Volume_lag_5 WTI_Beta_60d HYG_LQD_Ratio RS_vs_SPY_20d WorldBank_GDP DXY_Return_20d EarningsSeason PriceToHigh_5d PriceToLow_20d RollingStd_20d WTI_Return_20d Wheat_Beta_60d Copper_Beta_60d PriceToHigh_20d RollingMean_20d RollingSkew_20d CurveSlope_10M3M VolumePriceTrend Wheat_Return_20d Copper_Return_20d RollingSharpe_20d Unprofitable_Flag VIX_RealVol_Ratio CashRunwayQuarters SectorETF_60d_Corr WorldBank_Real_GDP FCF_Yield_vs_Sector RS_vs_SectorETF_20d WorldBank_Inflation FiftyTwoWeek_PosRatio PE_LogRatio_vs_Sector PS_LogRatio_vs_Sector WorldBank_Consumption
feature_infos=[9.9999997473787516e-05:1788700.8908053876] [13.600000381469728:31.049999237060547] [9.9999997473787516e-05:1994666.4489417265] [-10027.682039192065:227077.84090037527] [9.9999997473787516e-05:1949673.9726498076] [9.9999997473787516e-05:1818695.875] [0:119979.92982368714] [9.9999997473787516e-05:1468854.3875] [0.00010216132978579234:1256349.5934851209] [-0.96313364055299544:29.324324655219353] [-0.99716828480290942:55.930691087062542] [0:99.999999993089162] [9.9999997473787516e-05:1468854.3875] [0:803375300] [0.00012696036353556479:14271846.702045755] [-0.99982635630208239:141.85714224893221] [-0.98993103421967599:28.966664712958945] [0.00011599999810641747:747481.71999999997] [0:99.999999999513435] [-2.0767675802858857e-13:99.999999999996206] [-463.13974779176482:869871.77684757102] [0.00010000041317219964:2067836.9981524288] [96.879997253417955:100.36000061035156] [-118.37771821305842:34339.261989331659] [-3.3513433880743886:11.212662940287348] [76.13311767578125:79.068824768066406] [105.52858734130859:109.13412475585938] [-0.86602540378443871:1] [-0.8660254037844386:1] [-0.77837838353337463:24.533331810103583] [-0.96313364055299544:29.324324655219353] [-30.447886782499474:10212.489747] [0.0087884460770130783:10.524834094760587] [0.015397715709582892:10.420095073263676] [-0.98993103421967599:28.966664712958945] none [9.9999997473787516e-05:1685718.125] [0:1] [-0.020900017714592489:0.02471282743904335] [0.00016354313628133598:0.99999999999999944] [-0.033037671971224536:0.020118124010521488] [0.99999000009974637:151.4285740701703] [-6868.5214864027485:182402.16662976868] [3.961999893188477:4.5949997901916504] [14.971999979019165:26.081500244140624] [9.9999997473787516e-05:1292783.875] [4.9999998736893758e-05:1135810.125] [-45390.419137587887:172449.1494220898] [-25986.682000727393:132544.91075783223] [-95.523951394736841:10192.489747] [0:803375300] [-9.1131461705259316:59.84039057021122] [0.71022198332996278:0.73502050626585835] [-0.14508976993436848:1.4286879595288118] [2:2.7930000000000001] [-0.024567080637369343:0.035386364328656938] [0:1] [0.026711185308830245:0.99999999999999944] [0.99999000009974637:36.193548736611504] [0:6.4520591222828516] [-0.12783441848919574:0.57081474928047982] [-12.933211746127718:84.208268909917052] [-17.279329690779399:44.559077788820773] [0.0086904764175156392:0.99999999999999944] [-0.14679157320790009:1.4307149764197116] [-4.472135954999513:4.4721359549995761] none [-223945807.97550219:4148425107.4544659] [-0.058112505811250603:0.14198972442783742] [-0.089516181611548395:0.12968952944218515] [-1.2779724566894195:1.1391208742564691] [0:1] [1.4613631229225257:3533.0473023242557] [0:100] [-0.95660243034693304:1] [-0.5:-0.15653000000000006] [-2:2] [-0.14514920846062551:1.4319327485885649] [2.5:2.9495300000000002] [0:0.99999999999999922] [-5.4329000047692881:5.6996253715782039] [-6.3490772128705908:8.3531463379393642] none
tree_sizes=5673 6011 6030 6042 6005 6038 6036 6008 6005 6012 6056 6027 6042 6059 6036 5994 6046 6051 6050 6045 6013 6016 6024 6036 6007 6023 6034 6032 6023 6017 6059 6011 6039 6016 6025 6016 6059 5977 6004 6037 6010 6022 6021 6022 5958 6043 5936 6017 5962 6062 5968 5908 6061 5967

Tree=0
num_leaves=63
num_cat=0
split_feature=39 28 17 56 15 37 13 17 14 44 39 77 73 33 32 73 25 33 61 44 51 40 19 44 28 14 50 33 52 52 24 38 51 76 44 61 73 72 20 68 61 51 33 33 1 33 41 11 49 5 69 24 33 55 61 50 39 51 79 42 39 31
split_gain=129.108 47.4224 35.7653 29.1512 22.0672 22 21.8788 15.1129 14.1263 13.4249 19.8569 12.9285 11.9579 12.6666 10.8614 9.22748 9.16919 13.6626 12.1857 23.2921 12.8972 8.74458 8.70418 7.99327 7.23155 7.17705 7.07666 7.0149 6.76885 6.76725 5.83701 5.53789 7.73747 5.75742 5.06917 6.82418 5.06756 5.05424 5.01367 4.96479 4.80391 4.59962 6.70649 5.16158 5.88183 4.84177 4.5133 4.3832 4.36378 4.31153 4.27139 4.12302 4.0906 4.48155 4.06959 4.06856 3.91894 3.86496 3.99688 3.80722 3.53601 3.50601
threshold=0.49798232553976934 0.68301270189221941 5.2644999927282337 1.0000000180025095e-35 -0.84700104331495807 1.0000000180025095e-35 216950.00000000003 29.631362507343294 58.672305324092967 15.580750036239627 0.87126751169332162 -0.0008086036810690116 12.139815784026139 0.30919973945117957 0.79111375010818097 inf 78.391860961914077 0.84252376934788809 -0.17820799156070297 22.817000102996833 -0.031613145176473324 -0.0039398808039938773 99.999999954632088 19.190500116348272 -0.68301270189221941 43.9174408117672 13754900.000000002 2.0970918246433583 0.71981905059825591 0.72805934823987528 0.29937268766811836 -0.0087058525235437206 -0.047148399343614131 -0.065812601653917266 20.145500135421756 -0.041753703418193892 35.495211571042788 124.07148870415598 3.9289460367542133 0.083569346756230747 0.55844766064343598 0.29756146487409774 0.49332101941623924 0.20505689239470903 19.085000038146976 0.537069645032204 3.9682849725751308 31.390954063132984 2.3520497618316099 4.2112443447113046 0.022548792005855137 0.35779680792936719 0.537069645032204 -0.012256753300961041 -0.19212457396883109 1743850.0000000002 0.90759816211982292 -0.0071674552031165935 0.59583592509597205 -0.28939022759481664 0.16426774517809614 33.323425436486524
decision_type=2 2 2 2 2 2 2 2 2 2 2 2 10 2 2 8 2 2 2 2 2 2 2 2 2 2 2 2 2 2 8 2 2 10 2 2 8 2 2 2 2 2 2 2 2 2 2 2 8 2 2 8 2 2 2 2 2 2 2 2 2 8
left_child=1 3 15 6 7 34 8 -3 59 10 36 28 16 21 54 49 17 18 29 31 -21 37 41 50 55 -16 52 38 -6 -11 -30 32 -20 46 -4 -36 -7 -14 -8 51 -12 43 -43 -18 61 -46 -33 -32 -37 -2 -15 -13 -17 -54 -5 -19 -22 58 -25 -1 -40 -45
right_child=2 4 5 14 11 9 27 -9 -10 12 40 39 13 23 25 26 22 24 19 20 56 -23 -24 57 -26 -27 -28 -29 30 -31 47 33 -34 -35 35 48 -38 -39 60 -41 -42 42 -44 44 45 -47 -48 -49 -50 -51 -52 -53 53 -55 -56 -57 -58 -59 -60 -61 -62 -63
leaf_value=0.49210233182379776 0.50372630214336123 0.49753334363892665 0.50034751106345954 0.49723827042068963 0.4974709961742193 0.48775544834577228 0.49793052063394583 0.48538003862020923 0.48590742591332742 0.5026409296710046 0.5056992781234072 0.50564718174090617 0.49906762652107128 0.50060184010451259 0.49075971309127581 0.49947786002453715 0.50233782411365335 0.49540367067462715 0.50236158355396532 0.49921951871232439 0.49573034397564242 0.50237793656288865 0.50965908429206019 0.50384747198522362 0.49899072321040217 0.48428513293980247 0.48852921788712322 0.49055717110159208 0.50825966365385478 0.50608255215482922 0.50436322136323775 0.50214692170497421 0.4947106309962982 0.49392313410931471 0.49976775966058873 0.50958703487036505 0.49971335311692539 0.49096598443748074 0.49273450899962179 0.4943687329609498 0.49856548172724441 0.51155863786437816 0.49961613725427295 0.50980518233225591 0.49681608083572204 0.50092873075956823 0.49543126372908947 0.5006558998808881 0.49564521295919839 0.49836291236636371 0.50459509158113647 0.4981929010696779 0.49978041368156567 0.49684578679229713 0.49283210963545265 0.48509308666846723 0.4878833240646161 0.50399727953035267 0.51020552384007423 0.49625562119244548 0.50229063441899735 0.50004470998550932
leaf_weight=781 1090 638 18540 680 691 94 1789 427 504 5354 4873 210 677 1065 2064 3544 1305 238 669 1046 239 2600 221 323 1259 540 198 219 441 1948 1328 16647 653 221 4287 58 1542 269 103 820 248 195 296 94 3464 902 254 1995 1737 571 1804 1590 1631 6429 2285 160 476 635 1053 1880 1609 4335
leaf_count=781 1090 638 18540 680 691 94 1789 427 504 5354 4873 210 677 1065 2064 3544 1305 238 669 1046 239 2600 221 323 1259 540 198 219 441 1948 1328 16647 653 221 4287 58 1542 269 103 820 248 195 296 94 3464 902 254 1995 1737 571 1804 1590 1631 6429 2285 160 476 635 1053 1880 1609 4335
internal_value=0.499986 0.496403 0.500777 0.494463 0.499371 0.501179 0.496639 0.492661 0.493583 0.501734 0.503822 0.500381 0.501443 0.503154 0.491773 0.498393 0.501082 0.501543 0.501808 0.501176 0.495682 0.50088 0.499838 0.504807 0.497134 0.489417 0.497902 0.499238 0.50202 0.503559 0.502855 0.5017 0.498582 0.501941 0.499937 0.498684 0.499026 0.496764 0.499781 0.497594 0.505354 0.499633 0.504359 0.499403 0.498968 0.497666 0.502046 0.502137 0.496096 0.501883 0.503113 0.499063 0.498062 0.49744 0.493843 0.491259 0.490506 0.507224 0.508713 0.495037 0.501716 0.500252
internal_weight=113838 20594 93244 12454 8140 79781 6885 1065 3165 55159 6757 7075 48402 8426 5569 13463 39976 29164 27507 20205 1761 3546 10812 4880 1657 2604 11802 3720 4455 7302 3764 18444 1322 17122 24622 6082 1636 946 3501 2620 5121 10591 491 10100 8795 4366 16901 3323 1795 1661 2869 1800 11604 8060 2965 398 715 2011 1376 2661 1712 4429
internal_count=113838 20594 93244 12454 8140 79781 6885 1065 3165 55159 6757 7075 48402 8426 5569 13463 39976 29164 27507 20205 1761 3546 10812 4880 1657 2604 11802 3720 4455 7302 3764 18444 1322 17122 24622 6082 1636 946 3501 2620 5121 10591 491 10100 8795 4366 16901 3323 1795 1661 2869 1800 11604 8060 2965 398 715 2011 1376 2661 1712 4429
is_linear=0
shrinkage=1


Tree=1
num_leaves=63
num_cat=0
split_feature=39 28 17 56 15 37 13 17 14 44 39 67 73 33 32 73 33 28 62 43 51 40 33 53 40 18 28 44 51 28 3 68 14 50 33 24 73 44 44 0 51 73 20 33 33 51 43 17 51 33 43 55 60 7 69 51 55 0 39 38 51 79
split_gain=116.52 42.7987 32.2782 26.309 19.9156 19.855 19.7456 13.6394 12.749 12.116 17.9208 11.9352 10.792 11.4316 9.80244 8.32781 8.31491 9.84867 13.4154 9.9272 16.5275 9.74932 8.29024 8.06104 7.89198 7.62614 7.25638 7.21392 7.03656 7.22674 7.02261 6.89403 6.47728 6.38669 6.33095 4.95153 4.74636 4.72946 4.57493 6.11556 5.72831 4.57347 4.52746 4.32749 4.28918 4.69247 4.2139 4.02587 3.98734 4.43661 4.47112 4.01148 3.98052 3.89912 3.85493 3.71191 3.68317 3.62771 3.5817 3.50512 3.48812 3.60718
threshold=0.49798232553976934 0.68301270189221941 5.2644999927282337 1.0000000180025095e-35 -0.84700104331495807 1.0000000180025095e-35 216950.00000000003 29.631362507343294 58.672305324092967 15.580750036239627 0.87126751169332162 -2986.1017401249724 12.139815784026139 0.30919973945117957 0.79111375010818097 inf 0.87121501975051874 -0.68301270189221941 0.19869632985585597 4.3115000724792489 -0.024780986933602523 0.0061211526476501197 0.36453974498681591 0.00074111165180074394 -0.0039398808039938773 96.348886189583865 -0.68301270189221941 19.190500116348272 0.40106316446021406 1.0000000180025095e-35 0.48011414581185191 0.11598456886298504 43.9174408117672 13754900.000000002 2.0970918246433583 0.35779680792936719 2.5041619766000678 19.616500115394594 20.145500135421756 31.729524387332805 0.034857090789979721 35.495211571042788 3.7186493076246268 0.35710339473892044 0.61762627727067698 0.4168437033123869 4.1099998950958261 14.795579216480258 0.9545928438033876 0.61339714477180662 4.243499994277955 -0.0095696381415945036 0.12704846630167846 5.045500028133393 0.022548792005855137 0.33857657156021254 -0.015719301771059287 117.76859993989636 0.94471837306101603 0.0086930151003745699 -0.0071674552031165935 0.59583592509597205
decision_type=2 2 2 2 2 2 2 2 2 2 2 2 10 2 2 8 2 2 2 2 2 2 2 2 2 2 2 2 2 2 2 2 2 2 2 8 10 2 2 2 2 8 2 2 2 2 2 2 2 2 2 2 2 2 2 2 2 2 2 2 2 2
left_child=1 3 15 6 7 38 8 -3 56 10 41 31 16 24 -5 53 17 22 19 28 43 47 46 -22 -14 58 -18 54 30 -30 37 -6 -16 48 42 -13 -24 -19 -4 -40 -41 -7 -8 -21 45 -12 -11 -20 49 50 -17 -51 -32 -2 -15 -53 -1 -46 -23 -26 61 -29
right_child=2 4 5 14 11 9 34 -9 -10 12 44 35 13 27 32 33 26 18 21 20 23 25 36 -25 59 -27 -28 60 29 -31 52 -33 -34 -35 -36 -37 -38 -39 39 40 -42 -43 -44 -45 57 -47 -48 -49 -50 51 -52 55 -54 -55 -56 -57 -58 -59 -60 -61 -62 -63
leaf_value=-0.00077843156795410562 0.0030242891086452034 -0.0023319101375659057 0.0003415487582118729 -0.0058380894541181314 0.0034535440359847202 -0.011620910800349445 -0.0019967921995924808 -0.013877550147875131 -0.013376532066664252 0.0050574617554547518 0.0052164234216134087 0.0040492464566498632 -0.0030628980362285632 0.00058316165823399249 -0.0087668591116346582 0.00017097646497011209 -0.0085557966529286409 0.00052322996751117941 0.0010475036476301086 -0.0012072466670492504 -0.0029943737194116694 -0.0027349544375445995 0.00096066302631820353 -0.010501484405168489 0.0036289990344776125 0.0083510732282312556 -0.00069934347105034267 0.0036665117652652842 -0.0020684767692633298 0.013605265083406624 -0.0017220596494666477 -0.0026431920534114531 -0.014917710352758016 -0.010885829502138112 -0.008959274021185697 -0.0022316894464287514 -0.01327972537217041 0.0030574756892865177 0.00026935789643942461 -0.0019317055707395354 -0.007995468036194232 -0.00026090114073792464 0.0015993086746952595 0.0030029860060195026 -0.0011588478375556056 0.013120608010426716 0.0011488886509006854 0.0033883038985744458 0.0043046695974468469 -0.00074262826200167215 -0.0032192946895688345 -0.0028593276419960653 0.0020119421310089941 -0.0029929851289265431 0.0043767502973831047 -0.0063296018002680894 -0.005585314880135344 0.012877736283609501 0.00089787732984429342 -0.00021036963259457085 0.003808829254859428 0.009706660772858193
leaf_weight=488 1323 638 18540 2965 2898 94 1748 427 504 3416 4472 347 946 1065 2064 3382 356 6015 2430 2073 763 1568 2362 673 1680 228 1685 323 115 204 4059 552 540 198 219 3278 60 2653 3193 2425 464 1542 1753 865 401 196 864 7525 259 1733 1365 3905 866 338 1804 960 2173 52 1196 920 635 1053
leaf_count=488 1323 638 18540 2965 2898 94 1748 427 504 3416 4472 347 946 1065 2064 3382 356 6015 2430 2073 763 1568 2362 673 1680 228 1685 323 115 204 4059 552 540 198 219 3278 60 2653 3193 2425 464 1542 1753 865 401 196 864 7525 259 1733 1365 3905 866 338 1804 960 2173 52 1196 920 635 1053
internal_value=-2.14062e-06 -0.00340596 0.000749631 -0.00524873 -0.000586552 0.00113178 -0.00318191 -0.00696101 -0.00608485 0.00165878 0.00364211 0.000372995 0.0013819 0.00300812 -0.00780397 -0.00151498 0.00103913 0.0012064 0.000833205 -3.87418e-05 -0.00211643 0.00206472 0.00294557 -0.00651268 0.000847625 -0.000438002 -0.0020697 0.00457802 0.000614492 0.00795486 0.000442229 0.00247807 -0.0100424 -0.0019815 -0.000712066 -0.00163045 0.000607887 0.00129888 -4.88145e-05 -0.00123877 -0.0029056 -0.000913616 -0.000196174 3.23215e-05 0.00509753 0.0055483 0.00426844 0.00281692 -0.00182956 -0.0019696 -0.000803896 -0.00280829 -0.00106548 0.00179982 0.00296853 -0.00354411 -0.00470378 0.000452416 -0.00116301 0.00227045 0.00687419 0.00828881
internal_weight=113838 20594 93244 12454 8140 79781 6885 1065 3165 55159 6757 7075 48402 8426 5569 13463 39976 37935 31233 18286 4374 12947 6702 1436 3546 2992 2041 4880 13912 319 13593 3450 2604 11802 3720 3625 2422 8668 24622 6082 2889 1636 3501 2938 5121 4668 4280 9955 11604 11345 4747 6598 4925 1661 2869 4865 2661 453 2764 2600 2011 1376
internal_count=113838 20594 93244 12454 8140 79781 6885 1065 3165 55159 6757 7075 48402 8426 5569 13463 39976 37935 31233 18286 4374 12947 6702 1436 3546 2992 2041 4880 13912 319 13593 3450 2604 11802 3720 3625 2422 8668 24622 6082 2889 1636 3501 2938 5121 4668 4280 9955 11604 11345 4747 6598 4925 1661 2869 4865 2661 453 2764 2600 2011 1376
is_linear=0
shrinkage=0.05


Tree=2
num_leaves=63
num_cat=0
split_feature=39 39 14 44 44 50 28 43 31 73 43 51 33 70 67 64 59 39 33 47 72 22 51 4 25 47 32 28 51 62 72 22 60 38 39 50 40 33 33 42 51 51 26 32 56 33 41 50 25 20 62 27 41 56 32 32 53 43 41 77 67 42
split_gain=105.667 54.2401 37.9661 23.2789 20.3902 14.7228 13.9412 13.0905 12.2599 10.9486 10.7179 34.9291 10.0623 9.87328 9.70517 8.76809 8.35883 7.34229 7.27291 7.2104 7.10945 7.15144 6.9679 6.73782 6.48154 6.24005 6.15536 6.30341 14.7425 9.00256 8.31513 6.28159 6.12862 5.83957 5.77256 5.75812 5.55271 5.49973 5.38659 5.29607 4.94697 4.71145 4.57174 4.55904 4.55722 5.94302 4.42783 4.36417 4.25125 4.22495 4.10918 5.7554 4.33954 4.03341 7.6973 4.21406 4.03176 4.00451 3.99005 4.37859 3.86016 3.78711
threshold=0.2339972930577108 0.77258195910288041 54.207381844578968 15.580750036239627 15.580750036239627 86650.000000000015 0.68301270189221941 4.3115000724792489 41.798844348887734 1.0000000180025095e-35 4.3115000724792489 -0.057601813319711558 0.61762627727067698 -0.12402638886790783 1761.8260250140781 -0.007889646391862808 0.090311476209959274 0.51551465612351777 0.59976482777031781 0.11488937785873522 88.470927793775573 99.199996948242202 0.064624042647963967 2.8342671072488073 77.577304840087905 -0.21708861287085221 1.0734821247946751 0.68301270189221941 0.40106316446021406 0.55650537174535042 85.859083268396972 98.059997558593764 -0.058195552605011684 -0.0046391731227925495 0.42999998329598133 1.0000000180025095e-35 1.0000000180025095e-35 0.53325751871329541 0.6765245214181389 0.96401907501272655 0.4168437033123869 0.54940200314435783 107.29890441894533 0.33901005123810241 1.0000000180025095e-35 0.77574305662626186 1.7426201038179869 230021.00000000003 77.577304840087905 1.6578032224199875 0.59746897020737044 0.6830127018922193 4.3206473493538367 1.0000000180025095e-35 0.26498623210534927 0.40769567638746546 0.0050822021030976668 4.1099998950958261 2.284574015245497 0.027627472754394294 85529.57895689526 -0.12246522753834012
decision_type=2 2 2 2 2 2 2 2 8 10 2 2 2 10 2 2 2 2 2 2 2 2 2 2 2 2 2 2 2 2 2 2 2 2 2 2 2 2 2 2 2 2 2 2 2 2 2 2 2 2 2 2 2 2 2 2 2 2 2 2 2 2
left_child=2 3 6 17 12 24 36 16 20 15 14 35 19 -8 32 -9 25 -2 -11 -3 58 -22 -13 -4 34 44 27 50 30 -30 31 -29 37 60 -5 46 -1 -10 41 -37 -21 47 -24 -17 -7 57 -12 -19 -18 -45 52 -52 53 54 -16 -55 -26 -46 -6 -60 -27 -36
right_child=1 4 23 5 8 7 13 9 10 18 11 22 -14 -15 26 43 48 38 -20 40 21 -23 42 -25 56 33 -28 28 29 -31 -32 -33 -34 -35 61 39 -38 -39 -40 -41 -42 -43 -44 49 45 -47 -48 -49 -50 -51 51 -53 -54 55 -56 -57 -58 -59 59 -61 -62 -63
leaf_value=-0.0037837533899551835 -0.0070173728282679803 0.0026434966294321322 -0.0046688613274388693 -0.0072263196912015527 0.002832499686129464 0.0015234953661878942 0.0027051018893552744 0.0038810044455166305 0.0046785736889828049 0.0017756119149678685 0.0045908596656437867 -0.0034843243476388162 -0.00070231107700775342 -0.0041446408971151528 -0.0020320551215017783 -0.0039767262914808107 -0.007931662240266318 0.0010234254921685693 0.0088378591394736635 0.0053761055361539641 0.0027382509515950452 -0.0038847228971004874 -0.012521994092545608 -0.014088897586068695 -0.0005400900298203245 -0.0022564110591022455 -0.0044489164105138285 -0.0037483273063396954 0.011718959309223261 -0.01102551849000156 0.0023978210801734279 -0.00029124042040010742 0.001463538333108741 -0.00072619535992250349 -0.000336933264793468 0.0001855672432390831 -0.008105292922615746 -0.0014386197373333737 -0.0061386955916287334 0.0036664523865339686 0.013308268213026728 0.00967788747447129 -0.0053425808333504654 -0.003066081711971742 0.0016496014192837923 -0.0076683190619176046 0.018255487716068393 -0.0037335039774653387 -0.0015557423482499598 0.0010314776378345389 -0.0043367287932838108 0.0066001760888896787 -0.004828743418083062 0.0033850440064349912 0.0016649331685554452 -0.00022423414828086778 -0.0048627974201364121 -0.002976454705495634 0.0063632301376420264 -0.0072121927950290904 -0.0073136308093762134 -0.0043306813562897246
leaf_weight=1348 1630 3417 220 1043 4955 5046 1010 1700 2797 686 421 2705 1164 1098 2250 711 580 757 778 3574 931 725 403 1384 3552 1258 667 2868 335 50 1231 2425 14498 12577 962 5323 1657 423 891 1375 208 90 493 758 1192 305 69 1328 476 3699 147 662 319 2795 3762 1138 636 770 1415 62 539 1550
leaf_count=1348 1630 3417 220 1043 4955 5046 1010 1700 2797 686 421 2705 1164 1098 2250 711 580 757 778 3574 931 725 403 1384 3552 1258 667 2868 335 50 1231 2425 14498 12577 962 5323 1657 423 891 1375 208 90 493 758 1192 305 69 1328 476 3699 147 662 319 2795 3762 1138 636 770 1415 62 539 1550
internal_value=-2.03355e-06 0.000379424 -0.00608543 -0.000980863 0.00131001 -0.000578624 -0.00397998 -9.25557e-05 0.000961696 0.00160292 0.000653219 -0.000730728 0.00361086 -0.000862743 0.0010638 0.000766104 -0.000713701 -0.00430584 0.00552864 0.00430826 0.00276023 -0.0001613 -0.00475017 -0.0127969 -0.00252937 -0.000502181 0.00026764 0.00044259 -0.000742534 0.00876513 -0.00130361 -0.00216446 0.00190178 -0.00110714 -0.0040995 0.00128291 -0.00616671 0.00387498 -0.00286429 0.000900141 0.00581235 -0.00152292 -0.00857171 -0.000258535 0.000686883 -0.00117529 0.00651506 -0.00200641 -0.00505767 0.000334608 0.00118205 0.00461288 0.000911633 0.00109576 0.00028133 0.00234071 -0.00119655 -0.000165925 0.00351241 0.00579337 -0.0037733 -0.00280123
internal_weight=113838 107121 6717 43514 63607 38818 5113 31075 55244 8332 47156 10789 8363 2108 36367 6868 22743 4696 1464 7199 8088 1656 3601 1604 7743 21687 18649 17982 6909 385 6524 5293 17718 14374 3555 7188 3005 3220 3066 6698 3782 2175 896 5168 7313 2267 490 2085 1056 4457 11073 809 10264 9945 6012 3933 4188 1962 6432 1477 1797 2512
internal_count=113838 107121 6717 43514 63607 38818 5113 31075 55244 8332 47156 10789 8363 2108 36367 6868 22743 4696 1464 7199 8088 1656 3601 1604 7743 21687 18649 17982 6909 385 6524 5293 17718 14374 3555 7188 3005 3220 3066 6698 3782 2175 896 5168 7313 2267 490 2085 1056 4457 11073 809 10264 9945 6012 3933 4188 1962 6432 1477 1797 2512
is_linear=0
shrinkage=0.05


Tree=3
num_leaves=63
num_cat=0
split_feature=39 39 14 69 44 51 28 60 31 43 51 32 32 70 44 48 28 62 51 28 58 72 51 39 38 39 13 32 22 22 61 32 13 55 4 40 18 41 43 24 59 17 74 1 41 61 76 13 55 62 55 61 73 41 41 72 22 14 4 51 61 26
split_gain=95.3646 48.9517 34.2842 21.3365 18.4021 13.5592 12.4559 11.3692 11.1088 11.0551 30.5669 10.4192 8.84009 8.8361 8.61344 8.50897 7.89252 8.21892 8.30245 11.1817 7.82505 7.72027 7.40825 7.1089 7.0243 6.95022 6.83695 6.56375 6.43464 6.2304 7.07657 6.21639 6.02172 5.81454 5.66865 5.41982 5.65553 4.83833 8.78249 9.29104 4.99283 4.69004 4.58398 4.53746 4.49284 4.32646 4.26987 4.2017 4.34631 4.27965 3.99757 3.99484 3.80574 3.80537 3.80053 3.73824 3.70841 3.51066 3.46455 3.4539 3.44105 3.40999
threshold=0.2339972930577108 0.77258195910288041 52.2565109424675 0.042975139208921938 15.580750036239627 1.0000000180025095e-35 0.68301270189221941 0.011113515527418351 97.702850358467245 4.3115000724792489 -0.057601813319711558 0.79111375010818097 0.53844295562908107 -0.12402638886790783 22.817000102996833 -0.11026507478488522 -0.68301270189221941 0.34357917496895246 0.40106316446021406 1.0000000180025095e-35 0.99999999999295575 88.470927793775573 0.48579564875218822 0.64751596841335746 -0.0046391731227925495 0.88108916137831117 80808.500000000015 0.48690857357146405 99.199996948242202 98.154998779296889 -0.03922304328577713 0.40511103688094513 1.0000000180025095e-35 -0.013133203939605874 2.8342671072488073 0.0099874753276735263 96.348886189583865 1.7528626052780172 4.1099998950958261 -0.16418405461553034 0.047793153645500901 1.5648150006681683 0.23063244533140542 16.510000228881839 2.284574015245497 -0.2568084656967804 -0.024544310467621819 77740.000000000015 0.013122225080701601 0.84373981989277269 -0.014744519345755823 -0.44746953857618327 1.0000000180025095e-35 1.8990076688263438 1.8088901282817966 18.725639126430437 98.305000305175795 69.940731949185775 0.69049999117851268 0.067084808036060969 -0.21741021159680804 108.43002700805665
decision_type=2 2 2 2 2 2 2 2 8 2 2 2 2 10 2 2 2 2 2 2 2 2 2 2 2 2 2 2 2 2 2 2 2 2 2 2 2 2 2 10 2 2 2 2 2 2 10 2 2 2 2 2 10 2 2 2 2 2 2 2 2 2
left_child=2 3 6 5 12 14 33 37 21 11 32 16 22 -8 15 55 31 18 20 -20 45 44 25 -9 -7 -3 -16 -28 -23 -12 -31 42 54 -1 -4 53 -37 -5 40 -40 -39 -34 -10 -35 -6 -18 -46 56 -49 -50 -22 -43 -29 -19 -11 -2 -26 -14 -17 -32 -30 -48
right_child=1 4 34 7 8 24 13 23 9 10 29 -13 57 -15 26 58 17 35 19 -21 50 28 -24 -25 47 -27 27 52 60 30 59 -33 41 43 -36 36 -38 38 39 -41 -42 51 -44 -45 46 -47 61 48 49 -51 -52 -53 -54 -55 -56 -57 -58 -59 -60 -61 -62 -63
leaf_value=-0.00075084920341388691 -0.0029012049731097014 0.001224135096546924 -0.0046956678880763197 -0.00099986410663299567 0.0025708720268897548 -0.0038609878118930855 0.0025932715541416118 -0.0057856531074593244 0.0013492384783913771 0.004696067119006558 0.00082436792328028524 -0.0020858967065694465 -0.0016028704232628069 -0.0039046928485818068 -0.0017404185456945933 0.0069381960191512021 0.0070458275696908094 0.002289470074419903 -0.0013731090521099331 0.01128995390457567 -0.0015365298621296145 0.0022488851021229476 0.012297131909431439 -0.0017651152477365017 0.00080363791983848127 0.0047469019950539407 0.0010453751367253145 0.0043384748374793464 0.0045074769981658545 -0.0029835409273680285 -0.006033270504283348 -7.0178681325392705e-06 -0.012472678435559789 -0.0091521186872803428 -0.013258619021229059 -0.0011985715542675822 0.010877805513930376 -0.0025513649173221605 -0.002952873017507969 0.0054549895147161798 -0.010305049011059093 0.0035499867578425836 0.0043905375342165303 -0.0048786988301079545 -1.1221207102242206e-05 0.0016751769615949682 0.0076506155004883005 0.00054688696366249508 -0.0019163501033287449 -0.012725524027949421 0.0003280187948188865 0.00026117993429066751 0.0094031244983565753 0.0058394794221082848 0.017531984860994925 0.0022069125991734518 -0.0042911553933384595 0.0075405324602292644 -0.0016097603177417108 -0.01093900688641411 -0.0049673943049922892 0.00077998813566804506
leaf_weight=474 393 1942 224 11856 5309 2096 1001 2949 1788 414 458 2506 1022 1096 678 122 583 1583 309 400 3517 1055 264 1753 504 5018 1459 1988 111 1508 1005 1666 67 1123 1409 1032 107 331 2058 391 557 1114 4035 1390 291 1051 1219 5395 981 101 15740 5395 456 1443 67 4041 1226 117 4179 558 701 212
leaf_count=474 393 1942 224 11856 5309 2096 1001 2949 1788 414 458 2506 1022 1096 678 122 583 1583 309 400 3517 1055 264 1753 504 5018 1459 1988 111 1508 1005 1666 67 1123 1409 1032 107 331 2058 391 557 1114 4035 1390 291 1051 1219 5395 981 101 15740 5395 456 1443 67 4041 1226 117 4179 558 701 212
internal_value=-1.93187e-06 0.000360453 -0.00578116 -0.00093182 0.00124451 8.43316e-05 -0.00375665 -0.00213818 0.000913612 0.00060294 -0.000816373 0.0010231 0.00343032 -0.000802899 0.00113812 0.000217199 0.00125739 0.000842098 0.000449956 0.00577107 0.000269368 0.00253177 0.00407581 -0.00428672 -0.00127762 0.00376397 0.00289411 0.00369918 -0.00032632 -0.00461576 -0.00542709 0.00268615 0.00108359 -0.00583031 -0.012084 0.00287577 -6.40919e-05 -0.00147324 -0.00315509 -0.0016105 -0.00741488 0.000688577 0.00345668 -0.00678839 0.00329071 0.00359139 0.00550998 -0.000617849 -3.31577e-05 -0.00292534 -1.25128e-05 0.000824051 0.00528343 0.00398235 0.00648402 0.00175416 -0.00280689 -0.000663645 -0.00136729 -0.00778465 -0.00367218 0.00663274
internal_weight=113838 107121 6717 43514 63607 23619 5084 19895 55244 46346 10586 35760 8363 2097 13316 8735 33254 25765 21600 709 20891 8898 7224 4702 10303 6960 4581 3903 1867 3529 3071 7489 7057 2987 1633 4165 1139 15193 3337 2449 888 6576 5823 2513 7031 1634 1722 8207 6477 1082 19257 6509 2444 3026 481 4434 1730 1139 4301 1563 812 1431
internal_count=113838 107121 6717 43514 63607 23619 5084 19895 55244 46346 10586 35760 8363 2097 13316 8735 33254 25765 21600 709 20891 8898 7224 4702 10303 6960 4581 3903 1867 3529 3071 7489 7057 2987 1633 4165 1139 15193 3337 2449 888 6576 5823 2513 7031 1634 1722 8207 6477 1082 19257 6509 2444 3026 481 4434 1730 1139 4301 1563 812 1431
is_linear=0
shrinkage=0.05


Tree=4
num_leaves=63
num_cat=0
split_feature=33 79 14 46 55 44 44 10 67 73 31 15 69 25 61 44 51 50 50 15 26 33 41 33 51 32 22 61 0 36 25 64 44 73 57 43 74 13 38 47 47 73 26 43 20 56 32 33 51 25 61 67 53 21 72 22 41 1 25 13 26 33
split_gain=87.8099 36.2076 31.1461 16.8641 14.4746 13.1294 12.3544 16.2257 11.9936 11.1704 9.75861 9.55428 8.91894 8.59984 10.6346 15.3453 13.5 8.1258 7.89429 7.57752 7.42253 7.24205 6.76903 5.66193 5.98276 5.85052 5.69587 6.17176 5.3755 5.37184 6.25063 5.28519 5.77324 4.91105 4.90732 4.61735 4.38514 4.35636 4.34822 4.15217 4.02774 4.02287 3.86052 3.84751 3.78672 3.74924 8.56025 6.78592 3.65644 3.59513 3.58957 3.47441 3.41653 3.35806 3.34409 4.44242 3.31589 3.13222 3.05716 3.05655 4.23323 4.39823
threshold=1.0623067622679296 0.48226827604656219 53.267355712686175 6.100083827972413 -0.0050216874389692459 15.580750036239627 16.269000005722049 -0.21950905231580406 -10845.262085076554 inf 108.18305399160029 0.5654538642792214 -0.013239133246485844 78.391860961914077 -0.2405072113815527 22.817000102996833 -0.050645492602400907 387650.00000000006 4806.0000000000009 -0.87185019669732478 108.78065872192384 0.459314589717706 3.9682849725751308 0.21476565924750943 0.40106316446021406 0.51785852275733313 97.819999694824233 0.0051557419978059049 30.649483843368767 4.7394645214080819 77.968734741210952 -0.0083511925080262516 22.817000102996833 13.895187706002238 0.97457282964306524 4.1099998950958261 0.5327423620321462 93421.000000000015 0.0077891518927726286 1.4475671656830349 0.110027912193448 14.464821033789732 107.81529235839845 4.059500217437745 1.5944567254229027 1.0000000180025095e-35 0.26498623210534927 0.65614232676285211 0.86965202322215862 77.373008728027358 0.16362374742128297 -10163.735996243029 0.0062338628503165973 12.032909142690144 124.07148870415598 99.199996948242202 1.7022925403943037 15.799999713897707 77.373008728027358 23007.000000000004 107.92645645141603 0.43685516060603952
decision_type=2 2 2 2 2 2 2 2 2 8 8 2 2 2 2 2 2 2 2 2 2 2 2 2 2 2 2 2 2 2 2 2 2 8 2 2 2 2 2 2 2 8 2 2 2 2 2 2 2 2 2 2 2 2 2 2 2 2 2 2 2 2
left_child=1 6 4 48 9 21 7 38 31 -2 11 54 37 14 34 22 -17 -4 -15 -10 51 40 45 42 26 -26 27 39 -19 30 -21 32 53 -23 58 41 56 -6 -1 -25 -5 -13 -20 -24 -39 46 49 -47 -3 -16 -14 -11 -28 -8 -7 -56 -9 -42 -12 60 -31 -62
right_child=2 3 17 5 12 10 8 36 19 20 13 35 50 18 15 16 -18 28 23 29 -22 33 43 24 25 -27 52 -29 -30 59 -32 -33 -34 -35 -36 -37 -38 44 -40 -41 57 -43 -44 -45 -46 47 -48 -49 -50 -51 -52 -53 -54 -55 55 -57 -58 -59 -60 -61 61 -63
leaf_value=-0.0036046327659774269 0.006154587151178597 -0.0013792240969210156 -0.013329218410210154 0.0029125158791647589 -0.0061721661998399473 0.0019699250570430456 -0.00033636945848315757 -0.0011652088453815775 -0.0081421727446678027 -0.00041334318830175108 0.0066770028064210285 -0.010818825730759847 -0.0046214315314045042 0.0043434369039924104 -0.0027063572881251864 0.00059514482065860393 -0.0074811699803793777 -0.011588613669514041 -0.0028844438850932491 -0.0036029903764279152 0.0042714446077245054 -0.013427537042742311 -0.0096987559720256127 -0.003518247627837548 0.012748701235058866 -0.0010347677796231345 -0.00086335176362569734 0.00032584055611072934 0.0018487443316716854 -0.0039628138463615979 -0.00041287883700122591 0.00022398284137853557 0.005320857201335287 0.0012583079976554283 0.0018797221773676155 0.0066098061573915028 0.0015956296054284549 -0.0032676779182321085 -0.0074886421669015145 -0.0093959301921638233 0.0036829567705028501 0.0030121970778127223 0.0038283419217892997 -0.0010424085567274722 0.0030544309014168738 0.0029196091696650911 0.0020928289637795069 -0.0039643805532097783 0.0066539121053085255 0.00025752483378275976 -0.0076186533291329808 -0.0042130951755760633 0.0026899223111687773 0.0027456729162868149 0.0028922606165434333 -0.0077414461900260443 -0.0060801133705923952 0.0070380600459792738 0.0032391429888436554 -5.2861120794252226e-05 0.0049017738323392616 -0.0026086086276204284
leaf_weight=1584 490 6138 1099 2210 351 4833 1719 4043 364 909 1308 57 1964 862 1425 1109 970 133 270 3266 413 59 196 1843 152 156 4781 961 169 1242 2898 10257 1154 1620 2528 1893 1439 416 1322 359 1135 677 1036 372 550 5927 7380 381 145 3628 2033 1779 788 1819 183 212 375 1797 1279 12590 350 440
leaf_count=1584 490 6138 1099 2210 351 4833 1719 4043 364 909 1308 57 1964 862 1425 1109 970 133 270 3266 413 59 196 1843 152 156 4781 961 169 1242 2898 10257 1154 1620 2528 1893 1439 416 1322 359 1135 677 1036 372 550 5927 7380 381 145 3628 2033 1779 788 1819 183 212 375 1797 1279 12590 350 440
internal_value=-1.8353e-06 0.000436298 -0.00440323 0.00125394 -0.00331297 0.00154751 -0.000633006 -0.00231708 -0.000224198 -0.000860755 0.00124126 0.00284452 -0.00497009 0.000907306 0.00139832 0.000908522 -0.00317303 -0.0113331 -0.000253781 -0.000990409 -0.00196927 0.00359338 0.00134798 -0.000636809 -0.00108139 0.00576746 -0.00132297 -0.00301743 -0.00406903 -0.000865169 -0.00210316 0.000859845 0.00224988 0.000742248 0.0034464 0.00530451 -0.000801583 -0.00140155 -0.00537155 -0.00447651 0.00452435 0.00193813 0.00244055 -0.00402946 0.000331866 0.00151096 0.00100722 0.00250382 -0.00119383 -0.000578322 -0.00614591 -0.00292813 -0.000360572 0.00124821 0.00160841 -0.00281494 -0.00158239 0.00573927 0.00497734 -0.000343284 -0.00214271 0.000718776
internal_weight=113838 103532 10306 58670 8905 52387 44862 8763 36099 3591 45566 7855 5314 37711 26503 21388 2079 1401 11208 21150 3101 6821 19309 10346 9040 308 8732 3163 302 20786 6164 14949 4692 1679 5115 2627 5857 1317 2906 2202 5142 734 1306 568 966 18741 12433 6308 6283 5053 3997 2688 5569 3538 5228 395 4418 2932 2587 14622 2032 790
internal_count=113838 103532 10306 58670 8905 52387 44862 8763 36099 3591 45566 7855 5314 37711 26503 21388 2079 1401 11208 21150 3101 6821 19309 10346 9040 308 8732 3163 302 20786 6164 14949 4692 1679 5115 2627 5857 1317 2906 2202 5142 734 1306 568 966 18741 12433 6308 6283 5053 3997 2688 5569 3538 5228 395 4418 2932 2587 14622 2032 790
is_linear=0
shrinkage=0.05


Tree=5
num_leaves=63
num_cat=0
split_feature=39 39 14 69 69 17 63 26 51 28 48 51 15 51 60 55 62 59 22 51 33 55 24 74 0 17 55 31 52 52 33 22 15 3 17 79 33 64 26 77 43 52 41 74 59 62 42 69 74 62 13 45 18 22 46 41 62 43 62 19 13 15
split_gain=81.7462 37.4794 29.8722 19.1279 14.1619 14.0751 11.5858 13.6548 11.3061 11.068 10.8987 10.002 10.0114 9.96047 9.40755 9.34301 9.93142 8.69052 6.99755 6.88201 6.8209 6.73421 6.29329 6.05879 5.90657 5.58345 5.56896 5.40432 5.323 5.07538 4.97242 8.83574 5.61559 5.34626 4.95638 4.94185 4.83693 5.96377 4.73278 4.71168 4.59064 4.51909 4.49649 4.44455 4.34202 4.00149 3.99878 3.95487 3.9451 3.79809 3.77717 3.74202 4.38312 3.68069 3.47801 3.39636 3.36726 3.47191 3.24814 3.16583 3.10983 3.06652
threshold=0.24672093634408399 0.76365814388017195 54.207381844578968 0.042975139208921938 0.020765001871102532 15.250573682785037 0.93725496041912493 105.91101074218751 -0.071402003862010802 0.68301270189221941 -0.10236688954281468 0.40106316446021406 0.94030262234887718 -0.074713753429080057 0.011113515527418351 -0.014744519345755823 0.38731135501116948 0.027541281264495825 98.985000610351577 0.0018390158342645991 1.4049233682473408 0.011147783776698785 -0.0054253877633611324 -0.25399039888154068 2.2904999256134038 4.3340757721662531 -0.013133203939605874 44.517072348701483 0.71423529624854343 0.71981905059825591 0.22389736636274013 98.625000000000014 0.83226675529811267 0.27051708617434406 58.585171537399297 0.8132757162088553 0.5645157794773582 0.00035366418163440002 107.47381973266603 -0.0092540979197754721 4.1099998950958261 0.72098808274195247 4.3206473493538367 0.55154977114976778 0.018347491419641943 0.20726128855797318 2.9648632612897212 -0.013239133246485844 0.88754537495657659 0.86694546820086738 21153200.000000004 61.625000000000007 87.750254396536761 100.27000045776369 1.8108614683151247 5.5486231821271508 1.2751242327304124 4.3115000724792489 0.12319427812908083 30.575585067519686 47810.000000000007 -0.33275511868571567
decision_type=2 2 2 2 2 2 2 2 2 2 2 2 2 2 2 2 2 2 2 2 2 2 8 2 2 2 2 8 2 2 2 2 2 2 2 2 2 2 2 2 2 2 2 2 2 2 2 2 2 2 2 2 2 2 2 2 2 2 2 2 2 2
left_child=2 3 9 10 6 17 13 8 -8 26 19 29 18 23 25 16 -7 28 -13 41 39 22 -12 45 -4 40 -1 46 -6 34 31 -31 33 -32 -9 -30 37 -16 -28 -11 -5 -2 54 -29 -43 -3 -17 59 -10 -44 -38 -45 -53 -25 -19 60 57 -15 -33 -23 -24 -22
right_child=1 4 24 14 5 15 7 11 48 20 21 12 -14 56 36 27 -18 42 -20 -21 61 47 55 53 -26 -27 38 43 35 30 32 58 -34 -35 -36 -37 50 -39 -40 -41 -42 44 49 51 -46 -47 -48 -49 -50 -51 -52 52 -54 -55 -56 -57 -58 -59 -60 -61 -62 -63
leaf_value=-0.00059309800518266541 0.00069333964922734025 0.0044457902814420466 -0.0024257129295110016 -0.0058481321601261006 0.0049322924406427007 -0.0013283374129135338 0.00077287490149788752 0.0017316864662554349 -0.0069715565694391055 0.0042011243141160835 0.0073281778612221448 0.013389435733053427 -0.0064211652847006922 0.00089626981812055957 -0.0043719575649006446 0.003458171121525007 0.0039414039587772759 -0.0048022418481967252 0.0022575772932863663 -0.00021440585170966845 -0.0067831093617964399 0.0013586671203011629 -0.0022230989565229457 0.0016832966316695332 -0.012202999867483052 -0.00074451970686254703 -0.004143091539124304 0.0015353400950654267 -0.00054089120951924044 0.0035018243847240748 -0.0010138142893463989 -0.0049945104951654058 0.001005264003796319 -0.0043034454642079936 -0.0013707582158010404 0.0025609931465270333 -0.0050007709998036477 0.0012619027773362731 -0.0083062384192618809 -0.0012165263660676082 -0.0019765715388223469 -0.0019400966526306948 -0.0060024590281436583 0.0039148152839028026 0.0039418852863776837 0.011473227715679657 0.0071784423997011257 -0.0035046943697268646 -0.014776516017253133 0.0016138454729860479 -0.01464001361175247 0.0012950899814340939 0.0049540183942215375 0.0061958519974452978 -0.00012543213431729448 -0.010191370481737407 -0.012103695621746674 -0.0024546485662644644 0.0023377957327638797 -0.0022502249542539518 0.00055575388011904045 0.0052646332467764113
leaf_weight=528 2471 535 173 1006 950 3185 456 3680 621 644 295 321 140 3371 1163 3271 1243 441 252 4334 504 1032 1264 2823 1442 10435 1380 9699 2841 1236 2331 617 1240 2627 1980 2343 2465 788 1351 1065 3205 344 755 5538 3568 326 927 2778 219 209 106 4047 1026 538 4033 83 57 1003 200 1478 4948 59
leaf_count=528 2471 535 173 1006 950 3185 456 3680 621 644 295 321 140 3371 1163 3271 1243 441 252 4334 504 1032 1264 2823 1442 10435 1380 9699 2841 1236 2331 617 1240 2627 1980 2343 2465 788 1351 1065 3205 344 755 5538 3568 326 927 2778 219 209 106 4047 1026 538 4033 83 57 1003 200 1478 4948 59
internal_value=4.34192e-06 0.000350622 -0.00517309 -0.000818399 0.00110079 0.00167526 0.000153801 -0.000646616 -0.00556556 -0.00342623 0.000167176 -0.000210692 0.00556515 0.00162643 -0.00198018 0.00226466 0.000150951 0.000201451 0.00849375 0.00132325 -0.000747425 -0.000875899 0.000190562 0.0033643 -0.0111556 -0.00136469 -0.00529376 0.00264655 0.00149159 -0.00050673 -0.00129774 0.000834974 -0.00200417 -0.00275683 0.000646379 0.00086106 -0.00397367 -0.00209647 -0.00620256 0.000824999 -0.00290148 0.0023673 -0.00125381 0.00230899 0.00342466 0.00710659 0.00427968 -0.00220494 -0.00900642 -0.00435121 -0.00539819 0.00301614 0.0020351 0.00240563 -0.000586423 -0.000143925 -2.94736e-05 0.000127872 -0.00319958 -0.00076641 -9.67915e-06 -0.00552056
internal_weight=113990 106844 7146 41763 65081 40508 24573 15920 1296 5531 22595 14624 713 8653 19168 28936 4428 11572 573 10717 2272 11878 6590 4222 1615 14646 3259 24508 6134 13911 8251 2053 6198 4958 5660 5184 4522 1951 2731 1709 4211 6383 5438 20310 3912 861 4198 5288 840 964 2571 10611 5073 3361 4474 6295 4431 4374 817 2510 6212 563
internal_count=113990 106844 7146 41763 65081 40508 24573 15920 1296 5531 22595 14624 713 8653 19168 28936 4428 11572 573 10717 2272 11878 6590 4222 1615 14646 3259 24508 6134 13911 8251 2053 6198 4958 5660 5184 4522 1951 2731 1709 4211 6383 5438 20310 3912 861 4198 5288 840 964 2571 10611 5073 3361 4474 6295 4431 4374 817 2510 6212 563
is_linear=0
shrinkage=0.05


Tree=6
num_leaves=63
num_cat=0
split_feature=33 39 14 44 44 55 24 13 44 51 64 61 56 62 25 33 51 26 51 61 77 44 26 39 39 72 72 70 52 61 25 39 1 39 26 51 61 68 33 51 39 50 51 31 42 50 43 13 72 46 47 43 50 51 61 25 62 73 32 12 67 62
split_gain=74.0135 32.5487 25.5967 18.2725 13.7658 12.701 13.1758 11.8195 10.3972 17.0748 10.2165 9.75843 9.06092 15.6766 13.5798 9.4602 8.66249 8.04733 12.5339 8.58772 8.05208 7.48151 7.46281 7.34608 7.24894 6.99585 6.64726 6.58384 6.25494 6.23184 6.14241 6.08919 5.91101 5.83629 5.80536 5.5166 4.93614 4.86718 4.83889 4.58407 4.53784 4.50388 4.34985 4.32055 4.22853 4.34538 4.18994 4.03898 4.08652 3.96792 3.74899 3.68625 3.67655 3.66984 3.64207 3.64592 3.61765 3.59805 3.51744 3.45564 3.42489 3.39844
threshold=1.0623067622679296 0.76365814388017195 54.207381844578968 15.580750036239627 15.580750036239627 -0.003910791018674197 0.18945490372331539 74845.000000000015 24.216250276565557 -0.085173641028023217 -0.0088346960098184841 0.30522420356193647 1.0000000180025095e-35 0.20147564890919842 78.357074737548842 0.36453974498681591 0.030722679463744237 107.92645645141603 0.37418796362043616 -0.21741021159680804 0.0027731154890829478 21.919000148773197 107.58430099487306 0.2339972930577108 0.51551465612351777 88.470927793775573 28.303712915654341 0.45685756675564376 0.72256691354152813 -0.28757099608183107 77.698593139648452 0.42287190372962408 26.985000610351566 0.94755806374093732 108.78065872192384 0.4168437033123869 -0.064052396413754306 0.023232845248349124 0.63150849251220775 -0.099101871076579223 0.87914700231551757 2945650.0000000005 -0.1709279047232192 6.2209243613194287 0.96401907501272655 1.0000000180025095e-35 4.1099998950958261 222650.00000000003 78.471879712804977 17.719813346862797 1.3103316873803161 4.1999998092651376 348050.00000000006 0.041562861978436096 -0.11177671175263722 78.425407409667983 0.46569053482903666 13.826719008440501 1.0734821247946751 4.2205000042915355 -10163.735996243029 0.43902267578359794
decision_type=2 2 2 2 2 2 8 2 2 2 2 2 2 2 2 2 2 2 2 2 2 2 2 2 2 2 2 10 2 2 2 2 2 2 2 2 2 2 2 2 2 2 2 10 2 2 2 2 2 2 2 2 2 2 2 2 2 8 2 2 2 2
left_child=1 3 5 24 26 6 -2 30 12 44 21 37 13 17 39 16 46 19 20 32 47 -9 29 -4 -1 28 -3 -16 -21 41 31 53 -6 58 60 40 -11 -7 -20 49 -28 59 -24 -26 45 -10 -14 -19 -49 -15 -35 -32 -25 -5 55 -22 -41 -58 -17 -12 -8 -42
right_child=2 4 23 7 8 11 34 10 9 36 22 -13 15 14 27 33 -18 18 38 25 54 -23 42 52 43 -27 35 -29 -30 -31 51 -33 -34 50 -36 -37 -38 -39 -40 56 61 -43 -44 -45 -46 -47 -48 48 -50 -51 -52 -53 -54 -55 -56 -57 57 -59 -60 -61 -62 -63
leaf_value=-0.0064278558871879669 0.0072548210668407489 -0.00089798316696869471 -0.01214490965798444 -0.0034586740851172883 0.00026302450650675851 -0.0064346470182912174 -0.00041215783313727766 0.00087818877315122698 0.0082897692000683913 -0.002176538494946847 -0.0010638022657684617 -0.0075862374212626333 0.0034987262835126567 0.0015021292648407167 -0.00094592124429870503 -0.00026570285454005958 0.0053447699099797227 0.003304511147363136 0.013190986716589954 0.001080572028597655 7.488738518092332e-05 0.0049489762995596279 -0.00331668747979968 -0.010636502469784205 -0.0015550493049535446 -0.0036450964608687048 0.001175105062261337 0.0064278931866638455 -0.0020794216047927811 -0.00020941881869272956 0.001533701262704525 -0.0020699594700107778 0.0066111243646337463 0.0010858570125171806 0.0033754867465716656 0.0098772781908003735 -0.006668759808397845 -0.0018547617259993471 -0.0027164920714908636 0.0016160093846376553 0.0036695614908643596 0.0059744751528199146 -0.00082374352448917696 -0.0084690912136009492 0.0071596805704757576 0.00015341632356611292 0.00099122833805122593 -0.00078079718903745232 0.0024237665763223765 0.006355203106929508 0.0058120503479389823 -0.0019309028496047314 0.001589170411101631 -0.0087391400717210469 -2.0008087386197524e-05 -0.0052634611055940722 -0.0090356398483409598 0.0044027387553036545 -0.0097529337392188616 0.0026936366816916811 -0.003938097426321157 0.0087846969119303158
leaf_weight=1621 436 959 1118 611 1368 776 1045 3983 176 1267 945 1877 2887 574 3927 4245 2823 2103 272 2643 484 1575 2282 97 2441 3212 1935 328 3843 10099 1243 2373 501 1078 445 327 1182 2298 58 4575 4667 662 7503 249 281 2427 3939 2302 1752 1582 687 2008 168 713 1685 943 51 2134 100 1736 2020 349
leaf_count=1621 436 959 1118 611 1368 776 1045 3983 176 1267 945 1877 2887 574 3927 4245 2823 2103 272 2643 484 1575 2282 97 2441 3212 1935 328 3843 10099 1243 2373 501 1078 445 327 1182 2298 58 4575 4667 662 7503 249 281 2427 3939 2302 1752 1582 687 2008 168 713 1685 943 51 2134 100 1736 2020 349
internal_value=4.12482e-06 0.000405248 -0.00404262 -0.000711644 0.00110774 -0.00305894 -0.000942845 -0.000340661 0.000824319 -0.00127451 0.000106107 -0.00474548 0.00104775 0.000592199 0.00194653 0.00204034 0.00301519 -0.000250563 0.000819659 -0.0011387 0.000478748 0.00203175 -0.000354681 -0.0103708 -0.00378665 -0.00173678 0.00301496 -0.000377505 -0.000791746 0.000409987 -0.00219159 -0.00358568 0.00196468 0.000500856 -0.00196113 0.00353056 -0.00434469 -0.00301091 0.0103951 0.00305563 0.00323199 0.00228117 -0.00140513 -0.00219505 0.0013326 0.00070355 0.00205175 0.00152646 0.000604106 0.00506315 0.00292546 -0.000606233 -0.00288589 -0.00630231 -0.00159412 -0.00345284 0.00241537 0.00408907 -0.000484051 0.00136921 -0.00273594 0.00402546
internal_weight=113990 103710 10280 40044 63666 8897 3946 35733 55429 5333 28785 4951 50096 34337 13171 15759 9649 21166 9599 11567 9269 5558 23227 1383 4311 9698 8237 4255 6486 13442 6948 3697 1869 6110 3510 7278 2449 3074 330 8916 6951 3343 9785 2690 2884 2603 6826 6157 4054 2156 1765 3251 265 1324 3112 1427 6760 2185 4345 2681 3065 5016
internal_count=113990 103710 10280 40044 63666 8897 3946 35733 55429 5333 28785 4951 50096 34337 13171 15759 9649 21166 9599 11567 9269 5558 23227 1383 4311 9698 8237 4255 6486 13442 6948 3697 1869 6110 3510 7278 2449 3074 330 8916 6951 3343 9785 2690 2884 2603 6826 6157 4054 2156 1765 3251 265 1324 3112 1427 6760 2185 4345 2681 3065 5016
is_linear=0
shrinkage=0.05


Tree=7
num_leaves=63
num_cat=0
split_feature=39 17 6 37 33 44 51 56 62 22 33 55 69 55 43 61 39 26 51 33 74 73 72 79 26 50 50 61 80 51 51 52 33 22 56 55 50 57 50 1 61 5 56 62 43 1 61 51 13 50 41 58 13 51 73 26 29 41 10 33 13 42
split_gain=67.9927 31.2811 25.0222 16.5289 8.35213 8.3212 17.134 10.8573 13.111 11.4992 10.6053 8.3162 7.84144 7.51413 7.47457 7.41577 6.88961 7.35949 8.26215 6.4691 6.43276 6.32312 5.92339 5.85481 5.67222 5.6578 5.65321 5.25717 5.17448 5.04421 4.77868 4.77116 4.55549 4.46058 4.36468 4.22808 4.09505 4.03021 3.90985 3.87415 3.76264 3.74383 3.71027 3.65678 5.10803 4.96441 6.33637 4.70904 4.69476 3.61914 3.60983 3.52977 4.18233 3.47851 3.44863 3.40251 3.34042 3.34 3.27269 3.233 3.19996 3.18468
threshold=0.24672093634408399 5.2644999927282337 0.94360055900651185 1.0000000180025095e-35 0.8610497115102671 24.216250276565557 -0.08681693183239321 1.0000000180025095e-35 0.20147564890919842 97.819999694824233 0.44949707256490523 -0.0095696381415945036 0.020765001871102532 -0.013133203939605874 4.0535001754760751 0.43462083738557694 0.93120762668874357 107.47381973266603 0.20517483832508349 1.4049233682473408 0.23063244533140542 inf 85.859083268396972 0.92361112063401929 106.29507446289064 110408.00000000001 355550.00000000006 0.38696169481896359 -0.38619486264606928 0.37418796362043616 -0.059337336060846013 0.7283081307087681 2.0970918246433583 97.819999694824233 1.0000000180025095e-35 0.011943656283849415 4481850.0000000009 0.95923586193674104 89950.000000000015 19.159999847412113 -0.48912577238601501 16.69000339508057 1.0000000180025095e-35 0.20438350293583565 4.3844997882843026 22.545000076293949 -0.19561043150456572 0.48579564875218822 333350.00000000006 312350.00000000006 3.1020666671810511 1.1015402088598203 176050.00000000003 -0.024780986933602523 13.167676363293328 105.91101074218751 -0.011805770431556393 3.4462834640087041 0.8132689143926114 1.9083478275148911 2311400.0000000005 0.44192731414074365
decision_type=2 2 2 2 2 2 2 2 2 2 2 2 2 2 2 2 2 2 2 2 2 8 2 2 2 2 2 2 2 2 2 2 2 2 2 2 2 2 2 2 2 2 2 2 2 2 2 2 2 2 2 2 2 2 10 2 2 2 2 2 2 2
left_child=2 11 12 27 5 7 37 8 16 -10 20 39 19 -14 -6 21 49 55 22 35 -9 61 33 -12 30 -4 41 28 -3 -22 -11 51 -27 56 38 -1 -17 -7 -29 -2 -28 -16 -42 45 -45 47 -47 50 -49 -5 -30 52 -23 -8 57 -18 -19 -26 -56 -53 -20 -13
right_child=1 3 25 4 14 6 53 10 9 24 23 15 13 -15 26 36 17 18 60 -21 29 31 -24 -25 54 32 40 34 43 -31 -32 -33 -34 -35 -36 -37 -38 -39 -40 -41 42 -43 -44 44 -46 46 -48 48 -50 -51 -52 59 -54 -55 58 -57 -58 -59 -60 -61 -62 -63
leaf_value=0.0032503863708683379 -0.00072442460449656163 0.0035757571377227162 -0.011823240100485148 0.0025605712927224689 -0.0064186318091407684 0.0058238190197330755 -0.0022750220440596871 0.0012518930727305861 -0.0019978819980081279 0.0089479086902312516 -0.00047403019818927799 0.0024063362865830579 -7.22711751637817e-05 -0.0060257647281605894 -0.00070983464943739027 -0.0036384893995833052 -0.0081126217334183733 0.0028488317936844151 0.0034943854175471926 -0.0055492649446822586 0.0035840085756747237 -0.0022991711576305163 0.0018694986926429073 0.0034773727502343749 0.0022689560915032749 -0.0032868037594082789 0.0047391570263483739 -0.0051671597041029688 -0.00017241795780289249 0.0093673156017004076 -7.2494122044493761e-05 -0.0045952999053153198 -0.013479369545789205 0.00076580936613276831 -0.004203634830732085 -0.0016432630032857374 -0.00899416708818432 0.0009480850203288845 0.0010304099065767552 0.002167739944623348 0.0019922989423858564 -0.0067698087060797177 -0.003234367690657393 0.00026287903502721148 0.0039283070253864584 0.0006356625148306286 -0.0036349982896246615 -0.0041590473590665221 0.011425628981861136 0.00035309882124996098 -0.013498969156952464 -0.002461823921287451 0.00053990081352765426 -0.0066044151181269455 0.003623338737065559 -0.0022427231371375512 -0.003894014029165325 -0.0024946008456055106 0.00988954769542124 -0.010911583348523636 0.01241018850187009 -0.009405663957198461
leaf_weight=829 3622 981 1196 2880 554 524 974 3232 1403 624 3705 1166 684 2354 658 2256 268 206 258 553 10556 2311 1923 1255 7487 440 603 326 14000 391 192 1482 146 1165 1423 944 424 2217 1160 1702 909 416 542 7980 1079 1339 2472 68 167 5226 51 3488 2957 886 1539 3132 1695 387 241 117 165 60
leaf_count=829 3622 981 1196 2880 554 524 974 3232 1403 624 3705 1166 684 2354 658 2256 268 206 258 553 10556 2311 1923 1255 7487 440 603 326 14000 391 192 1482 146 1165 1423 944 424 2217 1160 1702 909 416 542 7980 1079 1339 2472 68 167 5226 51 3488 2957 886 1539 3132 1695 387 241 117 165 60
internal_value=3.91858e-06 0.000319727 -0.00471792 0.000725042 0.00123645 0.00139781 -0.000633297 0.00159278 0.000979223 0.00225289 0.00251577 -0.00148611 -0.00301258 -0.00468535 -0.0010656 -0.00211564 8.53706e-05 -0.000882369 0.000262925 -0.000827779 0.0032119 -0.00156715 -0.000305929 0.00052577 0.0028225 -0.00985117 -0.000117528 -0.000200939 8.26805e-06 0.00379057 0.00682546 -0.00196916 -0.00582625 -0.00167036 -0.00222447 0.000644856 -0.00448581 0.00188018 -0.000329218 0.000200155 0.00141952 -0.00305709 3.99534e-05 -0.000120606 0.000699461 -0.000531116 -0.0021345 -0.00010339 0.00691602 0.0011374 -0.000220788 -0.00153053 -0.000705561 -0.0043373 0.00248415 -0.00270541 -0.00316333 0.00203483 0.00447174 -0.00273606 0.00697218 0.00182826
internal_weight=113990 106844 7146 87259 56213 52531 4601 47930 28791 11873 19139 19585 5364 3038 3682 14261 16918 8812 5412 2326 14179 11581 4989 4960 10470 1782 3128 31046 28137 10947 816 10355 586 3066 2909 1773 2680 2741 1486 5324 2054 1074 1451 27156 9059 18097 3811 14286 235 8106 14051 8873 5268 1860 9654 3400 1901 7874 1780 3605 423 1226
internal_count=113990 106844 7146 87259 56213 52531 4601 47930 28791 11873 19139 19585 5364 3038 3682 14261 16918 8812 5412 2326 14179 11581 4989 4960 10470 1782 3128 31046 28137 10947 816 10355 586 3066 2909 1773 2680 2741 1486 5324 2054 1074 1451 27156 9059 18097 3811 14286 235 8106 14051 8873 5268 1860 9654 3400 1901 7874 1780 3605 423 1226
is_linear=0
shrinkage=0.05


Tree=8
num_leaves=63
num_cat=0
split_feature=39 28 17 56 13 15 37 68 42 24 17 24 15 72 44 52 62 40 16 32 39 43 51 43 26 39 61 73 13 59 43 44 61 41 39 13 39 0 42 17 15 44 61 43 22 14 74 33 22 74 17 51 72 44 51 62 18 44 81 41 42 51
split_gain=61.9393 26.0677 18.3143 15.7756 13.285 10.8192 10.7148 9.32499 8.05954 7.41767 6.73352 6.69033 7.88851 6.43249 7.73459 6.3099 8.19617 6.1801 6.09582 6.03687 5.83819 8.55023 8.2966 5.70837 5.63628 6.6267 5.74144 4.9563 5.06625 4.65865 4.3539 4.16613 5.25445 4.14553 4.06184 4.05815 4.04205 3.95686 3.83195 3.75241 4.60524 3.70715 4.26257 5.38875 3.77049 3.6539 3.50507 3.43011 3.38983 3.22035 3.05267 3.01173 3.24219 3.49861 3.01015 3.03536 2.92912 2.92911 2.91511 2.91268 2.81336 2.76975
threshold=0.49168303731066093 0.68301270189221941 5.2644999927282337 1.0000000180025095e-35 216950.00000000003 -0.84700104331495807 1.0000000180025095e-35 0.11598456886298504 -0.25201030380761219 0.29937268766811836 29.631362507343294 -0.0028757460928223602 0.44120737058653609 25.365906607093972 15.580750036239627 0.71981905059825591 0.19869632985585597 0.011529647864701122 0.21993533735316032 0.80701297258563476 0.90274339385894109 4.3709998130798349 -0.019465378791605339 4.0120000839233407 107.29890441894533 0.95480686380950985 -0.17476139015255668 inf 24037050.000000004 0.071467419756084227 4.1099998950958261 20.145500135421756 -0.17820799156070297 1.1846501164079573 0.87126751169332162 71918.500000000015 0.34671794368791947 4.0802714519095309 -0.6066533076373396 59.736258745193489 2.3435353962831367 24.216250276565557 -0.05015331741549274 4.2400000095367441 97.92999649047853 34.642951697432331 0.56567693494731464 0.537069645032204 100.27000045776369 0.31307450516048829 4.1901599901914608 0.32733592692132202 27.569957591318069 19.255750060081485 0.10721284566802451 0.022603173237339961 92.380945054994484 17.447000074386601 1.7229354978182092 1.3384717447774033 -0.0094785121907982415 0.36152536500678761
decision_type=2 2 2 2 2 2 2 2 2 8 2 10 2 2 2 2 2 2 2 2 2 2 2 2 2 2 2 8 2 2 2 2 2 2 2 2 2 2 2 2 2 2 2 2 2 2 2 2 2 2 2 2 2 2 2 2 2 2 2 2 2 2
left_child=1 3 27 4 8 10 31 9 36 -7 33 13 -13 23 34 39 20 18 35 46 48 41 -23 -8 26 -26 -18 37 47 50 -14 51 -33 -3 49 -11 57 59 -34 40 -16 42 43 -22 54 -21 -5 61 -17 -15 -6 -4 -53 -54 55 -44 -27 -1 -32 -2 -37 -29
right_child=2 5 6 19 29 7 11 -9 -10 17 -12 12 30 14 15 16 24 -19 -20 45 21 22 -24 -25 25 56 -28 28 -30 -31 58 32 38 -35 -36 60 -38 -39 -40 -41 -42 -43 44 -45 -46 -47 -48 -49 -50 -51 -52 52 53 -55 -56 -57 -58 -59 -60 -61 -62 -63
leaf_value=-0.003738932097606726 -0.00084420706758684945 0.0010616263557780762 0.00017440973482807484 -0.0050711078684279286 -0.0014361531009765731 0.0062995055011370611 -0.0065879919977766309 -0.0037177621898756897 -0.002607605554226719 -0.00067926998402043483 -0.0098933235645922452 0.0012829382581946696 0.0014740731914108917 -0.0026812213942609981 0.0025234867420355807 0.00061928013531817121 0.0053966637166347345 -0.0021480888043021989 -0.0076419551368713022 -0.0066997104657072317 -0.0026755610814543267 -0.0014311527934937102 -0.0091387106006508342 -0.00024285589290982284 -0.00074642749061833602 0.0015299958289795447 0.0014543335126024582 -0.0004960878750490047 -0.012049460359972662 -0.0035757932380291544 0.0062469993850892561 0.00042077013614476733 -0.0047382716450081637 -0.0077404242834577773 0.0036784049025829165 0.0038052912937035794 -0.0025853127235572139 -0.001904055384091205 -0.0012104922124402807 0.00059892337445614666 -0.0070649522622519244 -0.0032082960829464199 0.0049401710873183376 0.0012613034166654034 -0.00031622368824178363 -0.011219867157123102 0.0001219083051099329 -0.0019730113974541293 0.0045617555866863625 0.0029489076347829269 0.0019226964665404651 -0.0016037032246933717 0.0055682713679843752 -0.0035178884689703706 0.0067317210660385171 -3.4238236030865839e-05 0.0052882543700780013 -0.01057739222090774 -0.0006234483932797424 0.0048804170188898426 -0.0012323628838801805 0.0049825928399044525
leaf_weight=194 314 426 17527 2617 1093 650 387 1120 1837 923 421 4561 826 504 8968 4094 1568 1439 166 1907 2282 866 585 4216 3631 1900 2247 3305 113 848 2045 2827 1222 195 4209 2254 293 585 2080 4313 127 1015 483 1404 1858 584 371 8217 629 512 1775 314 764 123 400 840 713 812 167 760 316 248
leaf_count=194 314 426 17527 2617 1093 650 387 1120 1837 923 421 4561 826 504 8968 4094 1568 1439 166 1907 2282 866 585 4216 3631 1900 2247 3305 113 848 2045 2827 1222 195 4209 2254 293 585 2080 4313 127 1015 483 1404 1858 584 371 8217 629 512 1775 314 764 123 400 840 713 812 167 760 316 248
internal_value=3.72265e-06 -0.00250462 0.00054529 -0.00394175 -0.00234254 -0.000264269 0.000832445 0.000456007 -0.00473911 0.00126927 -0.00501173 0.00121972 0.00259772 0.00100043 0.00118997 0.000941489 0.000464514 0.000627907 0.00171964 -0.00594171 -0.000298114 -0.00099807 -0.00453861 -0.000776327 0.0015605 0.000635368 0.00307467 -0.00115548 -0.00151289 -0.000320022 0.00457162 -2.99191e-05 -0.00116144 -0.0017023 0.00299348 0.00216454 -0.00775342 0.00140456 -0.00251605 0.00181358 0.0023896 -0.00037777 1.75763e-05 -0.00117601 0.00124616 -0.00775943 -0.00442633 -0.00141174 0.00114433 0.000156009 0.000642633 0.000340387 0.00276261 0.0043083 0.00293095 0.00178182 0.0025555 -0.00925864 0.0057283 0.00320674 0.00318588 -0.000113675
internal_weight=113990 20241 93749 12331 6852 7910 80207 6868 3136 5748 1042 55350 7599 47751 43148 37923 24515 5098 3659 5479 14456 9733 1451 4603 10059 6244 3815 13542 11883 3716 3038 24857 6129 621 5225 3493 1299 1659 3302 13408 9095 8282 7267 3686 3581 2491 2988 11770 4723 1016 2868 18728 1201 887 1723 1323 2613 1006 2212 1074 2570 3553
internal_count=113990 20241 93749 12331 6852 7910 80207 6868 3136 5748 1042 55350 7599 47751 43148 37923 24515 5098 3659 5479 14456 9733 1451 4603 10059 6244 3815 13542 11883 3716 3038 24857 6129 621 5225 3493 1299 1659 3302 13408 9095 8282 7267 3686 3581 2491 2988 11770 4723 1016 2868 18728 1201 887 1723 1323 2613 1006 2212 1074 2570 3553
is_linear=0
shrinkage=0.05


Tree=9
num_leaves=63
num_cat=0
split_feature=33 39 14 44 44 24 67 44 51 44 56 62 22 33 51 26 51 61 77 61 57 10 72 61 50 39 26 73 10 51 61 33 1 26 25 6 22 59 62 51 57 33 13 27 62 1 0 44 23 25 51 70 19 33 14 46 41 33 27 43 1 39
split_gain=56.1284 24.6883 19.8256 14.447 11.0208 10.6102 9.15004 8.06264 13.8591 7.52503 7.43206 12.3103 11.187 7.09029 7.26503 6.92108 10.2818 7.30988 6.87272 6.49571 6.33414 6.2339 5.99834 5.82087 5.55431 5.55098 5.49802 5.1578 5.05407 5.01133 4.94884 4.82023 4.76244 4.48037 4.42379 4.07659 4.02921 3.90389 3.88914 5.77108 3.87965 3.81246 4.50714 3.69504 3.59079 3.61385 3.56428 4.15612 3.56114 4.00533 3.8921 3.88761 3.49815 3.47918 4.0599 3.44675 4.11056 3.43153 3.35342 3.27123 3.15468 3.12582
threshold=1.0623067622679296 0.7755298496484293 54.207381844578968 15.580750036239627 15.580750036239627 0.18945490372331539 -1916.271687013545 24.216250276565557 -0.095514362170245268 22.817000102996833 1.0000000180025095e-35 0.20147564890919842 97.819999694824233 0.36453974498681591 0.024453260965018122 107.92645645141603 0.36152536500678761 -0.21741021159680804 0.0027731154890829478 -0.09998517227488353 0.90752181956630129 -0.27726815421546719 95.800736917068534 0.24869230323795949 58019.000000000007 0.2339972930577108 108.78065872192384 13.583271096934572 1.1451613650609764 -0.01775239377217713 -0.1301962861585364 0.61339714477180662 26.985000610351566 107.68481826782228 76.904270172119155 2.0646676212044186 100.27000045776369 0.033563490781297875 0.67273983305349894 0.3169079510514925 0.96658098828613725 1.9083478275148911 222650.00000000003 0.25000000000000017 0.48064711885974021 15.799999713897707 12.720457116233986 16.269000005722049 146.06157563233396 78.772304534912124 -0.06973183112058641 0.2770532639688747 58.437266737616362 0.44949707256490523 12.257627180919995 5.6712770462036142 2.2317131279344902 0.33848046801218956 0.6830127018922193 4.1099998950958261 20.115000724792484 0.95762640476877492
decision_type=2 2 2 2 2 8 2 2 2 2 2 2 2 2 2 2 2 2 2 2 2 2 2 2 2 2 2 10 2 2 2 2 2 2 2 2 2 2 2 2 2 2 2 2 2 2 2 2 8 2 2 10 2 2 2 2 2 2 2 2 2 2
left_child=1 3 5 21 23 28 9 10 55 46 11 15 38 14 59 17 18 32 35 41 -11 -1 34 44 53 -4 -21 61 43 57 -10 -18 -6 36 -19 -17 -26 52 39 -13 -23 42 -7 -2 45 -3 -5 -48 -14 50 -50 -51 -25 -8 -55 -9 -57 -22 -52 -12 -40 -15
right_child=2 4 25 6 7 19 24 8 30 20 13 12 48 27 -16 16 31 22 -20 26 29 40 -24 37 33 -27 -28 -29 -30 -31 -32 -33 -34 -35 -36 -37 -38 -39 60 -41 -42 -43 -44 -45 -46 -47 47 -49 49 51 58 -53 -54 54 -56 56 -58 -59 -60 -61 -62 -63
leaf_value=-0.0060573276323595193 0.0097771093182250426 0.0018680181280484355 -0.01063199169607979 -0.00068449664746682911 0.00027810202616973984 -0.0031526345476482892 -8.3273097808651122e-06 -0.0062449030444601226 -0.00092167455058661291 0.0064298168041358773 0.0030903782284129599 -0.0029519726680920459 0.0045233553001969955 -0.00090591166132010276 0.0047681635225341199 0.0023382284872545821 0.012238000497607227 0.0015395720380427282 -0.0014881912085203597 -0.0050616016037630281 -0.0027282903486906675 -0.0044021576293995042 -0.0036975288342217891 -0.0015453207318038484 0.00048786376901896694 -0.0025833560977974591 0.0011097878616331428 0.0038653893121244204 -0.0027236321657121846 -0.0016060138793413592 -0.0053890763582685628 -0.0028194134857392676 0.0060707532347141846 -0.0016075602271098225 -0.0015354221499913473 -0.00043863399159195136 -0.0049628411235910419 -0.0038814379864802358 -0.016539263442147203 0.0052539699333104886 -0.00070513257865125302 -0.0053478130425193941 0.00082619948989348451 0.0019025598076329411 0.0090046224979488752 0.004337256859601033 -0.0023456161852543622 0.0012750889513780425 0.0043362322193365088 -0.0013521726101547841 -0.0026928782835064081 0.003102564778541901 0.0035570873042333529 -0.0023368534372932514 -0.0062398154410855423 0.00083820979733876524 0.0058552730603372398 0.003598254513407376 0.0021266888513929191 0.0008220687645957138 -0.0027888927023944467 0.002016018073025583
leaf_weight=1385 243 2787 1118 8587 1322 1254 961 136 1000 804 2717 1119 1528 3683 2904 4012 273 1494 3065 4071 244 1102 2573 558 7118 265 396 939 326 933 1631 66 485 5985 5387 1971 356 438 81 265 1993 576 1646 385 277 3164 906 6331 2055 1527 389 721 844 2389 924 1861 523 1763 5000 3830 86 1218
leaf_count=1385 243 2787 1118 8587 1322 1254 961 136 1000 804 2717 1119 1528 3683 2904 4012 273 1494 3065 4071 244 1102 2573 558 7118 265 396 939 326 933 1631 66 485 5985 5387 1971 356 438 81 265 1993 576 1646 385 277 3164 906 6331 2055 1527 389 721 844 2389 924 1861 523 1763 5000 3830 86 1218
internal_value=3.53652e-06 0.000352849 -0.00352051 -0.000586362 0.000986497 -0.00265479 -0.000264145 0.000728345 -0.00115285 0.00048134 0.000927279 0.000509509 0.00172972 0.00184033 0.00268668 -0.000245204 0.000757432 -0.00108099 0.000437126 -0.00325319 0.00249711 -0.00326918 -0.00163792 0.00270988 -0.00108677 -0.00908977 -0.00451451 0.000470657 0.00232748 0.00142164 -0.00369109 0.00930647 0.00183285 -0.000588112 -0.000867781 0.00142344 0.000228237 0.000239034 -0.00225047 -0.00138075 -0.00202149 -0.00163228 -0.000894303 0.00494956 0.00343987 0.00318085 4.40389e-06 0.000821813 0.00227992 0.00192623 0.0024848 7.65933e-05 0.00152631 -0.00265707 -0.00342539 0.00149719 0.00193885 0.00282911 0.00177879 0.00176342 -0.00945823 -0.000179752
internal_weight=113990 103710 10280 41781 61929 8897 37301 53861 5151 19568 48710 33419 12771 15291 9451 20648 9387 11261 9048 7943 3744 4480 9454 8068 17733 1383 4467 5840 954 2940 2631 339 1807 13459 6881 5983 7474 1840 1551 1384 3095 3476 2900 628 6228 5951 15824 7237 11220 9692 7444 2248 1402 4274 3313 2520 2384 2007 5389 6547 167 4901
internal_count=113990 103710 10280 41781 61929 8897 37301 53861 5151 19568 48710 33419 12771 15291 9451 20648 9387 11261 9048 7943 3744 4480 9454 8068 17733 1383 4467 5840 954 2940 2631 339 1807 13459 6881 5983 7474 1840 1551 1384 3095 3476 2900 628 6228 5951 15824 7237 11220 9692 7444 2248 1402 4274 3313 2520 2384 2007 5389 6547 167 4901
is_linear=0
shrinkage=0.05


Tree=10
num_leaves=63
num_cat=0
split_feature=39 50 14 44 56 39 25 69 51 43 38 17 33 51 55 62 59 56 41 55 31 62 77 33 67 33 60 6 59 44 15 63 65 81 52 26 6 51 29 1 34 58 39 42 14 41 52 53 15 17 68 24 50 22 51 64 69 51 52 15 43 62
split_gain=52.9531 19.3905 22.2521 16.0366 13.7316 12.9098 10.4753 10.0883 9.70374 13.5829 9.22531 8.60655 7.64575 6.87721 6.45753 7.98132 5.89182 5.71165 6.91577 5.96431 5.15129 5.06585 4.56249 4.49281 4.48733 4.40805 4.35529 4.3289 4.30604 4.2337 4.0028 3.90425 3.89573 3.88162 3.87737 3.834 6.08776 4.45976 4.25632 3.67711 3.65288 5.2091 3.60662 3.53254 3.52049 3.38077 3.36406 3.34275 3.24034 3.23716 3.1713 3.1364 3.11915 3.0971 3.31119 3.14091 3.05389 3.04244 2.91957 3.01411 2.887 2.88214
threshold=0.49798232553976934 187750.00000000003 34.642951697432331 22.817000102996833 1.0000000180025095e-35 0.80445992601167482 78.391860961914077 0.020765001871102532 -0.1095649547737491 4.3115000724792489 0.0018426948581331539 14.582588651180268 1.7579776317641918 -0.019465378791605339 -0.014744519345755823 0.3926979937859813 0.032073537988163148 1.0000000180025095e-35 1.8088901282817966 0.0076197785581842989 42.589522542498166 0.063814723523402478 0.0026428647372039068 1.9083478275148911 -3280.4294076202623 2.0970918246433583 0.011113515527418351 0.69752401576707113 0.046858861359487629 19.616500115394594 1.6944127654629295 0.86241079884842498 -0.036231446433833386 -1.2016149845361797 0.71423529624854343 107.58430099487306 4.0203146777874279 0.024453260965018122 -0.013895434583503228 19.159999847412113 0.12868141395101632 1.1530902879441514 0.9749148552421848 4.7845261583353471 135.869136950117 3.3452632331988164 0.71423529624854343 -0.0060060368134073634 0.14700917065056954 9.5875822222232845 0.040901499615086274 -0.013844946107735458 3022950.0000000005 98.305000305175795 -0.076481695672449349 0.0083688268851001783 -0.02141558668385057 0.043979123373282393 0.71981905059825591 3.2123171461362579 4.1494998931884775 0.097645924358496186
decision_type=2 2 2 2 2 2 2 2 2 2 2 2 2 2 2 2 2 2 2 2 8 2 2 2 2 2 2 2 2 2 2 2 2 2 2 2 2 2 2 2 2 2 2 2 2 2 2 2 2 2 2 10 2 2 2 2 2 2 2 2 2 2
left_child=1 2 6 4 25 17 33 8 10 22 32 16 39 -11 15 -13 34 21 44 -20 43 47 40 46 -8 29 31 -23 -21 -3 -12 -6 -7 -1 -9 38 37 -37 -22 -5 41 -10 45 -16 -19 -15 -18 -2 -36 51 -50 60 -30 55 -55 -29 -35 -41 59 -24 -48 -40
right_child=5 3 -4 12 26 7 24 11 9 13 30 14 -14 42 20 -17 23 18 19 28 35 27 58 -25 -26 -27 -28 53 52 -31 -32 -33 -34 56 48 36 -38 -39 61 57 -42 -43 -44 -45 -46 -47 49 -49 50 -51 -52 -53 -54 54 -56 -57 -58 -59 -60 -61 -62 -63
leaf_value=0.0053996818221954479 0.0011199872944080396 0.0005215496241468392 -0.0089751621367540717 -0.0012533844297852694 -0.0053460304172958913 0.0051427708003625346 0.0038722019687145491 0.0043559274491974387 0.0011031901175705095 -0.0014397079628767828 -0.0013203388783925725 -0.0012301111688224548 -0.0085010647923789099 -0.0050630383341972252 0.0032676800277125144 0.0037158077802918604 -0.0044643300645705649 -0.00012482799101996701 -0.0014167515106305801 -0.0022488239917315936 0.0030890398416493032 -9.3295903775417901e-05 0.00057186604276839037 -0.015171152600568944 -0.0013394676342116355 -0.006381897428401645 -0.006790277382374566 -0.00041436779796403259 -0.0061707876969497501 -0.0029776351528809507 0.005867307305566654 -0.0010055467541277196 0.0018442828936118994 -0.001420870803635773 -0.00076730215950640513 0.0023044595781301167 0.00029357214539261226 0.0046493449177842242 -0.00076217668188957545 0.0058186263639574643 0.0083973110051980878 -0.0067576420254692061 -0.0098613013178655735 0.0073985816621815435 -0.0030497444391895884 0.0059462271005225678 0.0025025227543123488 -0.0015955045693649185 0.0028605838064874925 -0.0036776249797877691 -0.00095637986476324781 0.0068591814132870276 -0.013431666187920369 0.0038493283239952043 0.0012699644111916081 0.0062114706383092711 -0.0045853782428483571 0.00060526331709566676 -0.0023032248355878892 -0.010112921745680712 -0.0013512017037800167 0.0015143110719489773
leaf_weight=111 1509 4806 1806 305 967 1737 648 827 7316 2343 2042 3002 135 993 3294 1120 632 10134 2017 475 1891 6992 2248 58 1139 294 1212 2161 474 1054 214 1116 1847 919 2208 6038 2472 3053 2863 1322 165 217 399 614 1145 75 712 4552 1976 620 751 173 215 2102 3049 195 4474 355 2141 68 1531 2703
leaf_count=111 1509 4806 1806 305 967 1737 648 827 7316 2343 2042 3002 135 993 3294 1120 632 10134 2017 475 1891 6992 2248 58 1139 294 1212 2161 474 1054 214 1116 1847 919 2208 6038 2472 3053 2863 1322 165 217 399 614 1145 75 712 4552 1976 620 751 173 215 2102 3049 195 4474 355 2141 68 1531 2703
internal_value=1.09462e-05 -0.00227942 -0.00400649 -0.000921026 -0.00180228 0.000517847 -0.00277573 0.000973365 0.00012227 -0.000515676 0.00186624 0.00148128 0.00301236 -0.00312061 0.00193576 0.000113758 0.000185567 -0.000241043 -0.00100246 -0.00306147 0.00226332 0.000294465 0.000300844 -0.00136387 0.000550382 -0.000407562 -0.00440717 0.000801909 -0.00591147 -0.000107826 -0.000638532 -0.00302055 0.00344291 -0.00385563 0.00118751 0.0019236 0.00249369 0.00309193 0.00103962 0.00379657 0.00103794 0.000876746 -0.00580524 0.0039167 -0.000421754 -0.00428992 -0.00114554 -0.000919432 0.000656549 -0.000454672 0.00180941 0.000372411 -0.00843652 0.0016357 0.00232254 0.000134036 -0.00404613 0.00471502 -0.000972252 0.00025815 -0.000127906 0.000343347
internal_weight=114026 20663 9097 11566 9449 93363 7291 58343 21805 15965 5840 36538 2117 3810 27050 4122 9488 35020 14460 3181 22928 20560 12155 3726 1787 6154 3295 14499 1164 5860 2256 2083 3584 5504 5762 19020 11563 9091 7457 1982 7698 7533 1467 3908 11279 1068 3668 6061 4935 3036 2727 2416 689 7507 5151 2356 5393 1677 4457 2316 2243 5566
internal_count=114026 20663 9097 11566 9449 93363 7291 58343 21805 15965 5840 36538 2117 3810 27050 4122 9488 35020 14460 3181 22928 20560 12155 3726 1787 6154 3295 14499 1164 5860 2256 2083 3584 5504 5762 19020 11563 9091 7457 1982 7698 7533 1467 3908 11279 1068 3668 6061 4935 3036 2727 2416 689 7507 5151 2356 5393 1677 4457 2316 2243 5566
is_linear=0
shrinkage=0.05


Tree=11
num_leaves=63
num_cat=0
split_feature=39 28 56 39 13 33 69 23 59 29 38 61 55 11 68 42 74 39 24 56 61 32 47 68 15 4 59 33 42 13 67 0 62 59 1 74 69 55 79 5 73 59 3 55 61 50 48 50 58 2 61 63 81 15 33 14 15 74 13 62 28 11
split_gain=47.7971 20.8464 14.7979 11.8959 10.7496 9.57878 9.25526 9.34741 10.7567 9.02938 9.41543 10.7926 9.00024 7.81389 6.72677 5.91881 5.83021 5.6463 5.23819 5.1079 6.81584 5.0183 4.65388 5.05111 5.0575 4.6522 4.55288 4.46206 4.4238 4.3475 4.01775 3.96177 3.93684 3.88153 3.57959 4.00254 3.46357 3.40722 4.05362 3.33088 3.32791 3.29904 3.2549 4.12522 4.44612 3.22823 3.19663 3.16787 3.12372 3.0612 3.5904 3.05807 3.0304 3.02424 2.94953 2.90783 3.64093 2.89358 2.87439 3.27512 3.32931 2.8671
threshold=0.49168303731066093 0.68301270189221941 1.0000000180025095e-35 0.80445992601167482 240150.00000000003 1.4049233682473408 0.042975139208921938 236.83159218636018 0.037465952551596023 -0.014544811172801929 -0.017432907033521846 -0.12094234498182273 -0.013133203939605874 28.205134903999646 0.11598456886298504 -0.30038159366114531 0.21119075388427608 0.178989819176158 0.35779680792936719 1.0000000180025095e-35 0.33787455865173915 0.79900900301371036 -0.30554100212301621 0.062533463213781185 0.43128640216097885 2.4908503275526948 0.018869305341908265 2.373915015232698 4.7845261583353471 16834.000000000004 93740.42972068493 6.7017336983278879 0.45211483762487636 0.025894663009034372 16.819999694824222 0.85822737939484373 0.10136179030223169 1.0000000180025095e-35 0.9104439390832707 2.3000428676605229 3.9385788526958696 0.076066614166918164 0.27051708617434406 0.02010073132586521 -0.11483115490334699 3022950.0000000005 0.0013541104873015521 89950.000000000015 1.1355398237735768 8.0709305369765456 -0.28757099608183107 0.95220581558803985 0.92010944893881208 -0.92465956948605743 0.46263360476011212 2.756012014895322 -0.82038895336013462 0.71427004220504264 673050.00000000012 0.073406957356498562 0.68301270189221941 36.111107782680698
decision_type=2 2 2 2 2 2 2 8 2 2 2 2 2 2 2 2 2 2 8 2 2 2 2 2 2 2 2 2 2 2 2 2 2 2 2 2 2 2 2 2 8 2 2 2 2 2 2 2 2 2 2 2 2 2 2 2 2 2 2 2 2 2
left_child=1 2 4 19 15 13 9 28 12 49 11 51 32 53 18 -1 54 25 -15 22 40 46 26 29 -25 61 -2 55 -8 -24 52 -20 -9 -31 -34 -36 -10 38 -18 -35 -21 -42 43 58 -45 -38 -4 -33 -19 -5 -51 -11 -22 -3 -14 56 -6 -23 -12 -60 -61 -7
right_child=3 5 21 6 27 17 7 8 36 10 42 -13 16 14 -16 -17 37 48 31 20 30 57 23 24 -26 -27 -28 -29 -30 33 -32 47 34 39 35 -37 45 -39 -40 -41 41 -43 -44 44 -46 -47 -48 -49 -50 50 -52 -53 -54 -55 -56 -57 -58 -59 59 60 -62 -63
leaf_value=-0.0067554597925631402 -0.0017875289184428452 -0.0059424612497289975 -0.0050773059657637093 -0.0010877807311151309 0.0086094307470811551 0.0024056797885956866 0.0031305774366273765 -0.00074657546898179077 -0.002494893073239119 0.0019875496401149024 0.0010501402884017942 -0.0085303274410392198 0.0010700095934854763 0.0053981340589234613 -0.0041289364200645367 -0.002344188491688342 0.0011437048889091567 0.0035405131549328221 0.00085715604959730898 0.0061732975965276124 -0.0017520982189503315 -0.0074074194653359323 -0.0035369796164721034 -0.00081416937343722082 -0.0050627519223993096 -0.011066172674960083 0.001886933050006683 -0.0082309540014116559 0.0078406195833888252 -0.00056631405846823638 -0.006533772073021811 -0.0074572278638408212 0.0066357053923191594 -0.0010622746333719538 -0.0015365444350436948 0.007689049415770666 -0.00051169288618430162 0.003666479665827053 0.0035435849845405782 0.0021825978477006624 -0.00039705927887289663 -0.0051388468529468788 -0.00053797583928072944 0.0057804074097714646 0.00077084722761909118 0.0062023062424977193 -0.0014501838469966341 -0.0011283314993461866 -0.003981027702893109 0.0044831426921257012 0.0015946298188897466 -0.0042773340692702898 -0.01335344777506744 0.0043723825552129817 -0.0027605038264396542 0.0012115669795152292 -0.0030377205819275836 0.0014000912758608149 -0.0024900121281106816 0.002125837902869597 -0.0014660139287526002 -0.0069591901324216332
leaf_weight=1228 988 75 2098 680 73 144 3186 4635 2337 566 5319 698 3326 485 958 1997 4845 261 2802 187 1908 2415 647 3835 857 368 5745 159 591 3545 688 267 366 972 531 151 808 5301 2763 4244 11406 379 10090 765 1052 230 855 762 293 1556 3486 297 58 1353 592 2515 830 97 1588 1339 1245 189
leaf_count=1228 988 75 2098 680 73 144 3186 4635 2337 566 5319 698 3326 485 958 1997 4845 261 2802 187 1908 2415 647 3835 857 368 5745 159 591 3545 688 267 366 972 531 151 808 5301 2763 4244 11406 379 10090 765 1052 230 855 762 293 1556 3486 297 58 1353 592 2515 830 97 1588 1339 1245 189
internal_value=1.03989e-05 -0.00219426 -0.00348714 0.00048573 -0.00193054 -0.000201079 0.000924697 0.00154395 0.0012049 0.000284265 -0.000158628 -0.00390748 0.00159957 0.000549628 -0.000338745 -0.00402389 0.00218059 -0.00421003 0.000502544 -0.000236532 -0.000952743 -0.00542456 0.000266291 -0.000250121 -0.00159018 -0.00719147 0.00134774 -4.31787e-05 0.00386757 0.000418198 -0.00324519 -0.000117232 -0.000120811 0.000710288 0.00264676 0.000506072 -0.0014274 0.00269333 0.00201527 0.00157792 -0.000444543 -0.000549553 0.000114853 0.000697366 0.00287999 0.000975995 -0.00402712 -0.00277052 -0.000437486 0.00206133 0.00248605 -0.0001685 -0.00209436 0.00383064 0.000491229 0.000337704 -0.00209615 -0.00706732 0.000279514 -0.000702979 0.000395244 -0.00290952
internal_weight=114026 20224 12267 93802 6802 7957 58343 29662 25885 28681 22959 1561 22510 6702 5274 3225 16827 1255 4316 35459 14626 5465 20833 14100 4692 701 6733 3577 3777 9408 2654 3831 5683 8761 1048 682 3375 12909 7608 5216 11972 11785 21398 11308 1817 1038 2953 1029 554 5722 5042 863 1966 1428 3918 3418 903 2512 9491 4172 2584 333
internal_count=114026 20224 12267 93802 6802 7957 58343 29662 25885 28681 22959 1561 22510 6702 5274 3225 16827 1255 4316 35459 14626 5465 20833 14100 4692 701 6733 3577 3777 9408 2654 3831 5683 8761 1048 682 3375 12909 7608 5216 11972 11785 21398 11308 1817 1038 2953 1029 554 5722 5042 863 1966 1428 3918 3418 903 2512 9491 4172 2584 333
is_linear=0
shrinkage=0.05


Tree=12
num_leaves=63
num_cat=0
split_feature=39 39 6 44 13 44 26 61 31 67 11 61 33 43 61 43 38 50 33 47 15 1 51 72 14 25 2 32 28 32 25 26 73 33 28 10 41 46 33 15 55 51 43 1 77 47 61 33 50 5 51 51 1 55 33 48 68 31 41 70 13 58
split_gain=43.7596 20.1816 17.2186 11.2401 8.72276 8.43179 7.24243 7.34671 6.78243 6.65228 6.0255 5.66677 5.40851 5.00824 5.71862 8.0302 7.63359 6.63042 4.97699 4.76051 4.73878 4.47297 4.28192 4.2114 4.19883 4.11351 4.02349 4.66646 4.63903 5.37109 3.96017 3.93978 3.70019 3.68419 3.6445 3.39324 3.38629 3.30493 3.28946 3.27733 4.21365 3.54108 3.2306 3.22531 3.26253 3.09283 3.11748 3.07837 3.03681 3.02097 2.98124 2.95967 6.97878 2.91293 2.84545 2.77462 4.27421 2.76903 2.76257 2.75206 3.18248 2.72719
threshold=0.2339972930577108 0.78370072520067924 0.96999992643083843 15.580750036239627 90212.500000000015 15.580750036239627 107.58430099487306 -0.24872594423870106 45.596774950046758 1164.3554589999819 36.363633923804244 0.34724280921447964 0.65111466094946813 4.0535001754760751 -0.15857216788815151 4.2654998302459726 0.0018426948581331539 1.0000000180025095e-35 0.52202270412192486 0.110027912193448 0.4051635466364763 19.085000038146976 -0.031613145176473324 13.005984230778447 5.585270278432664 78.772304534912124 2.8104294509266201 0.33047584901455268 -0.68301270189221941 0.82440512047537073 77.577304840087905 108.78065872192384 13.895187706002238 0.53325751871329541 -0.68301270189221941 -0.17148309171392714 2.1370226378740163 1.8108614683151247 1.1937234273704134 0.41342657883337203 -0.0095696381415945036 0.46607666285644628 4.3115000724792489 16.510000228881839 0.017220399570706632 1.2468322512345689 -0.50095854525531092 0.58142818118099415 106950.00000000001 116.65431213378908 0.4168437033123869 1.0000000180025095e-35 23.650000572204593 -0.014744519345755823 0.96636478425374295 -0.15652695725908702 0.075095406609198459 2618.7052623511845 1.2664070220305332 -0.31781106880008042 505540.00000000006 1.1029400181530467
decision_type=2 2 2 2 2 2 2 2 8 2 2 2 2 2 2 2 2 2 2 2 2 2 2 2 2 2 2 2 2 2 2 2 8 2 2 2 2 2 2 2 2 2 2 2 2 2 2 2 2 2 2 2 2 2 2 2 2 8 2 10 2 2
left_child=2 3 10 11 18 12 7 23 20 13 31 35 19 33 16 -16 -15 -18 -5 -3 34 37 -17 -6 -22 -24 61 -28 29 -29 -20 38 -25 -10 -7 -2 -13 -11 42 41 54 59 -1 -12 -45 -23 -47 -43 -4 -14 -21 -30 -53 -40 -41 -34 -57 -42 -32 -8 -61 -9
right_child=1 5 48 4 6 8 39 26 9 21 43 36 49 14 15 22 17 -19 30 50 24 45 25 32 -26 -27 27 28 51 -31 58 -33 55 -35 -36 -37 -38 -39 53 40 57 47 -44 44 -46 46 -48 -49 -50 -51 -52 52 -54 -55 -56 56 -58 -59 -60 60 -62 -63
leaf_value=-0.0012611589723896673 -0.0033794970822085971 0.0014415158924690353 -0.0097662060863513041 0.00015092760303856963 -0.0037401083142793281 0.0036539831651513609 0.0015800191878586663 -0.00065392605696360678 0.0031500294402826146 -0.0051157644958168807 -0.0063205077474609286 -0.0037587520257749058 -0.0018545426478320201 0.0037324639107324965 0.00086870294591238114 -0.0004049350529005967 0.0069907154781352681 -0.00062441475951213353 -0.0040087138443110227 0.0036802958500546617 -0.0026709477470254349 -0.00048552312673702085 -0.0054592166098393182 0.0079063578987518708 0.0039950772789556161 0.00015444021241209767 -0.0014739603887232557 -0.00032227557288876547 0.0025560660259375066 -0.0088340426229862722 0.00038366068659400232 0.0049644201718635761 0.0037126038975397891 -0.0016383834600820727 0.00027035942310390317 2.4254140242008905e-06 -0.0087021836570736564 0.0005134023540709949 0.0051790226047906361 -0.0022537253936042614 0.00014691570317627837 0.0094370014362142127 0.0048176019073972245 -0.0022258309131971358 -0.0097881864974057528 0.0034380406505935008 -0.0030057407899725789 0.0013073351851855572 -0.00515169993373294 0.010426187983555895 0.0096765399413098682 0.0015848954216799134 -0.0037729187142020539 -0.0050704800986489029 0.0033174428155387952 0.0021052629945109503 -0.0029234504328714359 -0.0061753097259111094 -0.0026320402116960895 0.00024934935054103842 -0.0016736774795041078 -0.0045775775528261523
leaf_weight=765 1311 3345 1139 2436 281 1004 1174 1277 3547 266 934 1422 908 2939 8400 1995 319 2750 2558 3588 257 7789 1154 303 2923 455 2479 1237 3461 218 1319 296 1933 453 3838 1708 458 13196 78 664 219 142 306 1930 154 204 2349 647 519 53 220 3134 754 623 350 2670 502 828 1790 3344 6033 678
leaf_count=765 1311 3345 1139 2436 281 1004 1174 1277 3547 266 934 1422 908 2939 8400 1995 319 2750 2558 3588 257 7789 1154 303 2923 455 2479 1237 3461 218 1319 296 1933 453 3838 1708 458 13196 78 664 219 142 306 1930 154 204 2349 647 519 53 220 3134 754 623 350 2670 502 828 1790 3344 6033 678
internal_value=9.87893e-06 0.000255463 -0.00389681 -0.00054625 -0.000272182 0.000842072 9.55011e-05 0.000725225 0.000615621 0.000380792 -0.00245432 -0.00280811 0.00234462 0.00100732 0.00065191 2.16256e-05 0.00191122 0.000167122 -0.0017391 0.00281778 0.0019568 -0.000198572 -0.00195269 0.00222791 0.00345635 -0.00387176 7.94486e-05 0.000442294 0.000981866 -0.00159758 -0.00255154 -0.000375279 0.00253801 0.00260774 0.000971962 -0.00146617 -0.00496306 0.000402174 -0.00126724 -0.000793894 -0.00262802 -0.000460549 0.00047563 -0.00387892 -0.00278466 -0.000980552 -0.00249084 0.00277047 -0.00832174 -0.00117725 0.00402672 0.00149256 0.000545854 -0.00393002 -0.000330738 0.00221938 0.00130942 -0.0048529 -0.00135262 -0.000702164 -0.000987893 -0.00201466
internal_weight=114026 107282 6744 45330 40431 61952 32328 18927 53838 45816 5086 4899 8114 22012 18012 12004 6008 3069 8103 7153 8022 23804 3604 5689 3180 1609 13238 11283 8804 1455 5667 2068 5408 4000 4842 3019 1880 13462 1772 13401 2061 11340 1071 3018 2084 10342 2553 789 1658 961 3808 7349 3888 701 1014 5105 3172 1047 3109 10551 9377 1955
internal_count=114026 107282 6744 45330 40431 61952 32328 18927 53838 45816 5086 4899 8114 22012 18012 12004 6008 3069 8103 7153 8022 23804 3604 5689 3180 1609 13238 11283 8804 1455 5667 2068 5408 4000 4842 3019 1880 13462 1772 13401 2061 11340 1071 3018 2084 10342 2553 789 1658 961 3808 7349 3888 701 1014 5105 3172 1047 3109 10551 9377 1955
is_linear=0
shrinkage=0.05


Tree=13
num_leaves=63
num_cat=0
split_feature=39 39 14 69 51 43 51 51 38 56 33 51 62 40 60 28 55 50 39 65 76 70 48 6 55 29 51 74 74 72 55 13 38 38 44 41 31 74 60 61 61 44 38 74 6 51 51 24 33 40 62 72 52 73 62 81 76 31 33 51 16 61
split_gain=39.493 18.3028 15.8858 11.1062 8.77814 7.34354 22.0417 6.91426 6.83965 6.66573 14.2581 10.6262 7.48045 7.15467 6.49372 6.06107 6.05446 6.80787 5.70193 5.60659 5.58624 5.33398 5.0658 4.9376 4.78531 4.74761 5.64915 5.92852 4.59005 4.40381 4.38264 4.13524 4.0832 3.88749 3.76416 3.75299 5.28527 3.72696 3.52203 3.43438 3.37641 8.45765 3.37213 3.10141 3.04289 3.01519 2.97771 2.97462 2.96775 2.9079 4.51952 3.7679 2.89129 2.84671 4.10515 2.82489 2.81797 2.81632 3.18736 4.85561 3.32972 2.81053
threshold=0.2339972930577108 0.74579060230989469 34.642951697432331 0.042975139208921938 0.03273114537806758 4.3115000724792489 -0.076481695672449349 0.067084808036060969 -0.0046391731227925495 1.0000000180025095e-35 0.61339714477180662 0.40106316446021406 0.3926979937859813 0.0105866736950504 0.011113515527418351 0.68301270189221941 0.0076197785581842989 6349050.0000000009 0.88856867836573172 -0.4778802548496997 0.01110638205994665 -0.12402638886790783 -0.10236688954281468 1.9248070879925672 -0.015719301771059287 -0.002265349087864021 0.17483942606011132 0.86234993146195504 -0.2215083377463426 49.713777904350032 0.0076197785581842989 1.0000000180025095e-35 -0.0018184297784152868 -0.0018184297784152868 24.216250276565557 2.0225740138495252 1.5956088386502614 0.032878832815975749 0.0098559514632663454 0.013001057890153144 -0.091095127880359325 18.926750111579899 0.00488162345985066 0.76252173680634805 8.7604872235244695 0.3169079510514925 -0.18212483601076668 -0.0066318180869693851 0.44949707256490523 0.0052333025015851584 0.038584057733122089 77.893153097115132 0.72256691354152813 4.0878392232141598 0.56662213023923269 0.96867387015944151 -0.019429336644647487 6.3898955030964499 0.56841331373665605 0.50597773811092728 0.048285750738637286 -0.10590980588807317
decision_type=2 2 2 2 2 2 2 2 2 2 2 2 2 2 2 2 2 2 2 2 8 10 2 2 2 2 2 2 2 2 2 2 2 2 2 2 10 2 2 2 2 2 2 2 2 2 2 8 2 2 2 2 2 8 2 2 10 10 2 2 2 2
left_child=2 3 15 4 22 9 20 29 -6 12 11 18 25 28 35 24 23 -18 30 -15 48 -17 -2 -12 -1 -3 40 -28 39 -8 -11 -22 37 46 -24 53 -37 -9 -30 -14 41 -27 -38 -26 -4 -29 -33 -36 -7 51 -51 52 -42 54 -5 -55 -50 58 59 60 -16 -31
right_child=1 5 44 14 8 6 7 32 -10 10 16 -13 13 19 57 21 17 -19 -20 -21 31 -23 34 -25 43 26 27 45 38 61 -32 33 -34 -35 47 36 42 -39 -40 -41 49 -43 -44 -45 -46 -47 -48 -49 56 50 -52 -53 -54 55 -56 -57 -58 -59 -60 -61 -62 -63
leaf_value=0.0022900047441668761 0.0019299190235717815 0.0010328508777467174 -0.0067560054883650054 -0.0011994329889515234 -0.0042172019906357812 0.0021154671908299289 0.0013857953897205189 -0.0025708636973501633 -0.0004539602966713008 -0.00031259678510965985 -0.00096068758596549477 0.0079769445969484244 0.013763706650878572 -0.013798864981047168 -0.0029413231130231759 0.0026938862273108485 -0.0021454619456698744 -0.011074451728211534 0.0025061479312308336 0.000797213713782472 0.0055935145232152645 -0.0025189750960894993 -0.00079140478796996261 0.0042804392287009952 -0.0046105984750628957 -0.0034886298677898639 0.00063356867344112951 0.0026999125868039011 0.0036797251952687335 -0.00075068304084928688 0.0020886531505055999 0.0045241058683033793 -0.0035605206102880893 -0.00037589748185672491 0.0095751275416816883 -0.0038693684050313051 -0.0042355183882600801 -0.012327412852567485 0.00053854623290454265 0.0042757795483579115 0.0017575287018604759 0.0011328108194568422 0.0071238641410933017 0.0076143753064690902 -0.012786595357930242 0.010967734871932117 0.0009063403360269021 0.0013232538101439761 0.00077287613591168949 0.0032579542568419127 -0.00058711534766957079 -0.0025204524657329737 -0.0014992276608751154 -0.00066251274204795864 0.010848686608772438 -0.006942379915738827 0.0097801499954774038 -0.0077136376584683993 -0.0040510832548940169 0.013571111985516769 0.0024584191184036496 -0.0036610085619463864
leaf_weight=304 6614 9178 1727 155 1475 466 858 135 6655 4128 1676 740 157 116 1217 944 1338 254 13296 152 439 1022 4706 614 2456 2966 2040 211 2122 1304 3521 852 629 4079 116 1889 98 356 1540 243 1472 1486 196 53 238 231 1711 1866 113 1270 1919 2223 1269 11152 130 182 375 323 2322 54 373 2280
leaf_count=304 6614 9178 1727 155 1475 466 858 135 6655 4128 1676 740 157 116 1217 944 1338 254 13296 152 439 1022 4706 614 2456 2966 2040 211 2122 1304 3521 852 629 4079 116 1889 98 356 1540 243 1472 1486 196 53 238 231 1711 1866 113 1270 1919 2223 1269 11152 130 182 375 323 2322 54 373 2280
internal_value=9.38499e-06 0.00024269 -0.00370197 -0.000612423 0.000157641 0.000741467 -0.000297413 -0.00271704 -0.00113671 0.00100227 0.00158888 0.00208847 0.000477775 0.00239219 -0.0015247 -0.0021459 -0.00120182 -0.00357006 0.00188042 -0.00552049 0.0013775 -1.59532e-05 0.000948733 0.000444575 -0.00363452 0.000136156 -0.000409338 0.00177103 0.00291424 -0.00183183 0.00079275 0.000893596 -0.00622785 0.000582957 -2.15976e-05 -0.000996629 -0.00289878 -0.00964486 0.00235875 0.00799979 -0.000838667 -0.00194607 0.0033374 -0.00435236 -0.00748643 0.00702088 0.00210897 0.00180621 0.00496929 -0.00023396 0.00094416 -0.000990815 0.000249749 -0.000639249 0.0042962 -0.000763354 0.00769445 -0.00322403 -0.00285839 -0.00117382 -0.00167459 -0.00260212
internal_weight=114026 107282 6744 39523 21432 67759 13597 5562 8130 54162 25567 21685 28595 4330 18091 4779 3882 1592 20945 268 8035 1966 13302 2290 2813 24265 15087 2482 4062 4442 7649 7081 1120 6642 6688 13802 2183 491 3662 400 12605 4452 294 2509 1965 442 2563 1982 954 8153 3189 4964 2741 11619 285 11334 488 4289 3966 1644 1590 3584
internal_count=114026 107282 6744 39523 21432 67759 13597 5562 8130 54162 25567 21685 28595 4330 18091 4779 3882 1592 20945 268 8035 1966 13302 2290 2813 24265 15087 2482 4062 4442 7649 7081 1120 6642 6688 13802 2183 491 3662 400 12605 4452 294 2509 1965 442 2563 1982 954 8153 3189 4964 2741 11619 285 11334 488 4289 3966 1644 1590 3584
is_linear=0
shrinkage=0.05


Tree=14
num_leaves=63
num_cat=0
split_feature=39 28 56 50 46 33 37 11 68 73 42 73 15 25 33 61 43 51 80 15 50 13 67 24 74 55 44 61 43 6 32 33 0 28 51 14 51 58 4 70 50 77 6 42 51 42 21 51 33 44 62 44 20 33 61 33 50 50 33 56 62 32
split_gain=36.0229 16.6653 11.9086 9.25607 9.23278 7.88089 7.46734 6.54272 5.83442 5.58584 5.03529 4.80524 7.17596 5.6639 7.11944 5.92245 12.6201 7.98484 7.08641 4.60298 4.51125 4.44137 4.415 4.23532 4.1614 4.0978 3.96003 4.16633 3.95762 4.06632 3.7817 3.77513 3.73831 3.51663 3.36433 3.3383 3.31381 3.28849 3.22058 3.5089 3.16867 3.1046 3.64058 3.0375 2.95346 2.93825 2.90567 2.88521 3.42363 3.25396 2.92423 2.83646 2.77538 2.76808 2.72611 2.70021 3.44165 2.6994 2.68651 6.07793 4.4937 4.3068
threshold=0.49798232553976934 0.68301270189221941 1.0000000180025095e-35 192750.00000000003 5.8101115226745614 1.4049233682473408 1.0000000180025095e-35 28.205134903999646 0.11598456886298504 inf -0.21000374376600653 12.292628807278239 0.38812501368661018 78.391860961914077 0.87121501975051874 -0.17820799156070297 4.3115000724792489 -0.021138562206834282 0.16551002148494068 -0.73076922420527379 15014250.000000002 7844.5000000000009 1.0000000180025095e-35 0.35779680792936719 0.66030531857106489 0.0048527244705492975 20.145500135421756 -0.17820799156070297 4.1099998950958261 13.210649922774964 0.79111375010818097 2.0970918246433583 6.7017336983278879 -0.68301270189221941 0.11995440732960785 109.5475472877669 0.9545928438033876 1.3113896052956513 2.5770079006225353 -0.17345494514452084 1743850.0000000002 0.0038902059349933799 2.7944914916617427 -1.6265656161000905 -0.18212483601076668 -0.63175919012987725 3.4284110410837743 0.3169079510514925 0.59976482777031781 17.864500069618227 0.15257566046850882 24.216250276565557 3.407882079358568 0.58599070280945054 -0.29185298855800573 0.25632133553147846 962250.00000000012 89950.000000000015 0.38400882473867365 1.0000000180025095e-35 0.2716389896389671 0.26498623210534927
decision_type=2 2 2 2 2 2 2 2 2 8 2 10 2 2 2 2 2 2 2 2 2 2 2 8 2 2 2 2 2 2 2 2 2 2 2 2 2 2 2 10 2 2 2 2 2 2 2 2 2 2 2 2 2 2 2 2 2 2 2 2 2 2
left_child=1 2 3 10 9 7 26 -3 23 52 -1 13 51 14 15 22 18 -18 35 38 36 -15 25 -9 30 -8 47 -28 -14 -30 54 46 -25 40 37 58 53 41 39 -7 -16 42 -23 -21 -24 -29 -5 49 50 55 -49 -13 -2 -11 -4 -6 -57 -34 59 61 -60 -17
right_child=4 5 24 31 6 19 11 8 -10 20 -12 12 28 21 33 16 17 -19 -20 43 -22 34 44 32 -26 -27 27 45 29 -31 -32 -33 57 -35 -36 -37 -38 -39 -40 -41 -42 -43 -44 -45 -46 -47 -48 48 -50 -51 -52 -53 -54 -55 -56 56 -58 -59 60 -61 -62 -63
leaf_value=-0.0059162099468062085 0.0035410095521320214 0.0035078225485157761 -0.0001293010896565997 -0.0014906657231998598 0.00074193056679578893 0.0033852374298483368 0.00016784189863827472 0.0048461631221251526 -0.0037503521743631426 -0.00022720527357630968 -0.0018736045700260273 0.0010417836675898548 0.00097165478302980361 0.0030196011189790348 -0.0024397882446646692 -0.00034989007752447105 -0.00047211155894535961 -0.0064435131208316959 -0.0092122896784272643 0.010664274476261603 -0.0094863806325884079 0.00013128930928629686 0.0036217455981212968 0.00090741866705890475 0.00018738841966088132 0.0041312895013744261 0.00021981127249465931 -0.0044700047053156909 0.0036071973948144384 0.0084691633336048521 -0.0065678930737910054 -0.006358467333272777 -0.0068499674036375663 -0.00075848614101518645 0.0017323980610249917 3.3241385784607703e-07 0.0047324537535624574 0.0030738798862154533 -0.010020504091508585 -0.0075458236734500563 -0.011315083294459505 -0.0028604762163110379 -0.0025940091469569327 -0.0017509189202761762 0.00034412312029420222 -0.0013011828140926558 0.0014571429957691685 0.0084622669014982037 -0.0017805579497622644 0.00074719015526854217 0.0022093042460080512 -0.0037146754813461402 -0.00077385793870960329 -0.0017975012627086944 -0.0045215266754191803 -0.00025645541068532911 -0.0028155632584743249 -0.0010863660868561957 -0.00056855135324494494 0.0031681112626306429 0.0020734128928481033 0.002359716651626782
leaf_weight=1384 1033 1469 416 1312 2431 127 791 501 978 4748 1737 5091 1148 948 260 3196 1597 862 162 54 160 4536 901 2857 397 3715 2604 1170 2633 514 2418 220 273 1622 1382 4133 244 486 343 174 164 2022 1679 562 2898 1952 2304 286 311 8860 540 334 583 6863 2343 3356 2159 794 3216 5841 3222 2710
leaf_count=1384 1033 1469 416 1312 2431 127 791 501 978 4748 1737 5091 1148 948 260 3196 1597 862 162 54 160 4536 901 2857 397 3715 2604 1170 2633 514 2418 220 273 1622 1382 4133 244 486 343 174 164 2022 1679 562 2898 1952 2304 286 311 8860 540 334 583 6863 2343 3356 2159 794 3216 5841 3222 2710
internal_value=8.91574e-06 -0.00188015 -0.00302405 -0.00164436 0.000427003 -0.000117471 0.00063259 0.000549033 -0.000255421 -0.000775543 -0.00366629 0.000946994 0.00195776 0.000734997 0.00104435 0.00122053 0.000835411 -0.00256538 0.00120741 -0.00375256 -0.00114674 -0.000252695 0.002377 0.000517019 -0.00474605 0.00343553 -0.000112116 -0.00125697 0.0034846 0.0044013 -0.00512438 6.88535e-07 -3.57086e-05 -0.00181832 -0.000559685 0.00128304 -0.00103419 -0.000922824 -0.0067082 -0.00293371 -0.00587269 -0.00115864 -0.000604958 -0.000662574 0.00112147 -0.00248873 0.000387584 0.000253233 0.00269083 8.8318e-05 0.00437437 0.000748944 0.00198435 -0.00115537 -0.00385927 -0.000646342 -0.00125829 -0.00256103 0.00157457 0.00202448 0.000753662 0.000893428
internal_weight=114026 20663 12531 6957 93363 8132 79732 6872 5403 13631 3121 56063 9720 46343 35290 33244 24939 2459 22480 1260 12015 11053 8305 4425 5574 4506 23669 5726 4295 3147 5177 3836 3924 2046 10105 22318 11855 8723 644 301 424 8237 6215 616 3799 3122 3616 17943 1137 16806 826 5425 1616 11611 2759 7946 5515 1067 18185 11747 6438 5906
internal_count=114026 20663 12531 6957 93363 8132 79732 6872 5403 13631 3121 56063 9720 46343 35290 33244 24939 2459 22480 1260 12015 11053 8305 4425 5574 4506 23669 5726 4295 3147 5177 3836 3924 2046 10105 22318 11855 8723 644 301 424 8237 6215 616 3799 3122 3616 17943 1137 16806 826 5425 1616 11611 2759 7946 5515 1067 18185 11747 6438 5906
is_linear=0
shrinkage=0.05


Tree=15
num_leaves=63
num_cat=0
split_feature=33 37 14 24 14 15 64 61 73 27 10 44 51 26 32 62 51 74 52 11 59 17 20 73 50 62 2 43 26 32 50 56 62 59 68 61 51 33 28 42 22 33 41 20 77 0 57 20 51 13 13 61 50 61 22 60 67 13 61 28 64 51
split_gain=35.0542 13.1119 12.6008 9.07767 7.51567 5.56978 6.02554 4.72854 4.4083 4.93396 4.11579 4.08896 10.7276 4.48902 5.4536 4.36627 7.46841 4.1717 4.95462 4.11318 4.11278 4.04561 3.86093 3.85568 4.32594 4.31628 4.22573 3.74159 3.57441 3.56353 3.51071 3.50325 7.82297 5.86984 4.67193 4.36 4.33989 3.36772 3.32939 3.28479 3.39592 3.28605 3.24794 3.32732 3.16657 3.13263 3.08568 3.08099 3.00947 2.87573 2.87206 2.83619 2.75682 2.80286 2.74043 2.72736 2.76124 3.03306 2.70575 2.67984 2.65121 2.63119
threshold=1.0623067622679296 1.0000000180025095e-35 54.207381844578968 -0.0048171511526587905 5.1792999849541301 -0.87185019669732478 -0.013966050418974382 -0.15533171707653728 inf 0.25000000000000017 1.2704344769733054 24.216250276565557 -0.10077887138083738 108.78065872192384 0.238717959829958 0.65872501511415915 0.4168437033123869 0.54227342908507059 0.73048071024333638 47.68182094074907 0.042771960885072083 3.9493124949932104 24.971442317719298 11.664186662026685 2731050.0000000005 0.42654001806238545 23.471364630103569 4.0535001754760751 108.78065872192384 0.39490100260267141 319260.00000000006 1.0000000180025095e-35 0.3926979937859813 0.037756619553989061 0.052663076076865829 -0.13332508713556185 0.32733592692132202 1.9083478275148911 0.68301270189221941 0.15592393972813132 99.424999237060561 0.38400882473867365 1.0995760105115377 1.0960046598055824 -0.0049711778551336317 32.926145122336258 0.95923586193674104 3.2100623127823025 -0.18526700597174761 5904.5000000000009 190850.00000000003 0.15869047618923465 566941.50000000012 0.26182778639603771 98.424999237060561 -0.018649803264455974 -13727.800569855559 2164850.0000000005 0.36661417829860882 0.68301270189221941 0.0085580307647406314 0.14920541139383983
decision_type=2 2 2 8 2 2 2 2 8 2 2 2 2 2 2 2 2 2 2 2 2 2 2 8 2 2 2 2 2 2 2 2 2 2 2 2 2 2 2 2 2 2 2 2 2 2 2 2 2 2 2 2 2 2 2 2 2 2 2 2 2 2
left_child=1 5 3 10 8 -1 59 37 47 -10 -2 13 46 17 61 16 19 18 23 50 -18 38 -14 24 -6 58 52 -9 55 -11 -4 32 34 36 39 -36 51 -5 48 -19 -41 -42 43 -40 -28 -32 -13 -3 -8 -31 -16 -33 -27 -54 -50 56 57 -29 -25 -7 -48 -15
right_child=2 4 30 7 11 6 21 27 9 29 -12 12 22 14 15 -17 20 31 -20 -21 -22 -23 -24 25 -26 26 44 28 -30 49 45 33 -34 -35 35 -37 -38 -39 42 40 41 -43 -44 -45 -46 -47 60 -49 54 -51 -52 -53 53 -55 -56 -57 -58 -59 -60 -61 -62 -63
leaf_value=-0.0049342659253201427 0.0055624501894504319 0.0052672086185949242 -0.0085338063532947022 -0.00041791011169246492 0.0011733408076520084 0.00029238494512423302 -0.0051797230941537783 -0.0068798283071212808 -0.0035447219122502088 0.0026030377867958762 -0.0025684448849113491 0.005168068809944637 -9.163545284762279e-05 0.0022117223096266752 0.0045833342267184657 -0.0099420706637344362 0.011168713734999378 0.00095433848756161553 -0.0013018625398127026 -0.0027007685813815697 -0.0023849987648899042 -0.00022541665796186347 -0.004446654922104951 0.0010083062004400988 -0.0089108668239332913 -0.0014651501862531996 -0.00099867617806281752 -0.0007111054758409752 0.0022932338546305243 -0.010687400020038089 -0.0076753283640252634 0.0028988671279087538 0.0032827992659013559 -0.0010700912511700674 0.004304554096095578 0.00031918502320719516 0.0067177912241734809 -0.004667330058347784 0.0065619907714580209 -0.00079068046709744589 -0.0076499576317271478 0.00020366637577939005 -0.0013511731991259299 -8.5572265997394114e-05 0.0055108717810929088 0.0020290894500185671 0.00038336323359505797 -0.00044095754753783166 3.3098118682391948e-06 -0.00080949232005369663 -0.00055545160103571143 0.00067237850538995705 0.0060075167282695116 -0.00084405013717120652 -0.003044497929230667 -0.0042868412664887308 -0.0032341124385644919 0.0088660552850471138 -0.0013423560266190926 0.0044481077291903389 0.0074464128593673242 0.011177282697365931
leaf_weight=669 532 483 1082 2810 221 674 837 724 1653 827 220 531 774 902 356 135 192 2182 2576 2305 79 32018 1486 15522 205 662 216 308 298 75 161 7471 3025 1120 1165 1670 644 559 303 2662 391 202 1950 497 1383 172 1874 463 1250 4191 1151 1769 362 254 1799 2614 723 113 1329 914 143 90
leaf_count=669 532 483 1082 2810 221 674 837 724 1653 827 220 531 774 902 356 135 192 2182 2576 2305 79 32018 1486 15522 205 662 216 308 298 75 161 7471 3025 1120 1165 1670 644 559 303 2662 391 202 1950 497 1383 172 1874 463 1250 4191 1151 1769 362 254 1799 2614 723 113 1329 914 143 90
internal_value=1.02737e-05 0.000286914 -0.00276932 -0.00207258 0.00074102 -0.000409502 -0.000334281 -0.00255764 -0.000722953 -0.00117119 0.00318373 0.000945582 -0.000447411 0.00107889 -0.000310595 -0.0010951 -0.000802584 0.00123965 0.000762963 -0.00137275 0.00721763 -0.000458291 -0.00295516 0.00102688 -0.00367939 0.00112851 0.0029184 -0.00356879 -0.00297777 -0.00040083 -0.00715216 0.00172551 0.00110701 0.00236047 0.000311343 0.00195691 0.0027492 -0.00112299 -0.00158188 -0.000546702 -0.00155293 -0.00497469 -0.000250558 0.00243219 0.00463153 -0.00266284 0.00177689 0.00247347 -0.00252402 -0.000983155 0.000658489 0.00247261 0.000774963 0.00318236 -0.00179499 -0.00339575 -0.00135963 0.00185949 0.000822915 0.00268428 0.000884115 0.00302513
internal_weight=113968 103652 10316 8901 62741 40911 40242 8149 7692 6746 752 55049 4808 50241 5210 4218 4083 45031 22730 3812 271 38654 2260 20154 426 19728 2877 4780 4056 5093 1415 22301 11297 11004 8272 2835 9884 3369 6636 5437 3255 593 2750 800 1599 333 2548 946 3886 4266 1507 9240 1278 616 3049 3758 1144 421 16851 1588 2017 992
internal_count=113968 103652 10316 8901 62741 40911 40242 8149 7692 6746 752 55049 4808 50241 5210 4218 4083 45031 22730 3812 271 38654 2260 20154 426 19728 2877 4780 4056 5093 1415 22301 11297 11004 8272 2835 9884 3369 6636 5437 3255 593 2750 800 1599 333 2548 946 3886 4266 1507 9240 1278 616 3049 3758 1144 421 16851 1588 2017 992
is_linear=0
shrinkage=0.05


Tree=16
num_leaves=63
num_cat=0
split_feature=33 55 37 24 46 14 14 61 15 64 25 61 43 53 73 38 73 58 61 43 13 72 7 28 52 63 55 61 33 33 72 40 27 25 31 74 55 81 56 77 77 10 63 73 25 46 31 0 59 6 13 20 58 28 33 2 13 77 64 77 16 28
split_gain=31.6364 11.8571 11.8335 9.93254 6.79858 6.671 5.84222 5.55219 5.02673 5.43805 4.90071 8.69427 9.65299 8.66308 5.91334 4.83206 4.78019 4.50234 4.40462 4.25527 4.25466 3.94556 3.6736 5.4277 3.52371 3.46729 3.40883 3.28708 3.21295 3.17948 3.76065 8.42648 3.60057 3.34308 3.13071 3.05654 2.94412 2.83276 2.80107 2.75634 2.72444 2.71484 2.70772 2.6505 2.64233 2.6404 2.62283 2.58793 2.49636 2.42432 3.50818 2.82868 2.42345 2.41855 2.41489 2.79548 3.10682 2.68002 3.49781 2.37481 4.21361 3.41186
threshold=1.0623067622679296 -0.003910791018674197 1.0000000180025095e-35 0.18945490372331539 5.9502711296081552 53.267355712686175 1050.0773295649994 0.13688170078263268 -0.87185019669732478 -0.013966050418974382 78.391860961914077 -0.25285026261285098 4.3115000724792489 0.00089186911125326018 13.895187706002238 -0.0018184297784152868 1.2195926151316756 1.3473201930703775 -0.021029439995876562 4.1375000476837167 7844.5000000000009 34.650192252021519 4.2205000042915355 0.68301270189221941 0.7283081307087681 0.96737594172011498 -0.0080376876828380777 -0.13332508713556185 0.5295233095317603 0.6765245214181389 84.234138371114952 -0.0050915850975288271 0.6830127018922193 78.326713562011733 97.702850358467245 0.7062080424532966 -0.015719301771059287 -0.41477774204119594 1.0000000180025095e-35 -0.0042482782093233159 0.0027093735882427147 4.2965914528854654 0.93725496041912493 5.816400780525572 78.90192031860353 16.936030387878422 30.781024347251492 0.75055000185966503 0.044743078679073726 1.0134336960637917 380150.00000000006 6.5861765729318043 1.1647992438684167 0.68301270189221941 0.20505689239470903 75.625000000000014 6018700.0000000009 0.0038902059349933799 0.0073367100018104899 -0.00047625451924262205 0.067238721389959469 0.68301270189221941
decision_type=2 2 2 8 2 2 2 2 2 2 2 2 2 2 8 2 10 2 2 2 2 2 2 2 2 2 2 2 2 2 2 2 2 2 10 2 2 2 2 2 2 2 2 8 2 2 8 2 2 2 2 2 2 2 2 2 2 2 2 2 2 2
left_child=2 3 8 -2 24 7 19 35 -1 53 11 15 14 27 21 25 20 44 -15 -5 52 -13 23 36 26 45 -4 -14 -28 30 34 42 48 -33 39 -3 -11 38 -24 -16 43 46 -32 -25 -18 -6 -9 -45 -31 -21 -51 -52 -12 -10 -22 57 -57 58 -56 60 -39 -61
right_child=1 5 4 6 10 -7 -8 41 9 22 16 12 13 18 29 -17 17 -19 -20 49 54 -23 37 40 -26 -27 28 -29 -30 32 31 33 -34 -35 -36 -37 -38 59 -40 -41 -42 -43 -44 47 -46 -47 -48 -49 -50 50 51 -53 -54 -55 55 56 -58 -59 -60 61 -62 -63
leaf_value=-0.0046875526352040051 0.0061453485424556821 -0.0025313453884092431 0.0021221193450183824 0.0020849036437782394 0.0019883971362745882 -0.0082061183509307325 -0.012511228835687805 0.0011696886316414424 0.0002777656883648003 0.0009263115174715118 0.001878423386668355 -0.0073858940326209091 0.002671307343943689 -0.0020011717111829961 0.0002941282182456859 0.0014312899998835268 0.00022559009418058611 0.0098661579195068894 -0.0072703804762485882 -0.0011846999737712754 0.0017085493649325765 0.00081393235252309954 0.0038419871359848291 0.011775298281905376 -0.0030984067380805946 -0.0005757220888911403 0.0011403399634041351 -0.0011440527882822609 -0.0015352833537114121 0.00033906440627393559 0.0011092069430051813 0.00068014737219235027 0.00084293650991899187 0.0036453880991682824 -0.0092268877499736852 0.0024921892239022411 -0.0028642414456459767 4.7414921761187442e-05 -0.00040353821249415047 0.0019912584190798083 -0.0019495034103928735 0.002778273743190019 -0.0038331999547025529 0.0051814976181568844 0.0038802447170594233 0.0053635036721625144 -0.0060511033122854644 0.00018639366295813186 -0.0054064657397568227 -0.0072271969051317959 -0.0081491194890414408 0.0022474100775564249 0.0098050153837752878 0.0042257023188876528 -1.1287862403048446e-05 -0.0027873835461050527 0.0052074746328344195 -0.0020559954846860241 0.0077091017738367606 -0.00016190431450144709 0.0062860745584011838 -0.0017735614425751841
leaf_weight=669 475 2377 1272 797 757 850 117 134 674 580 836 335 976 905 2763 3455 1456 172 706 2277 922 261 848 56 1251 364 1585 1339 3841 304 354 4354 1659 1216 65 347 4386 13968 717 17839 1111 101 1276 294 749 2471 2045 2197 500 460 89 247 109 914 4215 2399 128 1755 152 9075 276 5146
leaf_count=669 475 2377 1272 797 757 850 117 134 674 580 836 335 976 905 2763 3455 1456 172 706 2277 922 261 848 56 1251 364 1585 1339 3841 304 354 4354 1659 1216 65 347 4386 13968 717 17839 1111 101 1276 294 749 2471 2045 2197 500 460 89 247 109 914 4215 2399 128 1755 152 9075 276 5146
internal_value=9.76002e-06 -0.00263086 0.000272568 -0.000689229 0.000703969 -0.00411079 -0.00150348 -0.00341514 -0.000389027 -0.000317567 0.000902214 0.00116452 0.000840653 -0.00149481 0.00113714 0.00276628 4.97704e-05 0.00207478 -0.00431033 -0.00117069 -0.000407955 -0.00379503 -0.000435376 -0.00134496 -0.000662518 0.00405035 -0.000207562 0.000464496 -0.000753702 0.00123406 0.00138625 0.000402174 -0.000487911 0.0013275 0.00172908 -0.00189142 -0.00242153 -0.000174163 0.00189691 0.00176365 0.000116562 -0.0052356 -0.00275982 0.00101778 0.00146701 0.00457201 -0.00560705 0.00077594 -0.00323403 -0.00201505 -0.00439029 -0.000506433 0.00279271 0.00255007 -0.000723975 -0.000983286 -0.00238242 -0.000405761 0.000257432 -0.00028803 0.000168299 -0.000745097
internal_weight=113968 10316 103652 4462 62741 5854 3987 5004 40911 40242 54792 41899 34852 3926 30926 7047 12893 2377 1611 3870 10516 596 38654 8624 7949 3592 6698 2315 5426 30330 27867 7200 2463 5570 20667 2724 4966 30030 1565 20602 3658 2280 1630 2547 2205 3228 2179 2491 804 3073 796 336 945 1588 9571 8649 2527 6122 4367 28465 14244 14221
internal_count=113968 10316 103652 4462 62741 5854 3987 5004 40911 40242 54792 41899 34852 3926 30926 7047 12893 2377 1611 3870 10516 596 38654 8624 7949 3592 6698 2315 5426 30330 27867 7200 2463 5570 20667 2724 4966 30030 1565 20602 3658 2280 1630 2547 2205 3228 2179 2491 804 3073 796 336 945 1588 9571 8649 2527 6122 4367 28465 14244 14221
is_linear=0
shrinkage=0.05


Tree=17
num_leaves=63
num_cat=0
split_feature=33 55 37 24 14 14 14 69 15 64 25 61 43 51 33 56 51 76 50 43 39 74 31 56 33 74 51 50 33 51 51 74 15 17 26 41 76 25 33 13 72 25 15 39 44 28 33 1 33 39 61 17 52 55 24 15 58 74 77 80 69 81
split_gain=28.5519 10.7011 10.6797 8.96412 6.14865 6.02058 5.27261 5.11034 4.53662 4.90784 4.42596 7.31645 8.87318 11.2807 4.9399 5.06942 4.75742 4.23943 3.94735 3.84038 3.82495 3.78978 3.56745 3.57051 7.9101 5.09124 4.12314 3.47733 3.43197 4.52727 3.41192 3.40968 3.36956 3.34956 3.27453 3.2391 3.22384 3.04084 3.03303 3.36108 3.02818 2.9579 2.95604 2.89273 3.73351 2.82693 2.80746 3.04488 3.35349 3.28103 2.78615 2.75698 2.73523 3.27701 2.71024 2.70645 2.68721 2.66263 2.62909 2.61254 2.5942 2.9967
threshold=1.0623067622679296 -0.003910791018674197 1.0000000180025095e-35 0.18945490372331539 5.1792999849541301 53.267355712686175 1050.0773295649994 1.0000000180025095e-35 -0.87185019669732478 -0.013966050418974382 78.391860961914077 -0.25285026261285098 4.3115000724792489 -0.019465378791605339 0.6765245214181389 1.0000000180025095e-35 -0.15777483608149512 0.01110638205994665 6728.0000000000009 4.1375000476837167 0.87126751169332162 0.78667492052375554 49.452935070437526 1.0000000180025095e-35 0.23029732352747137 0.21119075388427608 0.48579564875218822 31983600.000000004 0.537069645032204 0.46607666285644628 0.15301572128450344 0.74682876653614683 1.6944127654629295 3.9493124949932104 107.81529235839845 1.4280547009192144 -0.17074786127708805 78.391860961914077 1.7579776317641918 222650.00000000003 93.429855920069059 77.373008728027358 -0.173217747296005 0.36427213230986771 24.216250276565557 -0.25000000000000028 0.2024968344005634 19.085000038146976 0.54838897245293394 0.90599731181466947 0.0051557419978059049 23.49578986883164 0.7283081307087681 -0.0076422826993581819 0.027993886135515508 0.74273455955063472 1.0150928374963746 0.11918517673485383 0.0033296328627192982 0.56424707019231068 0.10794094439951775 -0.39170659309333339
decision_type=2 2 2 8 2 2 2 2 2 2 2 2 2 2 2 2 2 8 2 2 2 2 10 2 2 2 2 2 2 2 2 2 2 2 2 2 10 2 2 2 2 2 2 2 2 2 2 2 2 2 2 2 2 2 8 2 2 2 2 2 2 2
left_child=2 3 8 -2 28 7 19 21 -1 -10 11 16 14 40 22 -16 59 32 -19 -5 -15 38 23 24 41 -25 -27 31 29 -4 46 -9 -12 37 -32 45 52 -11 39 -3 -14 -13 -33 44 55 -26 -20 49 -49 58 -36 -41 53 -30 -37 -35 -18 -51 -48 -6 61 -45
right_child=1 5 4 6 10 -7 -8 27 9 33 17 12 13 20 15 -17 56 18 30 -21 -22 -23 -24 25 35 26 -28 -29 36 -31 34 42 -34 43 50 54 -38 -39 -40 51 -42 -43 -44 60 -46 -47 47 48 -50 57 -52 -53 -54 -55 -56 -57 -58 -59 -60 -61 -62 -63
leaf_value=-0.0044531750228391813 0.0058380810814345945 -0.0034639203288736424 0.00047973301759054359 0.0019806584527796672 0.0037999074170399828 -0.0077958124495566801 -0.011885667459752697 -0.0046628203678315298 0.0024225634083915189 -0.0021114132680328528 0.0014678854810982976 -0.0029354445329752088 0.0017179709885436817 -0.00064408429124850346 0.0011270147015470366 -0.0032174896570537079 0.0033390616445145905 0.0028755654122065567 0.0016528790019117168 -0.0019142929008766994 -0.0072333703810371621 0.0086942423310291065 -0.0036494624417002484 0.00017024306136189337 0.0017879213598925065 0.0022594971899365397 0.0075775909982560077 -0.012132865479480184 0.0012613306087626767 0.010794843584049627 -0.0057322679118307178 0.0090224192977496759 0.0077644797213667757 -0.0020379064721049887 -0.00031415676539906 0.0044602183806620897 0.0025924608245149559 0.00026009848434200867 -0.0059478130554055384 0.00067457720766741472 -0.0016364989941854242 -6.2825854925074848e-05 -0.0020666716447255264 0.0024561020981225981 0.0031620053319702593 -0.00097096622906000488 -0.0010636163311902463 -0.0027912735970724752 0.0010000015781057219 -0.0022282908184874366 0.0050773053291801318 0.012179185909917579 -0.0045337586044290022 -0.0019966439316179453 0.0017185052155884941 -0.012442276474030223 0.00066159369879697919 0.0015838038829503625 -0.0062614187088145534 0.01058166035117271 -0.0012757933431633533 7.8915137980121329e-06
leaf_weight=669 475 603 2117 797 2666 850 117 2727 1588 4746 1274 1455 1598 295 1398 1292 1378 909 986 3073 869 93 362 3189 1743 10179 378 141 1013 112 121 82 255 2674 393 1072 478 1890 334 743 1162 2333 225 1319 356 1987 1218 3401 704 579 614 56 730 3242 5663 64 2929 2193 304 150 3736 23869
leaf_count=669 475 603 2117 797 2666 850 117 2727 1588 4746 1274 1455 1598 295 1398 1292 1378 909 986 3073 869 93 362 3189 1743 10179 378 141 1013 112 121 82 255 2674 393 1072 478 1890 334 743 1162 2333 225 1319 356 1987 1218 3401 704 579 614 56 730 3242 5663 64 2929 2193 304 150 3736 23869
internal_value=9.27202e-06 -0.00249931 0.00025894 -0.000654767 0.000668771 -0.00390525 -0.00142831 -0.00324439 -0.000369576 -0.000301688 0.000853795 0.00110246 0.000804994 -0.0014353 0.00108811 -0.000959639 0.00256308 4.54852e-05 -0.000285497 -0.00111215 -0.00556341 -0.00113915 0.00128233 0.00134609 0.000791598 0.00192104 0.00244991 -0.00445714 -0.000655385 0.000998034 -0.000558817 -0.00410042 0.002518 -0.000413607 0.00203936 0.00150027 -0.00133001 -0.00143598 -0.00166594 -0.000645862 0.000305691 -0.00116622 0.000895235 -0.000201711 -0.00165481 0.00031824 -0.000871096 -0.0011674 -0.00214108 -0.000236575 0.00297319 0.00148091 -0.00170613 -0.00122101 0.0021549 -0.00228111 0.00151823 0.000787555 -0.00210181 0.00416115 -4.62731e-05 0.000136095
internal_weight=113968 10316 103652 4462 62741 5854 3987 5004 40911 40242 55049 42098 34975 3924 31051 2690 7123 12951 11422 3870 1164 1829 28361 27999 14253 13746 10557 3175 7692 2229 10513 3034 1529 38654 1128 10465 5463 6636 1736 1402 2760 3788 307 32018 3094 3730 9385 8399 4105 4294 1007 799 4985 4255 6735 2738 4307 2772 1522 2816 28924 25188
internal_count=113968 10316 103652 4462 62741 5854 3987 5004 40911 40242 55049 42098 34975 3924 31051 2690 7123 12951 11422 3870 1164 1829 28361 27999 14253 13746 10557 3175 7692 2229 10513 3034 1529 38654 1128 10465 5463 6636 1736 1402 2760 3788 307 32018 3094 3730 9385 8399 4105 4294 1007 799 4985 4255 6735 2738 4307 2772 1522 2816 28924 25188
is_linear=0
shrinkage=0.05


Tree=18
num_leaves=63
num_cat=0
split_feature=72 55 24 79 73 25 33 64 1 61 33 33 51 77 39 13 40 44 73 39 61 43 51 33 47 17 61 42 13 52 25 70 51 33 28 62 41 44 81 61 10 33 44 33 27 15 62 13 22 10 44 23 72 68 27 33 25 24 67 26 73 62
split_gain=25.9852 13.6287 12.5189 9.63566 5.80259 5.87287 5.57537 5.39418 6.14426 5.06881 4.87109 4.82104 4.47377 4.23279 4.05825 4.03197 3.93663 3.78452 3.66206 3.65629 3.64894 4.84521 7.06917 3.51354 3.35748 3.30536 3.22678 3.14905 2.91806 3.34562 2.91452 4.68431 3.5668 3.3672 5.25549 2.96418 2.89088 4.47193 2.99514 3.86944 2.82216 2.80755 2.75692 2.91074 2.71318 2.69547 2.6688 2.6221 5.00771 3.01807 3.52771 3.43847 3.22388 4.14836 2.95264 2.67809 2.60636 2.60309 2.54314 2.47232 2.46821 2.46288
threshold=19.824462042016822 -0.003910791018674197 0.23789431447884554 0.48226827604656219 14.664262259020269 78.391860961914077 0.3521891871657386 -0.0088346960098184841 17.460000038146976 0.18236241735394693 1.9083478275148911 0.23029732352747137 0.37418796362043616 0.0054530441524971336 0.2339972930577108 1.0000000180025095e-35 -0.0069361688517404199 19.190500116348272 2.4723364945525805 0.92201260110447636 -0.21741021159680804 4.3115000724792489 0.046160821485963781 2.0970918246433583 -0.22467076576234518 111.26414682388308 -0.18510961022269898 -0.27013760953314597 45225.000000000007 0.71981905059825591 78.12815093994142 0.15134507406007899 0.33857657156021254 0.23029732352747137 -0.68301270189221941 0.097645924358496186 2.0402518770816385 24.216250276565557 0.92010944893881208 0.13688170078263268 0.75834359704929966 0.41880607255925456 18.475250124931339 0.8186726303625852 0.6830127018922193 1.21795523330425 0.57634120644635256 23007.000000000004 99.199996948242202 -0.062628467184802014 16.733000087738038 108.28542317865458 55.601569035218283 0.083569346756230747 0.25000000000000017 0.53325751871329541 77.810111999511733 0.059859046857902221 -5922.8849047593185 107.81529235839845 8.4685562856762306 -0.091716805189938674
decision_type=2 2 8 2 10 2 2 2 2 2 2 2 2 2 2 2 2 2 10 2 2 2 2 2 2 2 2 2 2 2 2 10 2 2 2 2 2 2 2 2 2 2 2 2 2 2 2 2 2 2 2 10 2 2 2 2 2 10 2 2 8 2
left_child=1 2 -1 7 5 13 16 8 -2 23 25 59 15 20 27 -13 26 -8 44 42 24 30 -23 -3 -5 58 -6 -9 -10 -30 33 41 -33 34 -22 -36 38 -38 47 56 -35 -32 -11 -44 -15 -14 -46 48 55 50 51 -49 53 -52 60 -16 -40 -19 -4 -7 -51 -55
right_child=3 9 10 4 6 11 17 14 28 19 -12 12 45 18 36 -17 -18 57 -20 -21 21 22 -24 -25 -26 -27 -28 -29 29 -31 31 32 -34 40 35 -37 37 -39 39 -41 -42 -43 43 -45 46 -47 -48 49 -50 54 52 -53 -54 61 -56 -57 -58 -59 -60 -61 -62 -63
leaf_value=0.0051150098832464016 -0.0025098490160186653 -0.0017675700068397562 0.00089460683256807226 0.0037814209975976301 0.0034391705848247512 -0.0014998308732677148 0.0019802624510514007 -0.0066813160650132999 -0.0011248284226019164 -0.0065590488273310835 -0.0053752764163431353 0.0062248269720079352 0.006414210370138263 -0.0013889875157712128 0.0013904144236723068 -0.0012683599617187293 0.001386154274099034 0.0055880924193047873 -0.0091272975552921035 0.00051309154097693602 0.0019684863779349288 -0.00025943572416475802 -0.0081003208426627896 -0.0071132438803054787 0.0012884742570987444 -0.0065993096884532434 -0.003718767729774545 -0.0016949176059700575 0.00016004802043933101 0.0031352902627762914 0.0018412289638631381 0.0032045561034857507 0.010413332691445868 0.0014354676050977841 -0.0029234946167043157 8.0879010454207361e-05 -0.0041019151924315414 0.0052526527255469446 -0.0042534151929430669 -0.0082601572259439048 -0.0012248791549831699 -0.0012952094043348873 0.0061574647134790828 -0.004112222418894698 0.0001562072711713181 -0.005434376537276988 0.0043761588797668867 -0.0015391722948503881 -0.0042266497021619821 0.0098356722280956242 0.00092556596108702002 -0.013399715775684004 -0.0010888932347931602 -0.0061920172184781064 0.0010491174490954173 -0.0021801478416241774 0.0022940717702034734 -0.0014595624513702688 -0.0013600063759936949 0.0025072354721680816 -0.0011769928603803238 -0.00097427319219313717
leaf_weight=872 999 3118 1945 2089 200 492 2656 404 748 2070 650 183 304 2677 1229 9453 4169 1564 119 272 1571 2102 333 341 3821 236 740 1464 1347 3165 2213 1966 188 9861 1788 1518 976 147 306 263 1109 1053 75 862 2263 57 449 4246 1148 52 7989 62 5183 272 8252 917 302 143 3504 1769 2360 1342
leaf_count=872 999 3118 1945 2089 200 492 2656 404 748 2070 650 183 304 2677 1229 9453 4169 1564 119 272 1571 2102 333 341 3821 236 740 1464 1347 3165 2213 1966 188 9861 1788 1518 976 147 306 263 1109 1053 75 862 2263 57 449 4246 1148 52 7989 62 5183 272 8252 917 302 143 3504 1769 2360 1342
internal_value=8.80842e-06 -0.0020132 -0.000501808 0.000290712 0.000718375 0.000492511 0.00184813 -0.000272433 0.00108485 -0.00362979 -0.00127495 -0.000449757 -0.000921327 0.000821392 -0.000502568 -0.00112605 0.000727114 0.00316082 -0.000451357 -0.0050383 0.00105813 0.000780977 -0.00133172 -0.00229456 0.00216965 -0.000806137 -0.0021958 -0.00277335 0.00176757 0.00224707 0.00102287 0.00202374 0.00383373 0.000680559 -0.000412537 -0.00154399 -0.000381532 -0.00287741 -0.000298908 -0.00319306 0.00116652 0.000830001 -0.00554046 -0.00329021 -0.000259775 0.00454338 0.000854864 -0.00022264 -0.00156119 -7.44717e-05 -0.00045078 -0.00170987 -8.39369e-05 0.000458465 0.000599313 -0.00013531 -0.00100121 0.00499769 -0.000555231 0.00163529 -0.000939572 -0.0018536
internal_weight=113968 13945 7207 100023 56850 47378 9472 43173 6259 6738 6335 12258 9997 35120 36914 9636 5109 4363 5508 3279 29612 23702 2435 3459 5910 5685 940 1868 5260 4512 21267 5420 2154 15847 4877 3306 35046 1123 33923 871 10970 3266 3007 937 5389 361 2712 33052 3294 29758 19094 4308 14786 9603 10664 2146 608 1707 5449 2261 2412 1614
internal_count=113968 13945 7207 100023 56850 47378 9472 43173 6259 6738 6335 12258 9997 35120 36914 9636 5109 4363 5508 3279 29612 23702 2435 3459 5910 5685 940 1868 5260 4512 21267 5420 2154 15847 4877 3306 35046 1123 33923 871 10970 3266 3007 937 5389 361 2712 33052 3294 29758 19094 4308 14786 9603 10664 2146 608 1707 5449 2261 2412 1614
is_linear=0
shrinkage=0.05


Tree=19
num_leaves=63
num_cat=0
split_feature=33 14 37 55 24 46 61 44 10 31 77 25 61 43 51 33 51 25 62 76 14 64 62 26 77 40 51 22 25 51 63 59 28 55 29 25 43 70 51 50 70 11 70 51 45 67 44 59 41 10 63 68 13 33 50 68 22 72 51 58 51 40
split_gain=23.5154 9.14971 8.79177 7.36832 6.64096 5.23712 4.52014 3.97291 8.08314 4.28198 4.242 3.73363 6.73802 7.33401 9.89672 4.31961 4.17291 3.83622 5.14361 3.89658 3.70898 3.49023 3.42552 4.29927 3.82247 3.4158 3.40914 3.37887 3.29895 6.67797 4.29087 4.18656 3.47193 3.28132 3.20947 3.15038 2.99509 2.8829 2.86504 2.86069 2.85894 2.79064 3.19931 2.88065 2.71365 2.66326 2.74655 4.36806 3.16229 2.61697 2.61645 2.60629 2.5897 2.62117 2.5667 3.30953 2.56011 3.37672 3.33251 3.32743 3.25357 2.75856
threshold=1.0623067622679296 54.207381844578968 1.0000000180025095e-35 -0.003910791018674197 -0.0048171511526587905 5.9502711296081552 0.30522420356193647 17.013250064849856 -0.15717497107170134 3.2877330420831385 -0.00065934999396840817 78.391860961914077 -0.25285026261285098 4.3115000724792489 -0.019465378791605339 0.6765245214181389 -0.15777483608149512 78.90192031860353 1.2751242327304124 0.45549622715955074 132.72288075910993 0.0052555235979925155 0.64433094775937338 108.43002700805665 -0.0024269195593436647 -0.0039398808039938773 0.9545928438033876 98.799999237060561 78.12815093994142 0.48579564875218822 0.9463251546689907 0.012904765099886233 -0.68301270189221941 0.0076197785581842989 0.031746089442388888 78.12815093994142 4.1375000476837167 0.080727888040302009 -0.095514362170245268 319260.00000000006 0.47282021046196382 74.583164451810276 0.25077919104151408 0.23481961788740177 51.601203918457038 -12978.724417029274 22.817000102996833 0.023403474171091114 2.0769232326381131 4.2965914528854654 0.97214411234757725 0.023232845248349124 40509.000000000007 0.537069645032204 63217.500000000007 0.10219327352533149 98.625000000000014 76.101146964468612 0.46607666285644628 1.2534079189573439 0.32733592692132202 1.0000000180025095e-35
decision_type=2 2 2 2 8 2 2 2 2 8 2 2 2 2 2 2 2 2 2 8 2 2 2 2 2 2 2 2 2 2 2 2 2 2 2 2 2 8 2 2 10 2 10 2 2 2 2 2 2 2 2 2 2 2 2 2 2 2 2 2 2 2
left_child=2 3 7 4 -2 26 51 8 20 -9 21 12 16 15 38 22 -7 40 19 -19 35 45 28 24 -24 -17 -4 -28 31 30 -30 32 -14 -27 -35 -1 -6 -16 -15 -3 41 42 52 -44 -41 46 48 -48 -11 -8 -37 -5 -13 -54 -12 56 59 58 -58 60 -56 -61
right_child=1 39 5 6 36 11 49 9 -10 10 54 17 13 14 37 25 -18 18 -20 -21 -22 -23 23 -25 -26 33 27 -29 29 -31 -32 -33 -34 34 -36 50 -38 -39 -40 44 -42 -43 43 -45 -46 -47 47 -49 -50 -51 -52 -53 53 -55 55 -57 57 -59 -60 61 -62 -63
leaf_value=-0.00092775194849198579 0.0065172737601370372 -0.0072501642674242597 -0.00073808892998727287 -0.0042786581720931516 0.0022134021129321217 0.0039276730436668969 -0.0052771884433662833 0.0036905596735343962 2.5211755745626524e-05 0.00068149336324279481 -0.0023088306973527584 0.0018865272927684749 0.0013110477815257233 0.0018747350967632985 -0.0030743434064269032 0.0022410923350501314 0.0014380420811046959 0.0046557426548730803 -0.0086160871214591549 0.000792200434674514 -0.0072010924027826485 0.0081309274508783672 -0.0011387560088373285 -0.0085849771258381235 0.0064292914552202861 -0.00025308554453852739 0.014887423774671333 1.3427830777973649e-05 -0.00058230115093494035 0.010007121215510945 0.0024713329534246102 0.0011775219496403724 -0.0013352101679190089 -0.002858831707123905 -0.010821932330126724 -0.0045593935511072858 -0.0014203321368257782 -0.0081325417932017335 -0.0013432278399228908 -0.0062392864040739376 0.0035530632164485695 -0.0032255349313523394 0.0011527449789929087 0.0095207924691519882 0.0027997292054351419 -0.00028280739561529496 -0.0011464577899840524 0.0045500206178012851 -0.0086623590196604327 0.0034121906236428156 -0.00016400209969844368 -0.00093144825993699346 -0.0019808666089193116 0.00065908497798158373 -0.0019764735211878809 -0.002798904836578079 0.0015723743500636524 -0.0017638260900533647 -0.0045650060035877377 0.007586030925259642 0.0048352146273195418 0.00042889699956074755
leaf_weight=2113 351 1082 7795 775 709 2779 1812 750 6182 5746 2261 719 1883 1424 672 645 4268 792 130 3708 423 146 213 64 770 1201 70 84 1526 253 4674 15226 3627 689 155 1665 2833 485 1345 175 393 1043 973 115 158 7796 478 1137 92 91 425 2330 3767 1253 3709 1348 4037 1202 234 161 184 822
leaf_count=2113 351 1082 7795 775 709 2779 1812 750 6182 5746 2261 719 1883 1424 672 645 4268 792 130 3708 423 146 213 64 770 1201 70 84 1526 253 4674 15226 3627 689 155 1665 2833 485 1345 175 393 1043 973 115 158 7796 478 1137 92 91 425 2330 3767 1253 3709 1348 4037 1202 234 161 184 822
internal_value=8.368e-06 -0.00226824 0.000234948 -0.00167452 -4.2881e-05 0.000606794 -0.00294289 -0.000335315 -0.00115763 -4.00771e-05 -0.000135399 0.00078079 0.00100975 0.000724629 -0.00131107 0.000983058 0.00241983 3.67402e-05 0.00118893 0.00147218 -0.00273833 0.000436937 0.00116545 0.00397188 0.00478942 -0.000931445 -0.000592547 0.00677434 0.00105738 0.00204466 0.00171974 0.000750137 -0.000430872 -0.00193207 -0.00432125 -0.00228918 -0.00069297 -0.00519468 0.000311658 -0.00600297 -0.000608864 -0.000816696 -0.000448684 0.00203724 -0.0019505 0.000363271 0.00103908 0.002864 0.000534245 -0.00486167 -0.00366559 -0.0017669 -0.000919965 -0.00132193 -0.000766657 -0.000468559 -0.000165022 0.00057726 0.00123612 -0.000998186 -0.00165452 0.00160112
internal_weight=113968 10316 103652 8901 3893 62741 5008 40911 10808 30103 29353 54792 41899 34852 3926 30926 7047 12893 4630 4500 4626 15395 28236 1047 983 2690 7949 154 27189 6453 6200 20736 5510 2045 844 4203 3542 1157 2769 1415 8263 7870 6827 1088 333 15249 7453 1615 5838 1903 2090 3105 5739 5020 13958 11697 10349 5473 4271 4876 3893 983
internal_count=113968 10316 103652 8901 3893 62741 5008 40911 10808 30103 29353 54792 41899 34852 3926 30926 7047 12893 4630 4500 4626 15395 28236 1047 983 2690 7949 154 27189 6453 6200 20736 5510 2045 844 4203 3542 1157 2769 1415 8263 7870 6827 1088 333 15249 7453 1615 5838 1903 2090 3105 5739 5020 13958 11697 10349 5473 4271 4876 3893 983
is_linear=0
shrinkage=0.05


Tree=20
num_leaves=63
num_cat=0
split_feature=39 69 55 80 33 43 13 55 32 39 10 16 58 28 13 27 62 73 51 33 67 60 62 61 24 6 47 40 55 51 60 51 41 2 48 73 51 65 65 11 62 58 7 62 49 32 26 51 61 62 26 20 10 61 41 14 55 41 53 62 4 13
split_gain=24.2343 10.9132 7.39793 5.58111 5.4648 6.42319 7.03535 5.51674 4.90272 4.83243 4.30272 4.34977 4.26376 3.73255 5.12421 3.65868 6.41801 5.92603 4.58177 5.01506 4.36734 4.35681 6.25001 4.06815 3.56411 3.45185 3.19359 3.11982 3.11372 4.45252 3.09554 3.06354 2.96669 2.89332 2.85629 2.82479 2.78811 2.77756 2.70749 2.699 2.69229 2.6651 2.61459 2.67706 2.61131 3.03716 5.164 3.08891 2.98609 5.29769 3.62178 2.60376 2.60246 2.60056 2.58552 2.5828 2.57323 2.61786 2.50611 2.44896 2.44405 2.44141
threshold=0.50410184322921958 0.020765001871102532 -0.013133203939605874 -4.1667437765012194e-05 1.7579776317641918 4.3115000724792489 258550.00000000003 0.02010073132586521 1.0561517720685336 0.2072335588896628 -0.042481811279460262 -0.16265521997421953 0.99999999999295575 -0.68301270189221941 2215250.0000000005 0.6830127018922193 0.57634120644635256 11.4313713259496 0.60244089998674299 0.61339714477180662 818.36628787062875 0.011113515527418351 0.10189033266797014 0.43462083738557694 -0.11841754562867299 0.15164285472461159 0.072142378053774228 0.003260457189962485 -0.0076422826993581819 0.38648662547418494 -0.10695109123905593 -0.35662694671450518 4.5461552334153232 6.9203884527276927 3.1147885008036202 7.9363859639523229 0.19440298870191644 0.70171819148226666 -1.6907544483029631 31.390954063132984 0.11227778044689264 1.2043120947050268 6.5603750109672552 0.16665381767233262 20.421718947545745 0.238717959829958 107.81529235839845 0.17966756556702271 -0.35055654111651385 0.70065208385932587 107.51320266723634 5.0592692872746783 0.32762654719700451 -0.093951154985429094 1.9129127462660431 4.1131142248658419 0.011943656283849415 1.290679759832871 -0.00038149483766388711 0.91774074212675738 64.25457756036468 1091150.0000000002
decision_type=2 2 2 2 2 2 2 2 2 2 2 2 2 2 2 2 2 8 2 2 2 2 2 2 10 2 2 2 2 2 2 2 2 2 2 8 2 2 2 2 2 2 2 2 10 2 2 2 2 2 2 2 2 2 2 2 2 2 2 2 2 2
left_child=1 4 35 32 5 7 33 39 10 25 11 -5 30 14 -10 18 21 -18 20 -20 34 22 -17 26 31 -4 -23 60 -19 -30 -12 37 -2 -7 59 -3 -29 61 -11 -1 58 55 43 -37 45 46 -22 -48 50 -50 -47 -26 -52 -46 -25 -6 -32 -58 -8 -14 -28 -15
right_child=3 2 9 8 41 6 40 -9 13 38 12 -13 15 24 -16 16 17 28 19 -21 44 23 -24 54 51 -27 27 36 29 -31 56 -33 -34 -35 -36 42 -38 -39 -40 -41 -42 -43 -44 -45 53 48 47 -49 49 -51 52 -53 -54 -55 -56 -57 57 -59 -60 -61 -62 -63
leaf_value=0.0015664912648267377 0.00168544653800186 0.0074395199423702837 -0.0019794706857671003 0.0018084648293386616 0.0021945465834269373 0.00051758495936638893 0.003869979077220584 -0.0038955999775222637 -0.0013298165462139178 0.0017569934881121398 0.012548219889346788 -0.00051753415037963523 0.00067592731928868771 0.0023959797422867268 -0.010554139360823367 -0.0016942825411901893 -0.0077809689526349831 0.0062399726928750428 0.0094402329139759416 -0.00044147388844514174 -0.0017278163094745745 0.00056362154660006365 0.00080330373026890546 0.0015689974529112677 0.0084570827887109311 -0.0060278282501461866 0.0023502511482028123 0.0028864250028986624 0.0041711682391845023 -0.0016512923583048658 0.00056198841295992008 -0.0023773688177810199 0.0092118556694641938 -0.0055064398557035715 0.0058825282170392153 -0.0029546505311474364 0.0071464683918232939 -0.0011714858469503904 -0.0026611304973302129 -0.0010003567545997585 0.0058580871837268528 -0.0099148580804467208 -0.0027610591332040491 0.0018687544625667326 0.0047326350712002703 0.0024517372704880875 0.0018505915695463046 0.010904044612202644 -0.0011237232653354555 -0.0063862410901898529 -0.0025185858723930843 0.00065193306773108435 0.0008697846456699077 -0.00095824769163556714 -0.0040146330168307244 -0.0052801160232720523 0.0006685892826538975 0.0037793318753215886 -0.0032806910358875955 -0.0037366191325011455 -0.00098545874468140794 0.014093328430645272
leaf_weight=1678 5713 119 722 2247 177 926 375 1152 374 366 67 19053 13400 120 252 3878 116 845 271 244 1314 3785 7074 335 154 1945 1455 2556 1135 462 2535 2083 134 254 258 377 452 264 6597 2628 1017 170 812 1214 462 1263 1949 99 10101 502 1178 349 1092 355 544 333 1024 1992 182 322 882 71
leaf_count=1678 5713 119 722 2247 177 926 375 1152 374 366 67 19053 13400 120 252 3878 116 845 271 244 1314 3785 7074 335 154 1945 1455 2556 1135 462 2535 2083 134 254 258 377 452 264 6597 2628 1017 170 812 1214 462 1263 1949 99 10101 502 1178 349 1092 355 544 333 1024 1992 182 322 882 71
internal_value=1.51184e-05 -0.00151676 -0.00249075 0.000362643 -0.000185671 0.000171016 0.00213961 -0.000822297 0.00026205 -0.00312209 0.000340866 -0.000272158 0.00055165 -0.00152721 -0.00504312 0.000420647 0.000896595 0.00326097 7.94756e-05 0.00475841 4.86182e-06 0.000608055 -8.1068e-05 0.0013621 -0.000803444 -0.00493187 0.00167488 0.0024618 0.00378549 0.00248677 0.00186515 -0.00156548 0.00185793 -0.000779112 0.000670381 -8.00605e-05 0.00352656 0.00215137 -0.0024289 -8.48139e-08 0.00432772 -0.00449319 -0.000452441 0.000725811 -0.000503135 -0.000632142 0.000718606 0.00228823 -0.000953393 -0.00137288 0.000305535 0.00304158 -0.000888586 0.00225985 -0.00188663 -0.00268597 0.00173621 0.00272316 0.00153349 0.000572383 0.00109133 0.00674421
internal_weight=113805 21044 12152 92761 8892 8212 2754 5458 86914 9630 83247 21300 61947 3667 626 56329 23519 2558 32810 515 32295 20961 10952 10009 3041 2667 9130 5345 2442 1597 5618 2538 5847 1180 13980 2522 3008 455 6963 4306 1574 680 2403 1591 18315 17498 3362 2048 14136 10603 3533 503 2270 817 879 510 5551 3016 557 13722 2337 191
internal_count=113805 21044 12152 92761 8892 8212 2754 5458 86914 9630 83247 21300 61947 3667 626 56329 23519 2558 32810 515 32295 20961 10952 10009 3041 2667 9130 5345 2442 1597 5618 2538 5847 1180 13980 2522 3008 455 6963 4306 1574 680 2403 1591 18315 17498 3362 2048 14136 10603 3533 503 2270 817 879 510 5551 3016 557 13722 2337 191
is_linear=0
shrinkage=0.05


Tree=21
num_leaves=63
num_cat=0
split_feature=39 44 56 67 23 13 46 61 29 68 28 26 72 61 23 55 73 77 62 18 22 64 17 14 64 39 0 74 21 55 19 13 32 76 6 48 10 62 61 52 61 49 6 73 25 4 76 17 39 14 18 63 29 22 61 70 62 69 61 18 62 81
split_gain=21.8715 10.5821 9.10947 7.44919 5.36853 4.87186 4.84843 4.69142 4.17589 6.12579 5.78659 4.8095 5.52467 4.37563 4.06998 3.93191 3.6342 3.59964 3.89069 4.34944 3.7548 4.19711 3.57744 3.5458 3.46677 3.33604 3.25603 3.17875 3.14579 3.0237 2.94205 2.89674 2.85693 2.71777 2.69592 2.68567 2.68078 2.67674 2.60681 2.89307 2.95068 2.76285 2.55389 2.53396 2.4075 2.37711 2.36458 2.35301 2.53519 2.64405 2.3466 2.33916 2.25254 2.24861 2.70195 2.62805 2.20283 2.19443 2.1929 2.1532 2.14042 2.13834
threshold=0.50410184322921958 24.216250276565557 1.0000000180025095e-35 -1495.5694836390915 35.057382195427685 318650.00000000006 5.8101115226745614 0.25525419519600756 -0.014226650989254741 -0.034306283005583631 0.68301270189221941 107.47381973266603 70.169951143825799 0.19769230846701039 134.77664494722279 -0.003910791018674197 3.0190236462696194 0.00056664665299747681 0.30083807642361532 96.348886189583865 99.915000915527358 0.010216996784016021 43.777649450302128 129.17470086829937 0.048705782067949156 0.70947980493706975 0.66050001978874218 0.88754537495657659 8.1455705237919975 0.014236523605839048 57.987386198964344 190850.00000000003 2.1514078702990154 -0.1083730935424541 0.36214285237448562 6.7913250234554718 0.32762654719700451 -0.27196287858877738 -0.15857216788815151 0.7263137354955318 0.38696169481896359 8.2497045509301419 1.2228654465824624 16.126664690733772 77.240825653076186 8.3902058601379412 -0.21240359708620929 1.6344249977171423 0.2339972930577108 34.642951697432331 78.106228048460522 0.85480671050130563 -0.062499990447973212 100.27000045776369 -0.1240081192247874 0.20590150340464305 1.2751242327304124 -0.013239133246485844 0.093470965585260024 81.215929718598844 -0.0044950725232834939 -0.66475232968711817
decision_type=2 2 2 2 8 2 2 2 2 2 2 2 2 2 10 2 8 2 2 2 2 2 2 2 2 2 2 2 2 2 2 2 2 8 2 2 2 2 2 2 2 10 2 8 2 2 8 2 2 2 2 2 2 2 2 8 2 2 2 2 2 2
left_child=1 2 3 26 35 28 16 50 9 42 11 12 37 15 17 56 34 31 22 20 21 -20 44 33 -18 -17 52 38 -3 60 -15 -12 -7 -5 -6 46 -27 -10 41 -40 -41 -11 -8 -32 -19 -9 -2 -28 49 -49 -4 -29 -1 55 -55 -33 -13 -53 -57 -22 -14 -48
right_child=4 5 7 23 6 32 8 45 10 27 14 13 29 30 -16 25 24 18 19 -21 59 -23 -24 -25 -26 36 47 51 -30 -31 43 53 -34 -35 -36 -37 -38 -39 39 40 -42 -43 -44 -45 -46 -47 61 48 -50 -51 -52 57 -54 54 -56 58 -58 -59 -60 -61 -62 -63
leaf_value=0.013508039480075241 -0.0070589987938981958 0.00086018387705210091 -0.0026600771012368829 0.0080053563188038652 0.007313399008562556 0.004629144369058656 -8.1651303846851591e-06 -0.0038396095780219557 -0.0037044867095109841 0.0016052952144380247 0.0016758546084659901 0.00069419575964483552 -0.0032468495964473086 -0.0017765307022955942 0.0053177117966069064 -0.00038878199496095823 -0.00065976829086492495 -0.0038346061199275947 -0.0024700360300943204 0.0079350257940104911 0.006299506642300493 0.003058991946780415 -0.0028689961326611429 -0.0067123252626997741 -0.0082074312491693183 0.0031166839143042667 -0.0033961813585557804 0.008161687609279834 -0.005643216468378346 0.0012073402577976191 -0.0085422564297914505 -0.00095529949631088123 -0.0070476425371386797 -0.0021351258074107219 -0.0030487547058831244 0.010584607555453356 0.00083771094784437024 0.00077450252319062639 0.0014178030795112342 0.00011271674964836423 -0.0039983157715732338 0.0052569531806868595 -0.0042347158593292727 0.0011000434122216505 -0.00037896915749866759 -0.0069411268051158444 0.0036453533035007216 -0.00021603375955271524 0.00084345167115870462 -0.0045640049820788713 0.00077623929051297931 -0.0010786248019636938 0.0029586153743563701 0.0046489805164379536 -0.0012985476485326418 0.0011524915658641434 -0.0076079347533070385 0.0039297893692814096 0.0093070535984474661 -0.0029413055781793746 -0.0010224479127189481 0.0010040120535465846
leaf_weight=60 69 814 3500 67 240 1101 745 1975 343 5579 2388 5878 1466 1809 301 1050 12588 571 1280 188 312 469 3565 434 154 5908 509 237 241 1152 70 5823 55 4784 85 96 1651 12133 4786 3344 502 571 687 2559 4297 899 1505 1227 3987 489 579 288 323 461 326 430 81 909 102 79 4123 1561
leaf_count=60 69 814 3500 67 240 1101 745 1975 343 5579 2388 5878 1466 1809 301 1050 12588 571 1280 188 312 469 3565 434 154 5908 509 237 241 1152 70 5823 55 4784 85 96 1651 12133 4786 3344 502 571 687 2559 4297 899 1505 1227 3987 489 579 288 323 461 326 430 81 909 102 79 4123 1561
internal_value=1.43624e-05 -0.00144092 -0.00182509 -0.000983822 0.000344511 0.00183141 0.000272251 -0.0032625 0.000424358 0.00109891 0.000221952 0.000585971 2.81949e-05 0.00114994 -0.000453742 0.00156867 -0.000617819 -0.000539357 -0.00116607 0.000643423 2.85235e-06 -0.000987409 -0.00166559 -0.00238245 -0.000750989 0.00225209 0.000136987 0.00137573 -0.000625427 -0.00112514 -0.000224581 0.000168308 0.00407359 -0.00199507 0.0046033 0.00234682 0.00261892 0.000651363 0.00115769 0.00059724 -0.000423877 0.00194434 -0.00203585 0.000843307 -0.000784304 -0.00480978 0.00209456 -0.000138874 0.000151845 -0.00145505 -0.0021723 0.00362333 0.00461127 -0.000335755 0.00218533 -0.000647965 0.000581346 0.00272476 0.00271596 0.00443244 -0.00160591 0.00230056
internal_weight=113805 21044 18833 11880 92761 2211 89530 6953 76463 17648 58815 38223 19217 19006 20592 14568 13067 20291 10761 2328 2140 1749 8433 5285 12742 8609 6595 16216 1055 6741 4438 9530 1156 4851 325 3231 7559 12476 14782 8632 3846 6150 1432 2629 4868 2874 3135 6212 5703 1716 4079 1434 383 7142 787 6355 5959 1197 532 391 5589 3066
internal_count=113805 21044 18833 11880 92761 2211 89530 6953 76463 17648 58815 38223 19217 19006 20592 14568 13067 20291 10761 2328 2140 1749 8433 5285 12742 8609 6595 16216 1055 6741 4438 9530 1156 4851 325 3231 7559 12476 14782 8632 3846 6150 1432 2629 4868 2874 3135 6212 5703 1716 4079 1434 383 7142 787 6355 5959 1197 532 391 5589 3066
is_linear=0
shrinkage=0.05


Tree=22
num_leaves=63
num_cat=0
split_feature=39 44 56 67 33 23 17 62 50 11 40 51 51 32 52 25 58 33 62 33 73 33 26 28 69 6 51 32 69 51 14 27 62 62 51 55 60 42 41 55 80 50 0 28 51 38 67 0 24 39 60 62 19 6 76 39 69 33 55 3 10 65
split_gain=19.739 9.55032 8.2213 6.7229 5.33312 4.8451 4.57597 6.74517 6.41289 5.26249 4.90915 12.1969 6.57595 5.60001 4.76665 4.31695 5.7121 4.18978 4.02013 3.94562 3.90704 3.49286 4.82697 3.47766 3.4454 3.23961 3.81195 3.36515 3.33312 3.21761 3.20009 3.19614 3.37125 3.18068 3.16964 3.18931 3.05947 3.22344 3.12434 2.96356 2.96123 2.95684 2.93857 2.90805 2.78172 2.63069 2.61824 2.6163 2.5812 2.53135 2.51608 2.655 2.47634 2.462 2.45278 2.41632 2.40582 2.52721 3.49562 2.45794 2.37143 4.03118
threshold=0.50410184322921958 24.216250276565557 1.0000000180025095e-35 -1495.5694836390915 1.6725911042917956 35.057382195427685 14.582588651180268 0.42654001806238545 305250.00000000006 50.824592300801321 -0.0039398808039938773 -0.071402003862010802 0.32733592692132202 0.2846679100243486 0.72171298876517265 78.381706237792983 1.3113896052956513 0.160316055933202 0.23434191620306608 0.34973360515403545 0.047729506413449356 0.25078273497301878 107.58430099487306 -0.68301270189221941 0.10136179030223169 1.5823158510032733 0.86965202322215862 0.97951821148355556 0.024088119646603071 0.19440298870191644 129.17470086829937 0.6830127018922193 0.70065208385932587 0.095621838142800383 -0.054023625278824615 0.013122225080701601 0.011113515527418351 -0.24337552479709046 2.7306241683728811 0.0076197785581842989 1.4348989647449784 106950.00000000001 0.66050001978874218 0.68301270189221941 0.03929880806971834 0.0038354874203890836 818.36628787062875 7.1802097841136172 0.019959237257480094 0.96973187603833877 -0.058195552605011684 -0.21099401274266838 12.244886024477767 9.8036406380789654 -0.1083730935424541 0.067977831411697442 0.092523014975283271 0.61762627727067698 -0.003910791018674197 0.97876555048847547 0.35610007601459043 -0.45596725397652865
decision_type=2 2 2 2 2 8 2 2 2 2 2 2 2 2 2 2 2 2 2 2 10 2 2 2 2 2 2 2 2 2 2 2 2 2 2 2 2 2 2 2 2 2 2 2 2 2 2 2 8 2 2 2 2 2 8 2 2 2 2 2 2 2
left_child=1 2 3 42 20 53 19 8 9 17 11 13 21 -10 31 40 -17 -8 -14 23 41 22 45 -7 55 26 28 -28 34 -24 54 32 -9 49 -21 48 37 -23 -38 -19 60 47 44 -11 -1 -12 -45 -3 -36 -13 -27 -52 -37 -2 -5 -4 57 -30 59 -59 -16 -62
right_child=5 4 24 30 -6 6 7 14 10 43 12 33 18 -15 15 16 -18 39 -20 25 -22 36 29 -25 -26 50 27 -29 56 -31 -32 -33 -34 -35 35 52 38 -39 -40 -41 -42 -43 -44 46 -46 -47 -48 -49 -50 -51 51 -53 -54 -55 -56 -57 -58 58 -60 -61 61 -63
leaf_value=0.0077809693663416866 0.0019457510133939475 0.00026239736728984826 -0.0076838635320037423 0.0076050884632477131 -0.0060256081352946331 0.0032370322153778617 -0.0014601039693243154 -0.00047913400434299898 -0.0018668219771531232 0.0009346888843823688 0.0019035553182469092 -0.0029504899569293744 0.005965609649443834 0.0026838636337878897 0.0029253580740743138 0.00010157924587247476 0.0062770804421824122 0.0013560102177166498 4.060230166537227e-05 0.0011300613370297369 0.0080418130511964638 -0.00097138740000182245 0.0017327434397367677 0.00029640166178796146 -0.0015356198504963038 -0.0097097279848403321 0.0064882861199293991 -0.00071386944590907161 -0.00065705240181102714 0.009622661509425064 -0.006376709020160104 0.0014553072969765227 -0.007486217960922659 -0.0012204624351591117 0.0049168376278817313 0.0014469017026455663 -0.0013573109450847256 0.0010622814629369062 0.0026753417751676401 0.0033820773610615052 -0.0048123146228482667 0.0031311092096052923 -0.0001319304730331645 0.00095651054067075008 -0.00095931159007369273 -0.0015286380928981839 -0.0019694750322267894 -0.0086386560095530578 -0.00023776789567419329 -0.0068303466296306238 -0.0098394572608320203 -0.00079391656335712178 -0.0035197634104276025 0.0089436201940340399 -0.0020283695130873516 -0.0035464199123243149 -0.00011315376744736562 -0.0013125846478825639 -0.0037802425930918539 0.0073103968568449451 0.010616697283694521 0.004111765668211715
leaf_weight=234 3100 497 385 67 201 1224 777 521 958 6043 754 2560 790 2297 1879 2307 447 3490 449 4458 276 3083 4546 5630 2338 146 368 290 3986 133 434 1035 256 2644 261 312 6943 5295 516 3738 97 1138 6212 1199 149 2151 2110 99 3496 503 98 471 1283 131 4784 4230 4258 2116 2243 86 316 967
leaf_count=234 3100 497 385 67 201 1224 777 521 958 6043 754 2560 790 2297 1879 2307 447 3490 449 4458 276 3083 4546 5630 2338 146 368 290 3986 133 434 1035 256 2644 261 312 6943 5295 516 3738 97 1138 6212 1199 149 2151 2110 99 3496 503 98 471 1283 131 4784 4230 4258 2116 2243 86 316 967
internal_value=1.36443e-05 -0.00136887 -0.00173384 -0.000934631 0.00173984 0.000327286 0.000258639 0.000517029 0.000307227 0.00108773 -9.57003e-05 -0.0010979 0.000268523 0.00134452 0.00188387 0.0025613 0.00110392 0.00202875 0.00381845 -0.000235874 0.00251638 8.07269e-05 0.000963086 0.000821545 -0.00309937 -0.000539475 -0.000437126 0.00331408 -0.000546833 0.00195701 -0.00226332 -0.00036416 -0.00278777 -0.00249094 0.000145306 -0.000674956 -0.000341816 0.000313917 -0.00107834 0.0024038 0.00379285 0.0016369 0.000130138 0.000282249 0.0043807 -0.000637804 -0.000909258 -0.00121613 0.000120324 -0.00358763 -0.0038543 -0.00235185 -0.00254823 0.00222948 -0.00189532 -0.00389158 -0.00108193 -0.00157121 -0.00239096 -0.000975811 0.00405683 0.00571392
internal_weight=113805 21044 18833 11880 2211 92761 89530 58804 50979 17357 33622 8962 24660 3255 7825 6013 2754 8005 1239 30726 2010 23421 7584 6854 6953 23872 23157 658 22499 4679 5285 1812 777 5707 9810 5352 15837 8378 7459 7228 3259 1734 6595 9352 383 2905 3309 596 3757 3063 715 569 1595 3231 4851 4615 12689 8431 4445 2202 3162 1283
internal_count=113805 21044 18833 11880 2211 92761 89530 58804 50979 17357 33622 8962 24660 3255 7825 6013 2754 8005 1239 30726 2010 23421 7584 6854 6953 23872 23157 658 22499 4679 5285 1812 777 5707 9810 5352 15837 8378 7459 7228 3259 1734 6595 9352 383 2905 3309 596 3757 3063 715 569 1595 3231 4851 4615 12689 8431 4445 2202 3162 1283
is_linear=0
shrinkage=0.05


Tree=23
num_leaves=63
num_cat=0
split_feature=39 69 55 33 80 68 13 2 27 32 39 79 73 15 77 1 28 50 24 16 51 9 6 64 55 51 41 51 62 13 58 24 41 14 62 9 73 7 14 8 28 50 81 49 22 50 65 8 36 41 65 26 48 50 18 0 33 26 53 32 51 61
split_gain=17.8403 8.96458 5.78654 4.53273 4.3881 4.3613 4.08644 4.96064 4.21898 3.91996 3.77502 3.23533 3.52765 5.34672 4.0225 3.87621 3.23165 5.23747 3.19395 3.0097 2.94282 2.87706 2.87585 2.87132 2.96388 2.90389 2.77125 2.76739 2.59207 2.52561 2.52014 2.48429 2.44794 2.44254 2.42197 2.46697 2.40227 2.56948 2.36831 2.56155 2.31612 3.04961 3.13373 2.51946 2.32063 2.36289 2.25629 3.14492 2.2483 2.23563 2.22107 2.20519 2.3464 2.29317 2.18468 2.17086 2.60224 3.48238 3.5682 2.98917 2.25536 2.16859
threshold=0.49168303731066093 0.020765001871102532 -0.013133203939605874 1.7579776317641918 -4.1667437765012194e-05 0.11598456886298504 222650.00000000003 6.9203884527276927 0.25000000000000017 1.0561517720685336 0.2072335588896628 0.58123502208712885 14.664262259020269 0.42287695597058989 0.0031251815838216376 20.115000724792484 -0.68301270189221941 2230650.0000000005 -0.11841754562867299 -0.17076058695403021 -0.24531558282010238 0.089552216350641603 0.15164285472461159 0.0064497644203816715 -0.014744519345755823 0.17017350565880332 2.0584178813226832 0.9545928438033876 0.022603173237339961 1.0000000180025095e-35 1.2043120947050268 -0.0020222468092697767 4.5461552334153232 3.4345455474505564 1.4846693683174326 0.16279068161716662 7.9363859639523229 6.5603750109672552 143.70045134248141 3.9987713492221224 1.0000000180025095e-35 305250.00000000006 -0.46757051825866519 6.2199049674291302 98.424999237060561 4806.0000000000009 1.0470445363045804 2.1436973395610495 13.27110004425049 1.8320217321903174 -1.6907544483029631 107.58430099487306 -0.0039907229693785231 218150.00000000003 27.673531979001861 69.315552245463394 0.41572432315970997 107.58430099487306 0.0030483601711082334 0.1958255361346857 0.15301572128450344 -0.010632495802206338
decision_type=2 2 2 2 2 2 2 2 2 2 2 2 10 2 2 2 2 2 10 2 2 2 2 2 2 2 2 2 2 2 2 8 2 2 2 2 8 2 2 2 2 2 2 10 2 2 2 2 2 2 2 2 2 2 2 2 2 2 2 2 2 2
left_child=1 3 36 5 32 6 7 -1 31 11 22 19 14 -14 21 29 17 -11 20 -6 -18 23 -4 24 25 -13 -9 38 -27 -16 48 -8 -2 -20 35 46 -3 -38 39 -21 43 -42 -43 44 -41 -46 -22 -48 -5 -10 -12 53 -53 -52 -7 56 57 58 59 -26 -59 -44
right_child=4 2 10 30 9 54 8 26 49 16 50 12 13 -15 15 -17 18 -19 33 27 34 -23 -24 -25 55 28 -28 -29 -30 -31 -32 -33 -34 -35 -36 -37 37 -39 -40 40 41 42 61 -45 45 -47 47 -49 -50 -51 51 52 -54 -55 -56 -57 -58 60 -60 -61 -62 -63
leaf_value=0.00061130048596868831 0.0014712650959949967 0.0069589719963726662 -0.0017018570521797399 -0.00063536453979828964 0.0013497070980661441 -4.5476722004298378e-05 0.010108206761916254 -0.0048224743842099887 0.0011171210797336782 -0.0010061752961659687 0.0017638827153294461 -0.001420094875706354 0.00024797856200544917 0.0035074314876348735 0.0057206404948091701 -0.0016158796001848824 0.0013964326709223164 -0.010265417901441889 0.0092554689854638193 -0.001219206689477352 -0.0033759597019923089 -0.0020595161389428953 -0.0053970445964222355 0.0045824733201510438 -0.00069746198082159595 -0.0060100348534829484 0.0065221452662532599 0.0058756358916520757 0.0032926367862121941 0.00012476537684508572 -0.0093885977575779867 0.0031890816055326725 0.0083078162987245616 0.0010352400600850365 0.0031175570317362954 -0.0066304088118549894 0.00076244421151917168 -0.0027873560266116412 -0.0014226848560037779 -0.00057335749215265113 0.00067223931699836922 0.0037621259438084427 -0.00049671921215148883 -0.0024981729366552476 -0.0032017278325579151 0.0013865422320995309 -0.0064325593536961132 0.0034045902015705219 -0.0089697103140562191 -0.003217623603588929 -0.0029328851445566823 -0.004378045387976039 -0.0017330213682863775 -4.7570680962219156e-05 -0.0043518934852347681 0.00024703458402238696 0.00033405744226276419 0.0022670816708256513 -0.0038388571749713774 0.0019273858875396999 0.0057487662982251657 -0.0021552337573564253
leaf_weight=2080 5731 116 722 407 3423 510 143 749 1862 395 341 2565 2623 2418 206 3939 691 249 117 4302 951 881 1945 504 1528 85 58 186 629 9520 166 1398 134 397 180 365 1536 763 3759 2309 5051 354 6086 603 291 7850 108 328 101 354 1245 1936 1479 1541 697 7208 4962 5182 382 3738 511 2915
leaf_count=2080 5731 116 722 407 3423 510 143 749 1862 395 341 2565 2623 2418 206 3939 691 249 117 4302 951 881 1945 504 1528 85 58 186 629 9520 166 1398 134 397 180 365 1536 763 3759 2309 5051 354 6086 603 291 7850 108 328 101 354 1245 1936 1479 1541 697 7208 4962 5182 382 3738 511 2915
internal_value=1.29621e-05 -0.00133672 -0.00223991 -0.000105208 0.000303331 0.0002326 0.00073489 -0.000679683 0.00182189 0.00021487 -0.00281119 0.00028575 0.000561885 0.00181143 0.000411337 -0.000292626 -0.00136001 -0.00458622 -0.000697696 -6.29125e-05 -0.00140395 0.000752762 -0.0043967 0.000843537 0.000773196 -0.00063505 -0.00400712 -0.000206371 0.00218518 0.000243288 -0.00404012 0.00383115 0.00162746 0.00290638 -0.00240553 -0.00297297 -6.14483e-05 -0.000415676 -0.000240119 -9.07537e-05 9.99296e-05 -0.000317803 -0.000852351 0.000644384 0.00082572 0.00122253 -0.00201049 0.000967865 -0.00229239 0.000424657 -0.00216483 -0.00238087 -0.00323251 -0.00133695 -0.00253228 0.0009696 0.00128907 0.00170691 0.000827267 0.00116575 0.0025796 -0.00103383
internal_weight=113805 20149 11624 8525 93656 7851 6644 2887 3757 87791 9209 84010 46881 5041 41840 13665 3781 644 3137 37129 2623 28175 2667 27294 26790 3279 807 33706 714 9726 674 1541 5865 514 1932 1752 2415 2299 33520 29761 25459 14406 9355 11053 10450 8141 1387 436 508 2216 6542 6201 3415 2786 1207 23511 16303 11341 5648 5266 5693 9001
internal_count=113805 20149 11624 8525 93656 7851 6644 2887 3757 87791 9209 84010 46881 5041 41840 13665 3781 644 3137 37129 2623 28175 2667 27294 26790 3279 807 33706 714 9726 674 1541 5865 514 1932 1752 2415 2299 33520 29761 25459 14406 9355 11053 10450 8141 1387 436 508 2216 6542 6201 3415 2786 1207 23511 16303 11341 5648 5266 5693 9001
is_linear=0
shrinkage=0.05


Tree=24
num_leaves=63
num_cat=0
split_feature=39 69 55 17 69 51 43 55 51 47 59 42 22 33 43 13 55 23 33 39 32 61 13 26 69 55 33 26 49 60 61 58 51 48 61 52 43 13 63 14 51 32 13 15 53 58 17 11 7 73 7 24 19 10 32 29 10 13 55 14 22 33
split_gain=16.1009 8.09054 5.22236 4.11294 5.13122 7.72981 8.24568 7.3726 6.40099 4.31346 4.18955 4.1244 4.12868 4.09079 4.39488 5.05215 4.19893 3.53304 3.47829 3.4386 3.13809 3.74698 3.12441 3.15496 3.04607 3.14668 3.98408 3.24332 3.0019 2.92612 3.89986 3.40291 3.30124 3.21397 2.95485 2.74237 2.63438 3.09977 2.56801 2.56677 2.4881 2.60574 2.3543 2.34985 2.30676 2.28668 3.17204 2.27401 2.21798 2.16805 2.31895 2.15939 2.11342 2.1099 2.4007 2.08898 2.04985 2.02602 2.0216 2.02097 2.01394 1.979
threshold=0.49168303731066093 0.020765001871102532 -0.013133203939605874 14.795579216480258 0.020765001871102532 -0.10077887138083738 4.3115000724792489 0.013122225080701601 0.057762825004654947 1.3775246101533301 0.025718256908832081 -0.43131825799079737 98.799999237060561 1.7579776317641918 4.3115000724792489 80808.500000000015 0.013122225080701601 54.531727280049715 0.34973360515403545 0.24672093634408399 0.34801161018047938 -0.03922304328577713 23007.000000000004 108.78065872192384 -0.013239133246485844 0.0094514634192072195 0.69307174086116163 107.912654876709 32.892227966146784 0.045197191158121826 0.21867142810808435 1.3113896052956513 0.14145984304855333 0.096441094635524985 0.69819284970124207 0.71423529624854343 4.1099998950958261 2578500.0000000005 0.96040797658236687 6.9244018649233832 0.32733592692132202 0.66903113260440639 2904550.0000000005 0.57947445047074231 -0.00052761256343777355 1.1371786370755561 4.8120275002717987 25.543034600545813 6.2581691265106203 7.9363859639523229 6.5603750109672552 -0.11227043148091506 98.642641439223382 0.37080967313157392 2.4449604271966048 0.023580045263883357 0.14548737872623499 601.50000000000011 -0.014744519345755823 2.6672234860332291 100.27000045776369 0.60448500781898395
decision_type=2 2 2 2 2 2 2 2 2 2 2 2 2 2 2 2 2 8 2 2 2 2 2 2 2 2 2 2 10 2 2 2 2 2 2 2 2 2 2 2 2 2 2 2 2 2 2 2 2 8 2 10 2 2 2 2 2 2 2 2 2 2
left_child=1 13 49 17 5 7 9 10 20 -7 57 12 -6 14 16 48 -1 51 35 39 21 56 23 55 -24 27 -27 53 -14 31 32 38 -31 -32 -35 -19 -33 52 -13 47 -11 -42 -29 58 -17 46 -15 -4 -16 -3 59 -2 -38 -26 -55 -20 -8 -5 -40 -51 -9 -44
right_child=3 2 19 4 11 6 8 60 -10 40 -12 29 28 45 15 44 -18 18 22 -21 -22 -23 24 -25 25 26 -28 42 -30 30 33 36 -34 34 -36 -37 37 -39 43 -41 41 -43 61 -45 -46 -47 -48 -49 -50 50 -52 -53 -54 54 -56 -57 -58 -59 -60 -61 -62 -63
leaf_value=0.00035549378309429223 -0.0053527592380608752 0.00661102327205048 0.003109451239396419 0.0047210241379616498 -0.0012242449982577969 0.00039676065425899091 -0.00043277876358776445 0.002577797589184745 -0.007302976857667948 -0.0028521855029113338 0.0016326147181985639 0.0015240567495772817 0.0014044095794528482 0.0034510146884059304 0.00016927509905198719 0.0044850680347727108 -0.002682234625275432 0.0035729543578587341 -0.0022489557948795272 -0.001955072462421532 0.00047018078762456914 -0.00553548036992315 0.00092185614517436014 0.0033873474282536589 -0.00034820464287153554 -0.00047612036075579298 -0.0036220646834008441 -0.00074080536241678916 -0.0057755894589047937 0.0022692754014551077 -0.0043748636153610786 -0.0027802221844939676 0.0064666160278004387 0.0026473945831573323 -0.0066600713114526996 0.00036887182823890958 0.0010228401973202204 0.0085494916846019491 -0.0011223609250017199 -0.0050635608753195104 0.006318028929776379 -0.0059650280365409957 -0.00043389708071166802 0.0019353554632472272 0.00079941176241163706 -0.0077671749776820594 -0.0052327434608444631 -0.0030464366310819732 -0.005836579504915897 -0.0015533731165766887 -0.0026479882327271388 0.002938438141836515 0.01039427970136915 0.0013749774287612766 -0.0095497086680695134 -0.0066221380269189181 -0.0047407823401526689 -0.0017425373473050213 0.00045375165748455076 0.0021684776366926099 0.0058496977633430477 -0.0049766612761213257
leaf_weight=3550 84 116 175 128 4070 10486 1268 2399 611 1670 2146 7605 3444 178 505 1261 1674 748 1682 5947 1090 810 3761 217 5164 2281 1801 4355 152 4726 372 131 520 615 99 6230 428 337 2567 2036 154 60 370 2101 640 239 257 1051 221 596 763 1206 70 3599 51 326 353 2295 9808 940 585 681
leaf_count=3550 84 116 175 128 4070 10486 1268 2399 611 1670 2146 7605 3444 178 505 1261 1674 748 1682 5947 1090 810 3761 217 5164 2281 1801 4355 152 4726 372 131 520 615 99 6230 428 337 2567 2036 154 60 370 2101 640 239 257 1051 221 596 763 1206 70 3599 51 326 353 2295 9808 940 585 681
internal_value=1.2314e-05 -0.00126988 -0.00212791 0.000288164 0.000530029 -3.85905e-05 -0.000644968 0.00128624 -0.0025788 9.98966e-07 2.38037e-05 0.00089926 -0.000133548 -9.99476e-05 0.00022097 0.00188919 -0.000617928 -0.00016576 -0.00027156 -0.00267063 -0.00175902 -0.00275854 -0.000554235 -0.00234 -0.000374144 -0.000640468 -0.00186413 -0.000289204 0.00110092 0.00116876 0.00212075 0.000907202 0.00268533 -0.00060649 0.00135686 0.00071233 0.00381195 0.00484617 0.000780125 -0.00397519 -0.00220174 0.00287418 -0.0012534 0.000389298 0.00324424 -0.00383811 -0.00167939 -0.00216774 -0.00165895 -5.83759e-05 -0.000394892 0.00239855 0.00234011 0.000302176 0.00122233 -0.00295894 -0.00137092 -0.00140109 0.000126812 0.000724322 0.00321924 -0.0033774
internal_weight=113805 20149 11624 93656 61100 24055 16502 7553 4132 12370 4569 37045 7666 8525 7851 2627 5224 32556 31266 9209 3521 2431 24288 2225 22063 18302 4082 14220 3596 29379 6332 23047 5246 1086 714 6978 966 835 22081 3262 1884 214 5406 14476 1901 674 435 1226 726 2415 2299 1290 498 8814 3650 2008 1621 2423 12375 1536 2984 1051
internal_count=113805 20149 11624 93656 61100 24055 16502 7553 4132 12370 4569 37045 7666 8525 7851 2627 5224 32556 31266 9209 3521 2431 24288 2225 22063 18302 4082 14220 3596 29379 6332 23047 5246 1086 714 6978 966 835 22081 3262 1884 214 5406 14476 1901 674 435 1226 726 2415 2299 1290 498 8814 3650 2008 1621 2423 12375 1536 2984 1051
is_linear=0
shrinkage=0.05


Tree=25
num_leaves=63
num_cat=0
split_feature=39 1 55 46 33 14 44 22 23 61 10 26 77 16 10 1 57 26 32 32 51 1 16 48 33 46 74 27 41 29 63 67 16 22 60 26 58 42 55 76 50 51 33 33 76 76 32 42 9 55 7 14 65 13 43 53 10 43 74 44 23 10
split_gain=12.8473 7.12203 5.37653 4.87701 4.41122 6.14358 4.35237 4.02927 3.6486 3.43643 3.1112 3.06184 3.02564 5.69703 4.2338 3.87319 3.22541 4.50274 6.64229 5.89212 4.76568 3.45342 3.19326 3.448 3.16561 3.02235 3.02049 2.99236 2.89523 2.88117 2.83224 2.7612 2.66903 2.63501 2.50363 2.50032 2.48627 2.3991 2.39394 2.86709 2.35918 2.95004 2.34474 2.31875 2.43407 2.29758 2.28995 2.50565 2.28931 2.28684 2.26786 2.24274 2.23764 2.56289 2.33352 2.23467 2.23345 2.23251 2.22035 2.2121 3.25053 2.94326
threshold=0.49168303731066093 16.510000228881839 -0.003910791018674197 1.7325139045715334 1.1284654085741066 37.73359736044376 24.216250276565557 97.819999694824233 34.299570986096448 -0.52614291854302953 -0.39223049356617784 108.78065872192384 0.0027093735882427147 0.14720044863659545 -0.0093168615296306805 19.845000267028812 0.97417069542760537 107.58430099487306 0.47588915016722744 0.25196366890967964 0.30694266645030299 21.220000267028812 0.17449905382403411 1.0972181149289748 0.30919973945117957 92.264030456542983 -0.5295629539956398 0.6830127018922193 1.2978217460760986 0.0090334958820361706 0.75209497752796284 -1695.9784276539424 -0.18008884780948289 99.424999237060561 -0.10695109123905593 108.43002700805665 0.99999999879662893 -0.17043420054285122 -0.013527271433342257 -0.041230954793547922 340750.00000000006 0.52669711907446037 0.30133749083412936 1.3193058853231745 -0.002682603344103461 -0.1652982832410797 0.78339125671657972 -1.8548124584319998 0.038025446530550962 -0.0050216874389692459 76.151172828674319 9.3909566938602769 0.53506093886175632 80808.500000000015 4.178999900817872 0.0027755565150598799 1.2704344769733054 4.3844997882843026 0.68559067168788534 17.013250064849856 124.35868990084656 -0.16181783955651916
decision_type=2 2 2 2 2 2 2 2 8 2 2 2 2 2 2 2 2 2 2 2 2 2 2 2 2 2 2 2 2 2 2 2 2 2 2 2 2 2 2 10 2 2 2 2 8 8 2 2 2 2 2 2 2 2 2 2 2 2 2 2 10 2
left_child=1 2 25 7 6 9 30 -2 45 -6 -8 36 13 14 32 22 21 19 20 55 24 34 27 -24 50 31 56 29 -23 -14 -3 -1 -10 -22 -16 -20 -11 51 39 58 -34 59 49 44 -30 -5 -38 -48 -21 -36 -19 -13 54 -54 -25 -18 -17 -50 -32 60 61 -42
right_child=3 4 -4 8 5 -7 10 -9 12 11 -12 37 15 -15 16 26 17 18 35 48 33 28 23 52 -26 -27 -28 -29 43 -31 38 -33 40 -35 42 -37 46 -39 -40 -41 41 -43 -44 -45 -46 -47 47 -49 57 -51 -52 -53 53 -55 -56 -57 -58 -59 -60 -61 -62 -63
leaf_value=0.00081837896608192944 0.0019394798495753183 0.0011269355400807645 -0.0042031782369033746 -0.0058920638350602452 0.0016013934411166168 -0.0055601807630715049 0.0037887965522176432 -0.0027952592002300431 0.001522743530132294 0.0052961974527564026 -0.0012889444537101363 0.01303295592875465 -0.00021293161988363503 0.0065719180014058758 0.0066145787391173579 0.0009162919515890522 -0.0012595457131082261 0.002370613195121924 -0.00039921949932492773 0.0012127096043342365 0.0070256409609076561 0.00011402771852076152 0.0002380013188992722 0.00057461136576926551 -0.00010670759440300461 -0.0095550068274357376 -0.0014310347398553242 0.00039069744001245612 0.0080721506495695303 -0.0027574333500992366 0.0015912252278009326 -0.0023072747390993067 0.00038165179556136488 -0.0034383587525500096 5.7212418178762404e-05 -0.0041838362965181111 0.0020100069228608749 -0.0020431033357650647 -0.0013505690818035117 0.010407568065190241 -0.0040176926237244807 0.0048668988028187391 0.00026494923294410818 -0.0073360530480455896 0.0029275474572383136 0.0022633428887392825 0.0055202073191522039 -0.0042220287535806485 -0.00023580979817879028 0.0032968168925742061 0.00056681067173052391 0.0013379628644481804 -0.0093246940922524259 0.0016306854762616247 0.0056480786676234357 -0.0053416683303625402 0.0094406834861060253 -0.0057750280837250336 -0.004743932256918445 -0.00047766974789284489 -0.010896665247608326 -0.00063559765647376533
leaf_weight=1335 565 2186 2800 89 953 915 1134 2195 2122 91 411 76 2601 376 181 658 5278 5107 1228 4959 522 1023 4382 315 3236 103 7272 6148 248 1944 805 1501 7148 68 874 677 190 148 5676 79 951 229 7768 52 3153 2913 69 1518 1319 1446 2645 89 56 1143 808 358 87 211 167 9295 100 1988
leaf_count=1335 565 2186 2800 89 953 915 1134 2195 2122 91 411 76 2601 376 181 658 5278 5107 1228 4959 522 1023 4382 315 3236 103 7272 6148 248 1944 805 1501 7148 68 874 677 190 148 5676 79 951 229 7768 52 3153 2913 69 1518 1319 1446 2645 89 56 1143 808 358 87 211 167 9295 100 1988
internal_value=-2.07623e-06 -0.00114427 -0.00263526 0.000244621 -0.000554438 -0.00195567 -1.19251e-05 -0.00182601 0.000307438 -0.000903305 0.00243802 -0.00199775 0.000248947 0.000435834 0.000398733 -0.000211114 0.000702197 0.000362995 0.000991731 -0.00033616 0.00144189 0.0012913 0.000207909 0.00106343 0.00120683 -0.00114149 -0.0011204 -0.000328465 0.00245032 -0.00130127 -0.000436604 -0.000835925 -0.000162148 0.00581962 0.00078611 -0.0017442 -0.00276461 0.00257893 -0.00094469 0.00124729 -0.000343536 -0.000756147 0.000681535 0.00314248 0.00330269 0.00202156 -0.0031774 -0.00379845 0.000691056 0.00207638 0.00175515 0.00672475 0.00262116 0.00111901 0.00422498 -0.00151884 0.00191176 -0.000999715 0.000502777 -0.000860548 -0.00203161 -0.00172997
internal_weight=113984 20246 5739 93738 14507 4049 10458 2760 90978 3134 1545 2181 87976 62562 62186 25414 40353 25608 13483 12125 11578 14745 17397 6704 10988 2939 8017 10693 4476 4545 8913 2836 21833 590 10269 1905 1868 313 6727 1051 19711 12563 10088 3453 3401 3002 1777 1587 6489 2320 7752 165 2322 1199 1123 5636 745 1530 972 12334 3039 2939
internal_count=113984 20246 5739 93738 14507 4049 10458 2760 90978 3134 1545 2181 87976 62562 62186 25414 40353 25608 13483 12125 11578 14745 17397 6704 10988 2939 8017 10693 4476 4545 8913 2836 21833 590 10269 1905 1868 313 6727 1051 19711 12563 10088 3453 3401 3002 1777 1587 6489 2320 7752 165 2322 1199 1123 5636 745 1530 972 12334 3039 2939
is_linear=0
shrinkage=0.05


Tree=26
num_leaves=63
num_cat=0
split_feature=72 55 24 39 56 62 22 26 39 61 61 29 64 26 50 32 13 26 7 43 33 17 61 72 33 42 62 21 22 22 67 33 23 23 61 15 61 20 39 44 13 13 33 4 55 53 32 18 65 56 17 81 59 74 25 46 41 47 65 52 7 11
split_gain=12.0515 8.74492 7.97435 5.61565 5.11998 7.25271 5.86352 5.77835 6.13926 4.9058 4.02894 4.55266 3.94867 3.94763 7.1721 5.25309 4.14886 3.7879 3.69654 3.52583 3.84905 3.50278 3.20056 3.34617 3.00551 2.91136 2.83256 2.71889 2.68616 2.6598 2.60022 2.60258 2.5331 2.53209 2.48328 3.02928 2.46108 2.38427 2.36297 2.34298 2.33966 2.32304 2.30996 2.46399 2.27838 2.29646 2.19267 2.13552 2.13552 2.11687 2.88154 2.14699 2.10381 2.21858 2.06037 1.96885 2.1773 1.95933 1.95883 1.94635 1.93487 1.89867
threshold=20.068568255245275 -0.003910791018674197 0.23789431447884554 0.80445992601167482 1.0000000180025095e-35 0.20147564890919842 97.819999694824233 107.92645645141603 0.96324119347194181 0.12842284669149989 -0.052887851471832822 0.0029498534803996672 -0.013966050418974382 107.58430099487306 60522.000000000007 0.37918069985281772 557850.00000000012 105.91101074218751 3.1404999971389773 4.2974998950958261 0.40676314067520492 248.11923175811771 -0.22115658229731147 96.959854988527297 0.37177661991734701 0.2787643362477486 1.2072488949638012 65.794025982141889 98.424999237060561 98.625000000000014 -1495.5694836390915 1.9083478275148911 120.81627280734754 21.141172859636885 -0.3694716866487035 1.526914662345902 -0.10859808144159595 8.8502332822977596 0.90599731181466947 17.447000074386601 1.0000000180025095e-35 6018700.0000000009 1.0623067622679296 6.3009509038440159 0.02010073132586521 -0.00092665746107189182 0.14665423104278832 94.289474798942976 -0.68736114361025569 1.0000000180025095e-35 1.3067699998617173 -1.2749290545840306 0.024188732846935703 0.37249652412541556 76.792007446289077 1.8947178125381472 1.3666648114214461 -0.54835963975159696 0.31862618124885506 0.7283081307087681 8.1710319280624404 26.722498393264811
decision_type=2 2 8 2 2 2 2 2 2 2 2 2 2 2 2 2 2 2 2 2 2 2 2 2 2 2 2 2 2 2 2 2 8 8 2 2 2 2 2 2 2 2 2 2 2 2 2 2 2 2 2 2 2 2 2 2 2 2 2 2 2 2
left_child=1 2 -1 12 5 7 -7 8 22 -3 11 48 -2 14 29 -16 33 -10 -17 20 27 30 59 54 -18 26 -26 28 -6 -14 -4 -32 -22 -15 57 39 40 -27 41 52 -21 60 49 -44 -41 -46 -30 -29 -9 50 -35 -51 -36 -54 -24 -8 -57 -20 -12 -5 -11 -43
right_child=3 9 21 4 19 6 55 10 17 38 58 -13 13 16 15 18 24 -19 34 36 32 -23 23 -25 25 37 -28 47 46 -31 31 -33 -34 42 35 -37 -38 -39 -40 44 -42 61 43 -45 45 -47 -48 -49 -50 51 -52 -53 53 -55 -56 56 -58 -59 -60 -61 -62 -63
leaf_value=0.0043229075116026309 0.0017108839996805604 -0.0012582670858226203 0.00061547754450046622 0.00031679726389017399 0.001424604727663599 -0.0019510089832121527 -0.0046903140148118376 0.0036074259856389672 -0.0081148180572713242 -0.0028011278171674449 0.0024745913722255199 -0.0022792023360769355 0.00036556011668697347 0.0078001969353992014 -0.00077483581561970749 -0.00054716454632222872 4.4351861288839588e-05 -0.002514742952164068 0.0059234149327930773 0.005928216791938729 0.0034089162807958116 -0.0082852871935515486 0.0026751297713031338 -0.0027189235827718853 -0.0023877502599738264 0.0084476083738818063 -0.010242991293103904 0.00078187850800145401 0.0005041176737736611 -0.0026469868167749932 -0.0010241343241305025 -0.0057025920413648771 -0.00014336937571209727 0.0060386088456531681 -0.0045516083554821814 -0.0041494941458787155 -0.0016817302924260541 -0.00036011298603801263 0.00017048190009056509 0.0022022987743744301 0.0003374540055879665 0.0010380947836633172 -0.001118780699626992 -0.0088440870429244041 0.0016155239462783029 -0.002265990536201011 0.0036953485027283062 0.005505525450799905 0.00012836828803191569 -0.008895378233290013 0.00040706715573789475 -0.00068026932666360855 -0.0013036006807705944 0.0033176268178561454 -0.00063625923715362673 0.00023906881485658132 0.0019991170248524295 0.002222327304659611 0.00018543409005898187 0.0041026959115194493 -0.005544060152117631 -0.0087815106909605398
leaf_weight=876 2471 3387 2650 1062 3804 1382 126 559 340 1817 2587 2042 986 99 5662 2850 2043 2699 446 199 561 151 530 1967 6001 84 117 5575 628 2852 3372 326 4760 240 271 268 1667 901 323 4817 3138 56 313 154 921 650 3767 250 2091 81 4242 4389 724 405 4132 2274 7731 1804 1463 499 995 407
leaf_count=876 2471 3387 2650 1062 3804 1382 126 559 340 1817 2587 2042 986 99 5662 2850 2043 2699 446 199 561 151 530 1967 6001 84 117 5575 628 2852 3372 326 4760 240 271 268 1667 901 323 4817 3138 56 313 154 921 650 3767 250 2091 81 4242 4389 724 405 4132 2274 7731 1804 1463 499 995 407
internal_value=-1.97241e-06 -0.00135614 -0.000155339 0.000193221 0.000525677 0.000104608 0.0011041 -0.000471588 -0.00122201 -0.002624 0.000492324 -0.000504936 -0.000230658 -0.000346765 9.68122e-05 0.000498573 -0.000885218 -0.00314127 0.00104661 0.00107013 0.00137614 -0.000758961 -0.000509847 -0.00098949 -0.0016457 -0.0021318 -0.00253797 0.00181058 0.00239739 -0.00187305 -0.000579932 -0.00143657 0.000231153 -0.000154458 0.00148735 0.00107718 -0.000112869 0.000391002 -0.00390963 0.00125704 0.000670856 -0.00431204 -0.000238067 -0.00366631 0.00166304 9.55042e-06 0.00323935 0.00098461 0.000862253 -5.92251e-05 0.000708622 -0.000829134 -0.000595467 0.000354147 -0.000259804 0.00152086 0.00159908 0.00295597 0.00164767 0.00152702 -0.00377169 -0.00759383
internal_weight=113984 14360 7375 99624 55833 31484 11513 19971 11229 6985 8742 4692 43791 41320 22656 18818 18664 3039 13156 24349 19345 6499 8190 6629 9146 7103 6118 14024 8199 3838 6348 3698 5321 9518 10306 8056 5004 985 3598 7788 3337 3275 9419 467 6388 1571 4395 5825 2650 8952 4482 4470 1400 1129 4662 10131 10005 2250 4050 1561 2812 463
internal_count=113984 14360 7375 99624 55833 31484 11513 19971 11229 6985 8742 4692 43791 41320 22656 18818 18664 3039 13156 24349 19345 6499 8190 6629 9146 7103 6118 14024 8199 3838 6348 3698 5321 9518 10306 8056 5004 985 3598 7788 3337 3275 9419 467 6388 1571 4395 5825 2650 8952 4482 4470 1400 1129 4662 10131 10005 2250 4050 1561 2812 463
is_linear=0
shrinkage=0.05


Tree=27
num_leaves=63
num_cat=0
split_feature=39 0 20 55 61 56 76 59 51 44 33 26 55 31 62 44 26 74 45 63 22 22 61 28 33 14 44 1 41 62 74 41 23 62 62 1 52 39 61 15 44 52 50 25 28 39 64 33 33 56 42 58 61 77 76 32 71 13 51 49 26 26
split_gain=11.0791 7.15257 7.10918 5.81537 3.9725 4.9887 4.83929 3.51485 3.39794 8.78577 10.968 6.09269 3.9432 4.1458 3.87049 8.30864 6.81746 6.04364 5.38926 4.90539 3.62501 3.56813 6.17479 3.19422 3.17034 3.15988 3.13066 3.01134 3.69445 2.99492 4.2242 3.44889 2.94625 2.91207 2.89737 2.80202 2.72742 2.70227 2.62243 2.59249 2.62355 2.5608 2.56005 2.7368 2.50717 2.76029 2.62562 2.48112 2.47245 2.46954 2.85821 2.46301 2.6027 2.67569 2.44587 2.40291 2.3934 2.37612 2.30138 2.30057 2.2846 2.28233
threshold=0.2339972930577108 2.3705518237334258 2.763238298903786 -0.0095696381415945036 0.38696169481896359 1.0000000180025095e-35 -0.0012318614653630815 0.048736861892162552 0.40106316446021406 19.190500116348272 0.58599070280945054 107.58430099487306 -0.013133203939605874 17.820824809943911 0.19869632985585597 18.356250119209292 108.43002700805665 0.54710054576950251 16.940495491027836 0.90712004708673855 98.305000305175795 99.625000000000014 -0.093951154985429094 -0.68301270189221941 0.71727018960795741 56.406117285692694 18.179000043869021 16.510000228881839 1.1935312603059962 1.2072488949638012 0.84218078035540356 1.6071428308845546 112.285772306754 0.67273983305349894 0.68677654306782687 16.220000267028812 0.71794491164962182 0.95617832078389353 0.1500660554728154 1.0050349006910784 17.013250064849856 0.7279128849180645 218150.00000000003 77.240825653076186 0.68301270189221941 0.61188433908687745 -0.017180748922485774 0.18733427779669373 0.83505786615800204 1.0000000180025095e-35 -0.43131825799079737 1.2534079189573439 1.0000000180025095e-35 0.0035596139372557458 -0.043209505580417952 0.70399091336536068 1.0000000180025095e-35 3823650.0000000005 -0.26053429901064368 96.206892676299063 106.90305328369142 108.05874633789064
decision_type=2 2 2 2 2 2 8 2 2 2 2 2 2 10 2 2 2 2 2 2 2 2 2 2 2 2 2 2 2 2 2 2 8 2 2 2 2 2 2 2 2 2 2 2 2 2 2 2 2 2 2 2 2 2 10 2 10 2 2 8 2 2
left_child=1 27 3 -2 8 33 32 37 12 10 11 60 13 47 15 17 18 26 20 -17 -16 -21 -23 -20 -24 56 -14 -1 -29 31 48 49 57 -6 -18 -35 -37 -8 -19 -12 -41 -9 -22 -44 45 61 -46 -4 -31 58 -51 52 53 -49 -47 -15 -3 -7 -25 -33 -10 -5
right_child=2 25 4 44 5 6 7 41 9 -11 39 -13 14 55 16 19 34 38 23 21 42 22 24 29 -26 -27 -28 28 -30 30 -32 59 -34 35 -36 36 -38 -39 -40 40 -42 -43 43 -45 46 54 -48 51 -50 50 -52 -53 -54 -55 -56 -57 -58 -59 -60 -61 -62 -63
leaf_value=-0.0028600152080454576 0.00073689148467077827 -0.0026948044569969666 0.0015760260624515716 -0.0026281349255437075 -0.00038539445444653786 0.0072372144785702169 -0.0010472512073606288 -0.005096093086456744 -0.0022471611214981741 -0.0033561034507468461 0.00091821976733481999 0.0082964054030227278 -0.00016105421954753 0.0017241316237202047 -0.0018749978603783655 0.00075850613428173617 -0.0013847959381465581 0.002257290629988242 -0.001213998763190941 -0.00039215372805669676 -0.00073740034626611521 -0.00028384091515517711 -0.0038795401741857777 0.0069672309725760636 0.0074674643930934736 -0.0053346791697402654 0.0020130588754360408 0.0024054639656849444 -0.0017403026749307417 -0.011272618586216206 0.0097199197564238945 0.0048371493349483336 -0.0084768097499110778 0.0046832047313257073 -0.0085292243185297895 0.0039428827273367264 -0.0027022262229531246 0.0034096060873561509 -0.00024288286860719351 0.0016174197037679022 -0.0073338153024711319 0.0014132986856018625 0.0030411005442954105 0.00045469739795409481 0.0057645194062126079 -0.0013558999207996696 -0.00077659805874461072 -0.0010665078213704087 -0.00096377140105401811 -0.0021809899961940113 0.0014294406853720785 0.0015553976430825412 1.6712847331342113e-05 -0.0032563980657282069 0.0049095703992664439 0.0087531587062403566 0.0045011054508800269 -0.0060738881491762525 0.0018186393527686454 0.002491355644556114 0.0039532484129678113 -0.0065278257575793188
leaf_weight=772 3534 2187 1151 3320 3278 62 2338 805 203 666 1005 955 10192 753 1658 6065 1571 7590 803 11393 1985 2797 2689 229 63 1386 1977 1354 891 112 53 1380 410 664 156 263 374 398 1217 129 224 186 1641 2715 163 2526 2609 6048 121 877 1462 983 3839 1813 166 145 122 73 4158 4308 554 423
leaf_count=772 3534 2187 1151 3320 3278 62 2338 805 203 666 1005 955 10192 753 1658 6065 1571 7590 803 11393 1985 2797 2689 229 63 1386 1977 1354 891 112 53 1380 410 664 156 263 374 398 1217 129 224 186 1641 2715 163 2526 2609 6048 121 877 1462 983 3839 1813 166 145 122 73 4158 4308 554 423
internal_value=-1.87379e-06 -0.00197256 0.000121432 -0.000987289 0.000270866 -0.000737593 -0.00196655 -0.00132303 0.000375043 0.00184971 0.00297905 0.00564077 0.00030781 -0.000433036 0.000470194 0.000194452 0.000992298 0.000914169 0.00123506 -0.000461729 0.000206584 -0.000898556 -0.00193828 0.00184431 -0.00361978 -0.00344743 0.000192157 -0.000166239 0.000760084 0.00203768 -0.00302096 0.00215422 -0.0063673 0.000408969 -0.00203015 0.00241045 4.13588e-05 -0.000398922 0.0019118 -0.000376522 -0.00406268 -0.00387435 0.000750861 0.00142905 -0.0016491 -0.00219063 -0.000391965 -0.000646737 -0.0059191 0.00138783 7.57221e-05 -0.000848456 -0.00105042 -0.00157157 -0.000969545 0.00285911 -0.0023146 3.9359e-05 0.00208739 0.00306048 0.00229052 -0.00306884
internal_weight=113984 6712 107272 12741 94531 8851 4272 3727 85680 3736 3070 1712 81944 14732 67212 43983 23229 20976 21502 23007 7999 16942 5549 13503 2752 3695 12169 3017 2245 12700 286 12414 545 4579 1727 1301 637 2736 8807 1358 353 991 6341 4356 9207 6435 2772 13834 233 6726 2339 12683 11700 7861 2692 898 2309 135 4387 5688 757 3743
internal_count=113984 6712 107272 12741 94531 8851 4272 3727 85680 3736 3070 1712 81944 14732 67212 43983 23229 20976 21502 23007 7999 16942 5549 13503 2752 3695 12169 3017 2245 12700 286 12414 545 4579 1727 1301 637 2736 8807 1358 353 991 6341 4356 9207 6435 2772 13834 233 6726 2339 12683 11700 7861 2692 898 2309 135 4387 5688 757 3743
is_linear=0
shrinkage=0.05


Tree=28
num_leaves=63
num_cat=0
split_feature=72 39 69 14 44 29 43 61 68 50 25 68 48 32 13 44 59 13 61 42 62 44 61 61 29 76 33 42 61 4 43 73 43 15 62 18 60 26 25 50 63 57 39 1 44 15 15 81 62 13 9 6 1 17 28 39 70 39 42 13 18 81
split_gain=10.2715 6.35789 5.81028 4.18655 3.69717 4.26296 6.33317 6.72965 3.35128 3.29007 5.69677 4.50423 4.81328 3.87906 3.50023 3.12308 4.00606 3.86815 3.39576 3.10818 3.41042 3.06043 3.56291 2.82554 3.00849 2.81423 2.72876 3.0846 2.81364 2.62753 2.62562 2.62101 2.61702 3.25164 3.16697 4.42407 3.51732 3.18506 2.57059 2.55749 2.40479 2.35145 2.35066 2.24495 2.7692 3.20055 2.29671 2.20322 2.18381 2.18159 2.16831 2.16327 2.15155 2.13678 2.10004 2.08907 2.07673 2.38781 2.58433 2.05542 2.01415 1.97026
threshold=13.005984230778447 0.79420367333340203 0.072785176977522195 35.226662914049278 15.580750036239627 -0.014226650989254741 4.3844997882843026 -0.12094234498182273 -0.034306283005583631 71720.000000000015 77.698593139648452 0.059910006152580027 -0.16750955361410433 0.30925937486192151 340550.00000000006 18.475250124931339 0.055394416854811133 1806450.0000000002 -0.64574953318914619 0.11496721630621189 1.2072488949638012 15.580750036239627 0.1729410301480214 0.22435998451393277 0.0069698394087045487 -0.081130902714627182 2.0970918246433583 -0.18967502131729286 -0.60534763313874163 0.69049999117851268 4.2654998302459726 3.7942973471877264 4.0340001583099374 0.60977357008689326 0.22204742730558161 92.380945054994484 -0.018649803264455974 108.01687622070314 79.024673461914077 348050.00000000006 0.61642733377402192 0.99268944805721404 0.69169075245439504 22.545000076293949 17.447000074386601 0.32856495094954358 0.57947445047074231 -0.60828082144533158 0.47290214001953451 5352750.0000000009 0.098726098766013251 1.991056936513685 15.799999713897707 10.306657496690752 -0.68301270189221941 0.99999999984690724 -0.42574152097030998 0.42287190372962408 -0.16416829660606722 380150.00000000006 19.492564183197924 -1.329693696462273
decision_type=2 2 2 2 2 2 2 2 2 2 2 2 2 2 2 2 2 2 2 2 2 2 2 2 2 8 2 2 2 2 2 8 2 2 2 2 2 2 2 2 2 2 2 2 2 2 2 2 2 2 2 2 2 2 2 2 10 2 2 2 2 2
left_child=3 2 9 26 23 8 32 55 -6 10 47 13 -13 -11 30 16 -15 61 -19 20 25 22 42 48 -25 -16 27 -1 -29 -12 53 -28 33 -7 36 37 -34 43 -10 -5 -27 -9 -4 44 45 60 -45 -2 52 -24 -48 -38 59 -14 -18 -8 -49 -58 -59 -3 -36 -17
right_child=1 4 21 39 5 6 7 41 38 11 29 12 14 15 19 17 54 18 -20 -21 -22 -23 49 24 -26 40 31 28 -30 -31 -32 -33 34 -35 35 -37 51 -39 -40 -41 -42 -43 -44 46 -46 -47 50 56 -50 -51 -52 -53 -54 -55 -56 -57 57 58 -60 -61 -62 -63
leaf_value=0.0016321423372796118 0.0055134817935703767 0.002405767156160235 -0.0020619833217843451 -0.0071361437369588127 -0.0022326386926876944 0.0016789617849283169 0.00067786129224418879 -0.0029297430808599648 0.0013440286598883054 -0.0011831374467816895 0.0075232436815276752 0.00073988186266640756 0.0030740331373654154 0.00069666400137534563 0.0088662008289247755 0.0063263452775026959 -0.0059153192217428043 0.0074353812599154429 0.0023311623961573525 0.00021225301251046768 -0.010340100221066295 -0.00072462927070599296 -0.0031855038351439936 -0.0017995903745485653 0.0020777674387878107 0.0071280266584481224 0.0063669954462406732 0.0017694164281745308 -0.0028622540337494267 0.00014813422987920564 -0.002196642540504281 -0.0053055558520736668 -0.0013519591759332706 -0.0013621832828208493 0.0057134263143585676 0.0034043510465774258 0.00046758663108796805 -0.0017133980081138053 0.0077165592528347458 -0.00096482733954923587 -0.003067514929359489 -0.0072785249068578559 0.0017300233230920564 0.0010851092381956337 -0.00016583213911445306 0.0047496626880055926 0.0071124275401297059 0.0021362582248492311 0.0063779580712753497 -0.0082657041367280755 -0.0029163844425172088 -0.00077206349164793669 0.0027293032742443518 -0.0022806975881668455 -0.0011252712958164678 -0.0089614396113744492 -0.0047282741308144749 0.00096999945103529205 -0.0031749117497077033 -0.00045863095340834117 -0.00069256754058709652 0.0007157785555628849
leaf_weight=835 84 1082 1160 629 660 5170 1188 662 9272 2277 125 4069 845 3928 52 160 359 363 3184 961 152 11210 1825 1170 874 59 52 407 1687 3567 615 640 5828 1059 145 1368 11218 1546 161 229 2931 586 631 737 5043 703 373 208 274 239 63 5128 2935 239 631 59 1217 556 1162 1487 798 7107
leaf_count=835 84 1082 1160 629 660 5170 1188 662 9272 2277 125 4069 845 3928 52 160 359 363 3184 961 152 11210 1825 1170 874 59 52 407 1687 3567 615 640 5828 1059 145 1368 11218 1546 161 229 2931 586 631 737 5043 703 373 208 274 239 63 5128 2935 239 631 59 1217 556 1162 1487 798 7107
internal_value=-1.7801e-06 9.42129e-05 -0.000322055 -0.00234867 0.000442908 0.000289816 6.65221e-05 -0.002376 0.0012118 3.26162e-05 -0.000943484 0.000274405 -0.000580963 0.000745714 -0.00149906 0.00102489 -1.97539e-05 0.00149997 0.00285353 -0.00228087 -0.00303099 -0.00114254 -0.0023578 0.00145609 -0.000141659 -0.00266578 -0.00160456 -0.000937395 -0.00196202 0.000397833 0.000412911 -0.00442843 0.000222067 0.00116193 4.43913e-05 0.000747556 -0.000297329 0.000361237 0.00145279 -0.00548902 -0.00286633 -0.00497172 -0.000725994 0.000769197 0.000415383 0.00219611 0.00278681 -0.00247808 0.00202131 -0.00377376 0.00566331 7.86887e-05 0.00180443 0.00189342 -0.00286227 0.000221792 -0.00269166 -0.00303381 -0.00183349 0.000747784 0.000292447 0.000839308
internal_weight=113984 109505 49916 4479 59589 51767 41674 2495 10093 34851 6919 27932 9923 18009 5854 15732 4918 10814 3547 4155 3194 15065 3855 7822 2044 3042 3621 2929 2094 3692 1699 692 39179 6229 32950 10776 22174 9408 9433 858 2990 1248 1791 7862 6689 1646 1173 3227 5778 2064 436 16346 5504 1084 990 1247 3143 2935 1718 2569 943 7267
internal_count=113984 109505 49916 4479 59589 51767 41674 2495 10093 34851 6919 27932 9923 18009 5854 15732 4918 10814 3547 4155 3194 15065 3855 7822 2044 3042 3621 2929 2094 3692 1699 692 39179 6229 32950 10776 22174 9408 9433 858 2990 1248 1791 7862 6689 1646 1173 3227 5778 2064 436 16346 5504 1084 990 1247 3143 2935 1718 2569 943 7267
is_linear=0
shrinkage=0.05


Tree=29
num_leaves=63
num_cat=0
split_feature=39 0 20 55 61 56 24 51 44 72 26 55 72 22 39 26 49 32 61 9 33 26 62 15 59 73 23 61 1 41 51 14 62 60 72 43 40 51 39 59 53 41 41 23 43 33 51 65 62 63 55 77 71 69 62 17 10 24 26 3 15 62
split_gain=9.29575 6.21294 6.03298 5.12233 3.38289 4.29938 4.23607 3.08303 7.95876 10.0237 5.88309 3.45503 4.03773 8.0694 3.97182 3.9808 3.41951 3.87956 3.37162 3.17233 3.08463 3.00463 3.7104 2.87753 2.85167 2.81895 2.77123 2.67747 2.64107 3.26245 2.63552 2.61825 2.60757 4.47175 2.52583 2.38136 2.84239 2.46973 2.33828 2.32401 2.30252 2.59895 2.23071 2.23047 2.21492 2.21103 2.17281 2.14013 2.12106 2.2534 2.11991 2.10079 2.09448 2.07508 2.02253 1.98206 1.96462 1.91575 1.88092 1.85287 2.67026 1.83387
threshold=0.2339972930577108 2.3705518237334258 2.763238298903786 -0.0095696381415945036 0.38696169481896359 1.0000000180025095e-35 0.0067611727584308461 0.40106316446021406 19.190500116348272 29.795609527869285 107.58430099487306 -0.013133203939605874 105.60924335602307 99.05999755859375 0.82151339592087924 107.58430099487306 7.3460158205298347 0.71593487456568861 -0.16502668020631669 -0.0022775639134150478 0.30133749083412936 108.78065872192384 0.040548648770086036 1.0050349006910784 0.048736861892162552 14.664262259020269 112.285772306754 -1.2719672661949721 16.510000228881839 1.1935312603059962 0.86965202322215862 56.406117285692694 0.67273983305349894 -0.013954867402503455 102.27216664785225 4.059500217437745 0.0068516947458496799 0.18429315289652465 0.95617832078389353 0.11191595804529129 0.0023042114651947838 1.1474426667238247 2.4347436586670415 10.659755711788721 4.1099998950958261 0.3299804959911925 0.022395050395577768 0.15826598121292998 0.84373981989277269 0.66238923443147235 0.0076197785581842989 0.018537392840791943 1.0000000180025095e-35 0.079289158623567793 0.2409008079268454 1.0660049988329414 -0.5810644338555363 0.086287743900615721 106.72708892822267 0.4964522197766677 0.7852603848532137 0.56662213023923269
decision_type=2 2 2 2 2 2 8 2 2 2 2 2 2 2 2 2 10 2 2 2 2 2 2 2 2 10 8 2 2 2 2 2 2 2 2 2 2 2 2 2 2 2 2 10 2 2 2 2 2 2 2 2 10 2 2 2 2 8 2 2 2 2
left_child=1 28 3 56 7 32 26 11 9 23 58 16 14 -14 15 18 34 43 19 -13 -17 25 -23 61 30 27 -7 -16 -1 -30 38 52 46 -34 -4 -5 37 55 -8 51 41 -15 -27 -18 -26 -10 59 -25 49 -22 -49 -29 -3 -31 -20 -37 -2 -39 -11 60 -6 -9
right_child=2 31 4 35 5 6 24 8 45 10 -12 12 13 40 21 20 17 -19 54 -21 48 22 -24 47 44 42 -28 39 29 53 -32 -33 33 -35 -36 36 -38 57 -40 -41 -42 -43 -44 -45 -46 -47 -48 50 -50 -51 -52 -53 -54 -55 -56 -57 -58 -59 -60 -61 -62 -63
leaf_value=-0.0026460578480354355 0.005483541098593051 -0.0025058913176673313 -0.00086283730132275199 -0.0031086891642442462 0.0013975311713464345 0.00058330310739546532 -0.0012364872673275209 -0.00072665202829446046 -0.010018897373090951 -0.0044976526370024963 0.0077475073642518507 0.0023464065592981253 0.0010592622064587256 -0.0036261493929127062 0.01220738390346434 0.001454456507685626 -0.0026753853659568991 0.0085926630446607234 -0.00048652191289591767 0.00013078427942137363 0.0044872888780905715 0.0016002091297671812 -0.002128030894932471 -0.0090135263793182964 -0.0069884068377557675 0.001727300345546232 -0.0079761848725779291 0.00088464686080653727 0.0022903777201016169 -0.0027771402414224207 0.01014178350471474 -0.0048993102268955549 0.0045926561471771972 -0.0014335770387668163 0.0018331505954411892 -0.0037354391766033926 0.0018054364473893362 0.0023960082152953898 0.0029449678351268975 0.011618519120384009 -0.0047524492254619067 -0.00062445774814187866 0.0046663066374256238 0.0020517279321161162 -0.001907804707524612 -0.0019869697322261281 -0.0012489860078371622 0.0027230151330253911 -0.0042762140465105224 -0.00090723249542378262 -0.0086322986425404428 -0.0029267278254699542 0.0042256632762518332 0.0033637917580713024 0.0010725910293363618 -0.00044256136416145284 0.00041705106812313212 -0.0033755746630527335 0.0029055597374855417 0.0051718434544566734 -0.0074646445456892259 0.0039583451352230023
leaf_weight=772 203 2187 12266 1899 687 123 2307 620 101 98 1012 4098 3586 1091 52 1544 331 186 6482 2667 198 1116 1660 149 316 4167 409 24310 1354 721 58 1386 801 500 935 515 745 156 391 50 730 2127 764 1014 668 565 2234 126 458 8682 61 367 122 170 3063 4057 3331 1835 689 260 97 315
leaf_count=772 203 2187 12266 1899 687 123 2307 620 101 98 1012 4098 3586 1091 52 1544 331 186 6482 2667 198 1116 1660 149 316 4167 409 24310 1354 721 58 1386 801 500 935 515 745 156 391 50 730 2127 764 1014 668 565 2234 126 458 8682 61 367 122 170 3063 4057 3331 1835 689 260 97 315
internal_value=-1.6911e-06 -0.00180682 0.000111255 -0.000910103 0.000248915 -0.0006817 -0.0018226 0.000345051 0.00174972 0.0028246 0.00522604 0.000281009 0.000433009 -0.000657702 0.000570705 0.000124859 -0.000412465 0.00182439 0.000619012 0.00147293 -0.000615782 0.000943895 -0.000629214 -0.000574454 -0.00122878 0.00109088 -0.00599721 0.000873617 -0.000123321 0.000744186 -0.000403799 -0.00318141 0.000382705 0.00227666 -0.000671886 -0.00153122 -0.00112132 -0.00145355 -0.000630502 0.000849783 -0.00221723 -0.00164212 0.00218266 0.000888401 -0.00353938 -0.00320502 -0.000368982 -0.00454311 -0.000958087 -0.000786949 -0.000981125 0.000827964 -0.00215022 -0.00160547 1.3799e-05 -0.000813478 0.00070808 -0.00292336 0.00198369 0.00151409 0.000301063 0.000851716
internal_weight=113984 6712 107272 12741 94531 8851 4272 85680 3736 3070 1799 81944 67212 7534 59678 27192 14732 1531 16310 6765 10882 32486 2776 1271 3740 29710 532 24779 3017 2245 2756 3695 4579 1301 13201 9207 7308 6563 2698 24727 3948 3218 4931 1345 984 666 3278 336 9338 8880 187 24677 2309 891 9545 4572 3534 1991 787 1044 784 935
internal_count=113984 6712 107272 12741 94531 8851 4272 85680 3736 3070 1799 81944 67212 7534 59678 27192 14732 1531 16310 6765 10882 32486 2776 1271 3740 29710 532 24779 3017 2245 2756 3695 4579 1301 13201 9207 7308 6563 2698 24727 3948 3218 4931 1345 984 666 3278 336 9338 8880 187 24677 2309 891 9545 4572 3534 1991 787 1044 784 935
is_linear=0
shrinkage=0.05


Tree=30
num_leaves=63
num_cat=0
split_feature=72 55 24 79 24 67 77 68 50 61 15 62 42 52 50 55 77 64 27 17 33 26 51 62 33 51 28 65 27 23 24 33 27 70 28 14 53 10 32 61 9 33 15 50 14 6 69 47 79 76 53 47 33 62 76 56 15 81 1 2 81 23
split_gain=9.18747 7.10157 5.30609 4.4664 3.70674 3.30784 3.2606 3.18525 3.32315 3.15006 3.49513 3.07193 5.19538 4.18433 2.99647 2.87672 2.8049 3.71446 2.72861 2.69553 2.66032 2.64594 3.70641 3.50221 3.39418 3.66253 2.75103 2.60718 2.51048 4.44116 2.96137 3.82889 4.31114 2.63533 2.49024 3.91206 2.36445 2.37801 2.24842 3.12567 2.23785 2.62156 2.19747 2.16063 3.20003 2.38932 2.30158 2.13539 2.26547 2.12024 2.06097 2.04997 2.04629 2.37214 2.17592 1.96807 1.96784 1.94596 2.98684 1.93209 1.92094 1.86293
threshold=20.068568255245275 -0.003910791018674197 0.23789431447884554 0.63148293594242044 -0.0028757460928223602 -4673.9680608145745 0.0030521422995185266 0.02538798815394561 18445000.000000004 0.32853042688479067 0.60977357008689326 0.3299584229414575 0.83586732866048785 0.72256691354152813 6944550.0000000009 0.02010073132586521 -0.00047625451924262205 0.0034075823916208813 0.6830127018922193 96.696345119476334 1.4049233682473408 107.58430099487306 0.66614432713667338 0.10815061025879928 0.39524832186923214 0.17483942606011132 -0.68301270189221941 -0.013941050316644466 0.6830127018922193 97.804910662283149 0.35779680792936719 0.63150849251220775 0.25000000000000017 -0.17031663588922694 0.68301270189221941 37.73359736044376 -0.019853933419797905 -0.1478489062454362 0.22726494894106461 0.18236241735394693 -0.039334109799068866 0.94261256642782054 0.44120737058653609 2382150.0000000005 2.35202465545655 7.9273207528250564 0.063510984698523357 -0.97241932872037651 0.012753741013222722 -0.027981683222633485 0.0024373403922818564 0.17077474996458977 0.30919973945117957 -0.16914196983258162 0.016943822490845899 1.0000000180025095e-35 -0.090482463460998461 1.6003563359869017 15.97499990463257 4.2105000019073495 -0.0060748353279543562 34.299570986096448
decision_type=2 2 8 2 10 2 2 2 2 2 2 2 2 2 2 2 2 2 2 2 2 2 2 2 2 2 2 2 2 10 8 2 2 10 2 2 2 2 2 2 2 2 2 2 2 2 2 2 2 10 2 2 2 2 10 2 2 2 2 2 2 8
left_child=1 2 -1 9 6 47 19 8 -3 16 14 -8 18 -14 36 -9 17 28 -13 21 43 23 24 26 25 -23 -5 -15 30 40 31 -2 -33 51 42 -36 -11 -38 -28 50 60 -42 -18 45 -45 46 -7 48 -4 -6 -40 -32 55 -54 57 -51 -37 -55 -59 -26 -30 -56
right_child=3 7 5 4 49 20 11 15 -10 10 -12 12 13 27 -16 -17 34 -19 -20 -21 -22 22 -24 -25 59 -27 38 -29 29 -31 33 32 -34 -35 35 56 37 -39 39 -41 41 -43 -44 44 -46 -47 -48 -49 -50 52 -52 -53 53 54 61 -57 -58 58 -60 -61 -62 -63
leaf_value=0.0035125033143114204 0.0011146426492729248 -0.003039143374807885 -0.0078566106245168219 0.0012640552045086479 -0.0082246303403129186 0.00074015107650525123 -0.00081070497002739379 -0.00063057713632155333 -0.0093913358204405425 0.0065370781984909077 -0.0056247040031165109 -0.0023924034162448671 -0.0015942271835280254 0.0070989019677900785 -0.0045395296019663245 -0.0044003597340746261 0.00014050565989799036 0.0051744459733394747 0.0013156407024281301 -0.00034201405514489632 -0.0038979462427297324 0.0015725700469976134 0.0096541145114529443 0.0011927174860390014 0.0034570113963764528 0.0053705708852170835 -0.0029276898122162953 0.0025695620100718154 -0.006271148100376548 -0.0082455218687472447 0.00096820843593747549 0.0088103686824888196 -0.00067780099128971676 -0.00039581858175437502 -0.00040803583605924631 -0.0044829862572368885 -0.0017320441499746519 0.00026065855977179764 0.0014439521879559903 -0.0053974387795820197 0.00038344889883783141 -0.0073400572818562593 -0.0037206603148244436 -0.0049139309196254699 0.0049001048725172457 -0.010204682334301038 -0.0022831533864332647 0.0014222122236148289 0.0006342360836213395 -0.00051525848735443588 -0.00318193790081329 -0.0045257599173770474 -0.0049053786761270694 0.0038677448132985836 0.0030055463542521467 0.0021873813900316129 -0.0016372631745590603 -0.011582150268189324 0.002372874287499294 -0.00046216580112560352 -0.001130162552638915 -0.0018399253936136615
leaf_weight=879 1995 3211 136 1283 54 1037 9244 2857 220 115 411 1214 425 472 514 615 10420 385 839 5406 900 6811 136 5302 354 700 1460 972 196 180 9153 379 175 7432 5454 1021 2893 3103 1254 257 5771 112 382 111 330 74 1602 2090 186 1498 298 173 104 2369 380 1224 1500 52 146 2816 2491 415
leaf_count=879 1995 3211 136 1283 54 1037 9244 2857 220 115 411 1214 425 472 514 615 10420 385 839 5406 900 6811 136 5302 354 700 1460 972 196 180 9153 379 175 7432 5454 1021 2893 3103 1254 257 5771 112 382 111 330 74 1602 2090 186 1498 298 173 104 2369 380 1224 1500 52 146 2816 2491 415
internal_value=-2.68828e-05 -0.00121455 -0.00013239 0.000142778 0.000508204 -0.000627883 0.000328188 -0.00236601 -0.00344645 -0.00016358 -0.00115055 -0.000313228 0.000859305 0.00276659 -0.000872986 -0.00129832 -1.65131e-05 0.000296602 -0.000877036 0.000652032 -0.00150019 0.000912 0.00145192 0.000319312 0.00134749 0.00192653 -0.000697998 0.00405007 0.000229668 -0.000472889 0.000548068 0.00213583 0.0058132 0.00030656 -0.000490796 -0.00116093 -0.000564591 -0.000700797 -0.00146805 -0.000290018 -0.000309636 0.00023641 3.96008e-06 -0.00081599 0.00242991 -0.00134361 -0.00109514 0.000838264 -0.00295196 0.00163996 0.000555734 0.000866294 0.00172604 0.0025318 0.00276187 0.000700036 -0.00278978 0.00346975 -0.00129208 -2.45037e-05 -0.00150517 0.000476149
internal_weight=113988 14248 7345 99740 45485 6466 39243 6903 3431 54255 7036 13166 3922 1869 6625 3472 47219 28442 2053 26077 4054 20671 10817 9854 10681 7511 4552 1444 28057 8750 19307 2549 554 16758 18777 7975 6111 5996 3269 1809 8570 5883 10802 3154 441 2713 2639 2412 322 6242 1552 9326 6188 3466 3362 2722 2521 2567 198 3170 2687 795
internal_count=113988 14248 7345 99740 45485 6466 39243 6903 3431 54255 7036 13166 3922 1869 6625 3472 47219 28442 2053 26077 4054 20671 10817 9854 10681 7511 4552 1444 28057 8750 19307 2549 554 16758 18777 7975 6111 5996 3269 1809 8570 5883 10802 3154 441 2713 2639 2412 322 6242 1552 9326 6188 3466 3362 2722 2521 2567 198 3170 2687 795
is_linear=0
shrinkage=0.05


Tree=31
num_leaves=63
num_cat=0
split_feature=39 6 61 55 62 33 80 65 41 73 61 5 10 73 76 14 15 44 61 41 13 55 39 72 22 29 43 81 58 59 76 14 11 26 50 49 60 2 61 26 73 20 13 61 33 59 15 41 58 32 67 21 10 81 80 14 33 22 10 50 10 13
split_gain=9.33736 5.41324 4.85184 5.01628 4.60738 4.45162 4.18246 3.3512 3.85166 3.6954 2.80552 2.99111 3.78748 3.46083 2.9442 2.90792 5.04421 4.57061 4.232 3.74549 3.02949 2.98048 3.71553 5.67864 4.64744 3.39346 2.98659 3.18159 2.91527 2.88766 2.78585 2.78277 2.65024 2.63986 2.56136 2.50904 2.47744 2.94415 2.39158 3.21434 2.84364 2.35764 3.24727 3.00452 2.87844 2.35263 2.68017 2.32035 2.87808 2.34686 2.29708 2.27247 2.22852 2.20351 2.17263 2.15696 2.884 2.81799 2.13648 2.10552 2.07277 2.05677
threshold=0.2072335588896628 0.94360055900651185 0.37680977510581232 -0.003910791018674197 0.67273983305349894 1.9083478275148911 -4.1667437765012194e-05 1.7272479953981772 2.3706093951828637 36.72707029604323 -0.92202120009849597 3.110195636749268 -0.41350781851969259 23.834002473384317 -0.081130902714627182 69.940731949185775 0.57947445047074231 20.145500135421756 -0.11177671175263722 4.5461552334153232 2260850.0000000005 -0.0050216874389692459 0.74579060230989469 98.182671987539507 99.05999755859375 -0.053779222096284211 4.3115000724792489 0.99399950758613798 1.1427643911742857 0.028740707079078168 -0.087787088734255961 5.1792999849541301 36.842103020980737 107.92645645141603 1.0000000180025095e-35 2.3520497618316099 0.045197191158121826 2.3805000782012944 -0.1395064201349247 108.0294532775879 7.6449330692146349 16.184356986745229 304250.00000000006 -0.36288036214689595 0.39524832186923214 0.090311476209959274 -0.69602197875200689 1.2432124533907194 1.1304347504249612 0.29263718118555804 -22462.336292375756 1.2552630703797718 -0.5810644338555363 -1.5964786390063876 0.40440996882968916 2.056764674038964 0.5645157794773582 97.819999694824233 -0.39223049356617784 93050.000000000015 0.5463489329771879 4063600.0000000005
decision_type=2 2 2 2 2 2 2 2 2 10 2 2 2 8 8 2 2 2 2 2 2 2 2 2 2 2 2 2 2 2 8 2 2 2 2 8 2 2 2 2 8 2 2 2 2 2 2 2 2 2 2 2 2 2 2 2 2 2 2 2 2 2
left_child=1 32 5 4 33 6 -2 8 36 -10 14 12 -12 30 -8 19 17 53 47 21 29 25 26 41 -25 -13 27 -23 -22 -21 -14 45 52 -4 -18 -28 37 -5 39 40 -27 50 44 -44 -43 46 -15 -19 -49 -50 -24 -35 -1 -17 -36 57 -57 -48 -55 -37 -41 -58
right_child=2 -3 3 7 -6 -7 10 -9 9 -11 11 15 13 31 -16 16 34 18 -20 20 28 22 23 24 -26 38 35 -29 -30 -31 -32 -33 -34 51 54 59 -38 -39 -40 60 -42 42 43 -45 -46 -47 55 48 49 -51 -52 -53 -54 58 -56 56 61 -59 -60 -61 -62 -63
leaf_value=0.001809933256354961 0.0015454229461521526 -0.0044614404981715003 -0.0012143606107783359 -0.0041231402431485169 0.0028948702742982433 -0.004562954608204042 0.01365487269379876 0.0015055813778236996 -0.0050611371734747114 0.0012933721843270448 0.0013203467296185305 0.0038293067386077173 -0.0017383955757726323 0.0063955708435210201 0.0018645826963118351 -0.010538875025368351 0.0081133184589701392 -0.0024570523873130284 -0.0037018095197062862 0.0055196766635473779 0.0060380888378800436 -0.00032297413721068375 0.0026490186672133123 0.0015535058046602986 -0.0016496421383351526 0.0068974291855526757 0.010369659476227274 -0.0081747173031308622 -0.0017424593086508738 -0.0044387092771779185 0.0092367987731796618 -0.01200495335243402 -0.0021038706875169907 0.0098688573647243323 0.00071137024534027318 -0.0020824944617754012 -0.0032075581308059378 6.6607711498518286e-05 0.00038559756988736338 -0.0023017160762988939 -0.00016298768833754215 0.0038272406233833449 0.0043665366995967285 0.00096046576521164424 0.00068459359375315965 -0.005712136705761507 0.0024453170180999315 0.001759426436421276 0.0030329951751304584 -0.0072065926302939606 0.00033159602923670022 0.001029780843246502 -0.0018274296226103188 0.0043631380298085366 0.0046132494174575397 -0.00027860508119258132 -0.0037960650093537777 -0.0011490576418348977 -0.00021217876373144499 0.0017313423311822885 0.0017451265887509428 0.0037088199853315021
leaf_weight=1106 5640 1590 3234 497 1287 488 55 711 1499 270 1769 565 99 115 1420 51 142 990 2012 79 187 8530 1341 1855 2907 146 76 131 338 927 139 62 2467 79 2620 425 1261 2682 11712 3130 6144 3171 725 6053 946 298 678 1164 81 181 5278 914 680 260 413 1156 1862 2786 13679 2437 352 96
leaf_count=1106 5640 1590 3234 497 1287 488 55 711 1499 270 1769 565 99 115 1420 51 142 990 2012 79 187 8530 1341 1855 2907 146 76 131 338 927 139 62 2467 79 2620 425 1261 2682 11712 3130 6144 3171 725 6053 946 298 678 1164 81 181 5278 914 680 260 413 1156 1862 2786 13679 2437 352 96
internal_value=-2.55386e-05 -0.00197241 7.96496e-05 -0.000849521 0.000275538 0.00020036 0.000224771 -0.00174599 -0.00211833 -0.00409126 0.000141625 0.000105421 -0.000755096 -0.00125866 0.00230422 0.000204049 -0.00029063 -0.000607923 -0.00200797 0.000389961 -0.00204994 0.000456757 0.000751246 0.00112911 -0.000401881 4.3185e-06 2.55589e-05 -0.000441734 0.0010289 -0.00365669 0.00467149 -0.00145877 -0.00104188 -0.000521974 0.00154997 0.0014031 -0.00133227 -0.000588411 -9.62735e-05 -0.000673809 8.94802e-07 0.00154538 0.00199754 0.00132479 0.00310513 -0.00136524 -0.00117169 -0.000597363 0.000693725 -0.00404092 0.000801103 0.00173299 0.000425047 -0.000164793 0.00124268 -0.00130399 -0.00225893 -0.00044554 -0.000126837 0.001165 -0.00189262 -0.0034281
internal_weight=113988 5843 108145 12434 5514 95711 95223 6920 6209 1769 89583 88108 9060 7291 1475 79048 21593 18418 4428 57455 1531 55924 33875 22276 4762 22049 11599 8661 525 1006 238 7053 4253 4227 3175 2938 4440 3179 21484 9772 6290 17514 10895 6778 4117 6991 6693 2416 1426 262 6619 993 1786 13990 3033 6578 3114 3464 13939 2862 3482 1958
internal_count=113988 5843 108145 12434 5514 95711 95223 6920 6209 1769 89583 88108 9060 7291 1475 79048 21593 18418 4428 57455 1531 55924 33875 22276 4762 22049 11599 8661 525 1006 238 7053 4253 4227 3175 2938 4440 3179 21484 9772 6290 17514 10895 6778 4117 6991 6693 2416 1426 262 6619 993 1786 13990 3033 6578 3114 3464 13939 2862 3482 1958
is_linear=0
shrinkage=0.05


Tree=32
num_leaves=63
num_cat=0
split_feature=39 6 17 55 80 14 77 51 18 33 62 17 28 8 62 50 14 41 43 44 51 10 46 13 50 50 22 24 74 6 69 50 15 3 62 51 25 72 22 55 50 51 67 69 10 6 76 31 47 1 51 58 74 62 77 53 68 13 24 15 0 42
split_gain=8.42697 4.88545 4.62252 3.55235 3.17805 2.77877 2.5389 2.28635 2.31267 2.23336 2.45991 2.30585 2.72148 2.40316 3.46202 2.22932 2.17347 4.69028 5.19857 4.60674 3.66789 2.83935 2.95343 2.8215 2.81314 2.16669 3.82563 3.02107 2.37157 2.20063 2.52132 2.51789 2.08469 2.13816 2.23679 2.51899 2.29448 2.06603 2.43389 2.31674 2.95991 2.51943 2.04159 2.02331 2.09395 2.02056 2.00653 2.17141 1.98491 1.96577 1.96241 1.9148 1.9119 1.99519 3.13905 2.83068 2.61597 1.877 1.8474 1.84167 1.84027 1.83787
threshold=0.2072335588896628 0.94360055900651185 5.2644999927282337 -0.0095696381415945036 -4.1667437765012194e-05 5.1792999849541301 -0.011563350113966708 0.86965202322215862 38.955410978185775 0.92078655285396172 1.9750955988347048 2.3322702869772916 -0.68301270189221941 2.0619052238776043 0.91774074212675738 305250.00000000006 69.940731949185775 1.6071428308845546 4.1099998950958261 20.145500135421756 0.026791851200367662 1.7042722164509285 17.440323829650882 118950.00000000001 1.0000000180025095e-35 995950.00000000012 97.92999649047853 -0.020726252607575112 0.7981942965849661 0.52355473545216324 0.024088119646603071 43306.500000000007 -0.71395873428531409 -0.17367962631128805 1.3665974995559527 0.86965202322215862 77.698593139648452 148.36416036830732 98.409999847412124 0.0076197785581842989 1551950.0000000002 0.80454094066493476 12304824.442203889 0.092523014975283271 -0.21950905231580406 1.5823158510032733 -0.018658310119374702 92.827413363156367 0.15274650377241009 16.819999694824222 -0.10077887138083738 1.0956196517013563 -0.81579155474129383 0.22204742730558161 0.0017870165262779127 0.0031222199625486505 0.069424742405971976 1.0000000180025095e-35 -0.24576937025991274 -0.57142857787456436 1252.5434540257313 0.0047447920469148221
decision_type=2 2 2 2 2 2 2 2 2 2 2 2 2 2 2 2 2 2 2 2 2 2 2 2 2 2 2 8 2 2 2 2 2 2 2 2 2 2 2 2 2 2 2 2 2 2 10 10 2 2 2 2 2 2 2 2 2 2 8 2 2 2
left_child=1 6 3 7 58 -6 -1 8 -2 32 11 13 -13 14 48 -15 21 19 51 43 57 22 25 -23 -20 29 28 49 -27 -7 31 -31 -5 -34 35 -35 -37 39 -39 52 41 -41 -10 -18 -45 -29 60 -48 -11 -28 -42 -19 -24 54 55 -54 59 -21 -4 -55 -26 -17
right_child=2 -3 4 9 5 16 -8 -9 42 10 -12 12 -14 15 -16 61 17 18 24 20 -22 23 37 -25 46 26 27 45 -30 30 -32 -33 33 34 -36 36 -38 38 -40 40 50 -43 -44 44 -46 -47 47 -49 -50 -51 -52 -53 53 56 -56 -57 -58 -59 -60 -61 -62 -63
leaf_value=0.0007248627316808607 0.0013968400753914994 -0.0042383684819683569 -0.0078332528049402227 0.0045971791073111008 0.0069523223523671436 1.2365430139635676e-05 -0.0018601781812112945 0.0060417037915084619 -0.00049140922979006648 -0.00049452462336659184 0.0054291874332643986 -0.0071222468710329849 -0.0024789513611697274 0.0057336571392128562 -0.0073917828073562222 0.0043174702937350323 3.6582167066794531e-05 7.2173891414895785e-05 0.007423973479973419 0.00520891099776335 -0.0055337759742939471 -0.010023880444322397 -0.0066385102688703533 -0.0013659194676983542 0.00074274530793255365 -0.0018927231996343791 -0.0001729418740918239 0.0010374342357778975 0.0032504373862791585 -0.0027459654649262316 -0.0022535627396811082 0.00081711216509243619 0.0018076861213246647 -0.00097599696723175945 -0.010162891766342981 0.0013383257519580475 0.013155982044133308 0.0021532816491560964 -0.0025730198344535893 0.0018756444894315535 0.0017544095877212796 -0.0082406302914023403 -0.009596139854855008 -0.0076386821911791749 -0.0012564190980893647 -0.0060253281650377568 0.0041481184090662281 -0.0035288000399447683 -0.0077373825043023942 0.0079329635669329532 -0.00063801498177700204 -0.0032170234105925646 0.00041916019557101985 -0.0070518482086033771 -0.0010656825650280399 0.0048873424604255799 -0.0029556896951943835 -0.0017112416086583161 0.0014587696274281454 0.0014051690569549672 0.0097275634103550987 -0.0025759896544606973
leaf_weight=1432 2507 1590 54 188 150 10762 2821 179 2714 1159 109 400 1495 207 263 138 10550 984 210 101 678 103 96 1089 3275 1852 105 6015 255 667 2834 1932 777 9357 65 147 57 378 975 8409 1269 62 63 138 1870 103 950 102 103 260 2641 804 7518 65 4174 372 377 3286 5675 6696 58 323
leaf_count=1432 2507 1590 54 188 150 10762 2821 179 2714 1159 109 400 1495 207 263 138 10550 984 210 101 678 103 96 1089 3275 1852 105 6015 255 667 2834 1932 777 9357 65 147 57 378 975 8409 1269 62 63 138 1870 103 950 102 103 260 2641 804 7518 65 4174 372 377 3286 5675 6696 58 323
internal_value=-2.42617e-05 -0.00187379 7.56671e-05 -0.000605357 0.000232577 0.000153187 -0.000989786 0.000484185 0.000295919 -0.00100786 -0.00198396 -0.00218161 -0.00345907 -0.00107775 -0.00217321 0.0014231 0.000140751 -0.000271477 0.000880625 -0.000713869 -0.00217686 0.000301468 0.000351268 -0.00211405 0.00177073 -6.12835e-05 0.000580618 0.00118216 -0.00127027 -0.000401755 -0.00122207 -9.7306e-05 -0.000621049 -0.000715351 -0.000919008 -0.000856163 0.00464032 0.00066082 -0.00125259 0.000742541 0.00127637 0.0018016 -0.000697962 -0.000240301 -0.00169504 0.000918529 0.00149999 0.00340378 -0.00108566 0.00560113 0.000138452 -0.00140686 0.000400053 0.000435242 4.32012e-05 0.000629827 0.00109784 -0.00150488 0.00137119 0.00132386 0.000899097 -0.000512438
internal_weight=113988 5843 108145 20251 87894 82165 4253 5463 5284 14788 4197 4088 1895 2193 1525 668 82015 23006 6383 16623 4065 59009 57817 1192 4595 24785 8590 6483 2107 16195 5433 2599 10591 10403 9626 9561 204 33032 1353 31679 12381 8471 2777 12558 2008 6118 4385 1052 1262 365 3910 1788 19298 19202 12064 7890 7138 3387 5729 6761 3333 461
internal_count=113988 5843 108145 20251 87894 82165 4253 5463 5284 14788 4197 4088 1895 2193 1525 668 82015 23006 6383 16623 4065 59009 57817 1192 4595 24785 8590 6483 2107 16195 5433 2599 10591 10403 9626 9561 204 33032 1353 31679 12381 8471 2777 12558 2008 6118 4385 1052 1262 365 3910 1788 19298 19202 12064 7890 7138 3387 5729 6761 3333 461
is_linear=0
shrinkage=0.05


Tree=33
num_leaves=63
num_cat=0
split_feature=39 6 17 44 33 13 39 55 51 44 51 33 65 42 56 62 39 15 22 28 32 72 61 62 27 69 18 51 39 22 26 13 69 55 15 33 51 44 17 13 28 17 61 32 11 26 61 51 22 44 59 51 69 61 1 62 45 1 62 73 62 44
split_gain=7.61327 4.72405 4.08836 4.19731 4.03881 3.81279 3.6701 3.46323 3.17037 3.12749 7.81425 4.93101 3.06175 3.30805 3.13828 4.38723 3.63597 3.8993 3.00672 2.8669 2.85899 2.81255 2.8055 3.12799 4.01966 2.78878 2.75799 2.70232 2.58146 3.79047 2.5217 6.84308 3.54665 3.7673 3.73864 3.14071 3.33988 4.00549 2.99762 2.90448 3.80113 3.72445 2.4927 2.47488 2.45609 2.44748 2.42966 2.41976 3.80607 2.66022 2.37587 2.34955 2.33097 2.31633 2.27645 2.25612 2.19635 2.1328 2.11005 2.09063 2.08855 2.08761
threshold=0.2339972930577108 0.94360055900651185 14.795579216480258 24.216250276565557 0.34973360515403545 77740.000000000015 0.6429945568518437 -0.0095696381415945036 0.86965202322215862 24.216250276565557 -0.019465378791605339 0.71727018960795741 -0.52445098494117059 -0.46250078477752582 1.0000000180025095e-35 0.20147564890919842 0.90599731181466947 0.27239721468398875 97.819999694824233 -0.68301270189221941 0.31549741120077796 29.293844876518907 0.15428282183187245 0.41399743488706314 0.6830127018922193 0.10136179030223169 86.457692122153574 0.43237953370961918 0.94612934599074039 99.625000000000014 107.47381973266603 270450.00000000006 -0.013239133246485844 0.011147783776698785 0.43128640216097885 0.58142818118099415 0.3169079510514925 19.255750060081485 3.7285499966144564 602550.00000000012 0.68301270189221941 1.2283899989724161 -0.093951154985429094 1.3788689285685523 38.204012662944102 107.92645645141603 0.069668014127853395 0.34980309333112691 98.985000610351577 19.255750060081485 0.10415640361283192 0.36152536500678761 0.016935408459587079 -0.16811387981811335 17.315000534057621 0.82300625536201233 9.2982106208801287 28.340000152587894 0.11441641361914769 5.0634463432869943 0.97935267482784472 16.269000005722049
decision_type=2 2 2 2 2 2 2 2 2 2 2 2 2 2 2 2 2 2 2 2 2 2 2 2 2 2 2 2 2 2 2 2 2 2 2 2 2 2 2 2 2 2 2 2 2 2 2 2 2 2 2 2 2 2 2 2 2 2 2 8 2 2
left_child=1 44 3 4 19 -5 -7 8 21 12 11 20 22 25 15 28 17 -16 53 -2 -11 50 -4 45 -25 57 -18 56 -15 51 31 54 -33 42 38 36 -32 -38 -35 40 -37 -42 -34 -10 -1 -24 -21 49 -49 -20 -6 -30 -53 -17 -9 -22 -23 61 -58 -56 -52 -14
right_child=2 -3 9 5 7 6 -8 30 43 10 -12 -13 13 14 16 18 26 -19 47 46 55 27 23 24 -26 -27 -28 -29 29 -31 35 32 33 34 -36 39 37 -39 -40 -41 41 -43 -44 -45 -46 -47 -48 48 -50 -51 60 52 -54 -55 59 -57 58 -59 -60 -61 -62 -63
leaf_value=0.00034496550613466763 0.0027768506444443559 -0.0039318230507841556 0.0014620585165213847 -0.0014725801501048199 0.0011086128349078253 0.0041173485658750966 0.00050568069712631587 -0.00025649086824270322 0.0087554717952667994 -0.0017398244084362202 -0.004107443289336583 0.0055268138871761045 -0.0025171852820507559 0.00012768526664039682 0.00073591982074547909 -0.0059472948391621396 0.001191705947019587 -0.0023365537733841682 0.0010054655045794859 -0.00053938980938246918 0.0011697208710523428 -0.00052133088076011553 -0.0022242452773115766 -0.0046956845466664295 0.004461109666656719 -0.0027267219826397808 0.0033134629473539571 0.0050254160380157247 -0.0010717982096640811 -0.0051024811467446267 -0.00092432910096798516 0.0028149619645997746 0.0032779941821348257 -0.0028286762526767914 -0.0040531779452835006 -0.0020765362330965624 0.0065719437085577023 -0.002800661691756876 0.0014631045552992528 -0.0031560500939387436 0.010108898419442527 0.00036146986685454919 0.00020846290414957994 -0.0021872473001066182 -0.0018766887760042058 0.0014328570799527519 0.0017414547862245487 0.0026229061187773382 -0.004675350070178619 0.003328935617054293 -0.0056476185498281553 0.010531343543499877 -0.001845930180679173 -0.00016619321874943285 0.0065577073562114192 -0.0083528643684985578 4.0907990261053435e-05 -0.0043062996835369427 -0.0048123933136774493 -0.002862006952387872 0.0050255511609608667 0.00019372597294236844
leaf_weight=2249 1289 1701 10892 934 4378 1334 1488 1359 183 1862 1350 400 791 6697 5292 248 6257 1283 4997 3823 2212 2429 1617 151 581 1319 2028 175 4880 594 3446 1332 941 638 900 3266 338 172 1123 3536 109 971 2226 72 2784 638 1681 319 406 1635 234 88 67 575 60 64 328 311 706 3223 57 6949
leaf_count=2249 1289 1701 10892 934 4378 1334 1488 1359 183 1862 1350 400 791 6697 5292 248 6257 1283 4997 3823 2212 2429 1617 151 581 1319 2028 175 4880 594 3446 1332 941 638 900 3266 338 172 1123 3536 109 971 2226 72 2784 638 1681 319 406 1635 234 88 67 575 60 64 328 311 706 3223 57 6949
internal_value=-2.30486e-05 -0.00165383 7.9341e-05 -0.000299847 -0.000453606 0.00129649 0.00221297 -0.000687319 0.000174281 0.000330658 -0.000767839 0.000225653 0.000441004 0.000239724 0.000461036 6.00842e-05 0.00101433 0.000136379 0.000957842 0.0006543 -0.000286784 5.70891e-06 0.00108979 -0.000267688 0.00257221 -0.000595592 0.00171107 -0.00103656 -0.000535702 -0.00132495 -0.000999375 -0.00048218 0.000487245 -4.47595e-05 -0.0014316 -0.001515 -0.000365428 0.00341099 -9.17825e-05 -0.00209197 -0.00122621 0.00134524 0.0011205 0.00566576 -0.000883941 -0.00118955 0.000157213 0.00127846 -0.00146412 0.00157828 0.000817824 -0.000879304 0.00518117 -0.00190825 -0.00197746 0.00090195 -0.00134289 -0.000246448 -0.00327285 -0.00268985 -0.003557 -8.33194e-05
internal_weight=113988 6734 107254 42751 38995 3756 2822 32202 8562 64503 5888 4538 58615 44736 35366 20506 14860 6575 8180 6793 4138 8307 13879 2987 732 9370 8285 3638 12326 5629 23640 11802 7160 5828 2661 11838 3956 510 1761 7882 4346 1080 3167 255 5033 2255 5504 7357 725 6632 4669 5035 155 823 4642 2276 3463 8051 1034 3283 291 7740
internal_count=113988 6734 107254 42751 38995 3756 2822 32202 8562 64503 5888 4538 58615 44736 35366 20506 14860 6575 8180 6793 4138 8307 13879 2987 732 9370 8285 3638 12326 5629 23640 11802 7160 5828 2661 11838 3956 510 1761 7882 4346 1080 3167 255 5033 2255 5504 7357 725 6632 4669 5035 155 823 4642 2276 3463 8051 1034 3283 291 7740
is_linear=0
shrinkage=0.05


Tree=34
num_leaves=63
num_cat=0
split_feature=61 55 33 62 23 33 72 77 16 27 62 33 61 14 21 44 4 67 24 59 23 22 42 61 51 18 3 10 32 50 68 0 59 61 50 1 23 62 22 20 80 62 58 61 55 33 17 33 61 23 28 19 21 79 69 81 68 33 22 6 62 29
split_gain=6.85646 5.21259 4.14885 4.0025 3.90849 3.34451 3.23799 2.88118 5.75723 3.65565 3.94832 3.34683 3.06498 3.00263 3.48898 4.5225 3.13067 3.03969 2.83073 2.8009 2.83823 2.6367 2.57104 2.56102 2.52067 2.42111 2.50209 2.32759 2.22907 2.17701 3.43685 2.64664 2.50113 2.47089 2.16228 2.09991 2.12448 2.05261 2.03776 2.2153 1.98991 1.97271 2.0753 1.95854 2.19579 2.66454 1.95832 1.92461 1.90888 2.62631 2.30647 2.03087 1.89846 2.14342 1.88167 1.91275 1.8763 1.87052 2.79238 2.5337 1.85708 1.82961
threshold=0.38696169481896359 -0.003910791018674197 1.9083478275148911 0.68677654306782687 60.688478689624368 0.71727018960795741 107.335657391327 0.0014689322187595004 0.1029441659824827 0.6830127018922193 0.63133630555702225 0.84252376934788809 -0.86594659467930046 69.940731949185775 16.325733025730212 22.817000102996833 57.260235420276501 -24842.820623780539 -0.02197263123118029 0.023403474171091114 208.9132928144945 97.674999237060561 -0.31141395676488431 -0.26106784210072437 0.86965202322215862 96.348886189583865 1.7347564141420408 -0.16666666075350725 1.4909998925302128 1068150.0000000002 0.062533463213781185 0.66050001978874218 0.074397181303461082 -0.35669846762153273 832493.50000000012 15.97499990463257 136.20002734902221 0.10189033266797014 99.915000915527358 30.057344389277478 1.3574038425414106 1.2751242327304124 2.1332057935916118 0.18236241735394693 -0.0065567176776641914 0.14286201326241724 5.8002999973297129 0.42785481584075452 0.21867142810808435 82.221328745688695 1.0000000180025095e-35 75.560363145307406 9.3903208512595686 0.72008292053933853 0.10794094439951775 1.2954852536171364 0.023232845248349124 0.44949707256490523 98.799999237060561 0.10428572126797268 1.6543417086235419 -0.014544811172801929
decision_type=2 2 2 2 8 2 2 2 2 2 2 2 2 2 2 2 2 2 10 2 10 2 2 2 2 2 2 2 2 2 2 2 2 2 2 2 10 2 2 2 2 2 2 2 2 2 2 2 2 10 2 2 2 2 2 2 2 2 2 2 2 2
left_child=2 3 4 28 6 -3 -1 8 13 12 35 -12 -9 14 15 18 -15 -17 29 20 27 -8 23 -14 52 46 -27 -18 40 31 33 -6 -32 -31 43 36 37 -11 54 -40 -2 42 -4 44 -16 -46 -24 56 49 51 -51 -21 -13 -54 55 -7 -47 -33 59 -59 61 -48
right_child=1 5 41 -5 7 38 21 9 -10 10 11 24 22 16 34 17 19 -19 -20 48 -22 -23 25 -25 -26 26 -28 -29 -30 30 32 57 -34 -35 -36 -37 -38 -39 39 -41 -42 -43 -44 -45 45 47 60 -49 -50 50 -52 -53 53 -55 -56 -57 -58 58 -60 -61 -62 -63
leaf_value=0.0016990721928336655 -0.00027037192989323727 -0.00073032593329461313 -0.0030600028000559816 0.0022815879957563743 0.0037520456888974138 -0.0035162908122717256 0.0085534595993950087 0.0021451786003409824 0.004484494828173648 -0.0019372110332251001 0.0055771143928106479 -0.0044361562906676134 -0.00046604721019586379 -0.0037979095954941387 0.00049529496354302214 0.003402101264303123 -0.0027775171373029678 0.00047167319843756828 -0.003442795693192498 0.0012569699597296648 -0.010697186206068313 -0.0033723847597075941 -0.0016531112019811803 -0.0043474010787709445 0.0094542519671135944 -0.00030844062789046303 0.0071894900006656028 -0.00033599696400634071 -0.0044836914976932301 0.0053262629183180466 -0.00165500099507877 0.0001545388402907754 0.006600458700475949 0.0011864844377117694 0.00029219278015642881 0.00081555055021308794 -0.010428009130474595 0.00016402829512073626 -0.001036165110215932 0.009709166911131932 -0.010302672497928142 0.0023162644550514719 -0.01090752406917671 -0.00053062170596376932 -0.0011202328199626875 0.0039852460124144978 0.00070988248076971929 0.00084544112476350557 -0.0020931523361453447 -0.0022678731612607163 0.0075187182889287904 -0.0029725559086664511 0.010454182879974336 -0.0029404414355667543 -0.0007827468051278746 -0.010226527617566965 0.0020356214850807044 0.0024589430197813019 -0.0020351903250726863 -0.00076364085476536331 -0.0086265736326163606 -0.00069319614620770532
leaf_weight=5839 4320 3296 812 1482 353 3074 51 918 805 1656 643 232 754 642 3455 1422 1092 2343 700 2867 70 508 4373 974 58 254 198 9203 359 425 1438 4729 98 2373 8561 5516 54 3898 505 53 50 150 94 1273 622 1981 2927 1724 472 77 276 315 56 64 643 110 3273 744 4012 3385 69 11268
leaf_count=5839 4320 3296 812 1482 353 3074 51 918 805 1656 643 232 754 642 3455 1422 1092 2343 700 2867 70 508 4373 974 58 254 198 9203 359 425 1438 4729 98 2373 8561 5516 54 3898 505 53 50 150 94 1273 622 1981 2927 1724 472 77 276 315 56 64 643 110 3273 744 4012 3385 69 11268
internal_value=-2.18962e-05 -0.00106281 0.000122569 1.42534e-05 0.000155809 -0.00193375 0.00135104 7.32643e-05 0.000285148 -0.000293684 0.000399878 0.0033262 -0.000682251 0.000226789 0.000439726 6.23748e-07 -0.0003818 0.00157846 -0.000324762 -0.000229201 -0.000663197 -0.00228434 -0.000806936 -0.0026538 -0.000203892 -0.000639752 0.00297605 -0.000594971 -0.000696296 -0.000200446 0.000772068 -0.000519199 -0.00112829 0.00181529 0.000902645 0.000122872 -0.000558444 -0.000462485 -0.00283831 -1.55511e-05 -0.000385158 -0.00299488 -0.0038742 0.00132656 0.00154042 0.00201554 -0.000727445 0.00229506 0.000893424 0.0012922 0.00538397 0.000838271 -0.00179529 0.00331038 -0.00324988 -0.00374811 0.00277072 -0.000636351 -0.00109577 -0.000182967 -0.000443658 -0.000403882
internal_weight=113988 13892 100096 6211 99040 7681 6398 92642 58730 33912 12177 1053 21735 57925 42911 22022 15014 3765 18257 14372 10365 559 20817 1728 410 19089 452 10295 4729 17557 4334 13223 1536 2798 20889 11124 5608 5554 4385 558 4370 1056 906 12328 11055 7600 18637 6978 4007 3535 353 3182 352 120 3827 3184 5254 12870 8141 4129 14264 14195
internal_count=113988 13892 100096 6211 99040 7681 6398 92642 58730 33912 12177 1053 21735 57925 42911 22022 15014 3765 18257 14372 10365 559 20817 1728 410 19089 452 10295 4729 17557 4334 13223 1536 2798 20889 11124 5608 5554 4385 558 4370 1056 906 12328 11055 7600 18637 6978 4007 3535 353 3182 352 120 3827 3184 5254 12870 8141 4129 14264 14195
is_linear=0
shrinkage=0.05


Tree=35
num_leaves=63
num_cat=0
split_feature=33 55 39 26 13 59 56 29 43 51 51 13 65 73 24 21 44 29 15 64 42 13 42 15 51 15 44 76 74 59 51 14 19 0 69 17 33 69 55 50 50 33 33 57 51 74 14 13 73 76 74 42 15 51 21 51 13 39 51 33 9 13
split_gain=5.9558 4.4263 3.22448 3.7958 4.78225 5.75184 3.59241 3.74436 4.94694 7.9073 3.41325 3.52673 3.19191 3.18614 2.9 2.88732 3.02321 2.7752 2.77234 3.3679 2.77084 2.60469 2.55944 2.61159 2.48088 2.41144 3.53865 3.39081 2.35708 2.76618 4.08827 2.689 2.40616 2.35096 2.63123 2.31377 2.36148 2.66647 2.70541 2.39627 2.20812 2.11991 2.10675 2.10645 1.97201 1.95608 2.66923 1.94796 1.94206 2.50915 1.93694 1.93536 1.87316 1.86735 1.81551 2.02948 1.81527 1.80641 1.79607 1.77061 1.75967 1.74921
threshold=1.1284654085741066 -0.003910791018674197 0.82870107490196532 107.58430099487306 162050.00000000003 0.023095110318596342 1.0000000180025095e-35 -0.012352780388852569 4.3844997882843026 -0.019465378791605339 0.86965202322215862 557850.00000000012 -0.37297967188181269 3.0190236462696194 -0.0032513839563868981 30.051515866905937 18.631500053405766 0.054054002222125648 0.085027474575374198 0.034723908236065214 0.26046290901095542 467050.00000000006 -0.10869214922756545 -0.22202013556990011 -0.16023672024728672 1.6088746302952155 18.631500053405766 0.00053985930989575257 0.17636810785033344 0.037465952551596023 0.48579564875218822 54.207381844578968 98.642641439223382 0.66050001978874218 0.020765001871102532 2.7504925042390829 0.7112043525864068 -0.013239133246485844 0.014236523605839048 348050.00000000006 271750.00000000006 0.26171254290783286 0.71727018960795741 0.98039217513250854 0.10721284566802451 0.71427004220504264 10.146293371298704 2078650.0000000002 1.9804874604689042 -0.12084621738625306 0.032878832815975749 -0.5408614317074617 -0.028106091632300653 -0.092003678047989992 57.217424884445627 0.043979123373282393 100550.00000000001 0.62988402141442856 -0.1709279047232192 0.44949707256490523 -0.10474549463237219 3220100.0000000005
decision_type=2 2 2 2 2 2 2 2 2 2 2 2 2 10 10 2 2 2 2 2 2 2 2 2 2 2 2 8 2 2 2 2 2 2 2 2 2 2 2 2 2 2 2 2 2 2 2 2 8 10 2 2 2 2 2 2 2 2 2 2 2 2
left_child=2 13 3 4 44 42 7 53 56 24 11 33 -13 15 28 16 22 45 -18 -20 41 -12 -2 -24 -10 35 47 -28 -8 30 31 54 -33 34 -5 -7 -37 -38 39 -39 -17 -14 51 -29 -1 48 61 -27 49 -3 -49 -6 -23 -4 55 -30 -9 -46 -43 -35 -61 -47
right_child=1 17 6 10 5 25 14 8 9 -11 21 12 20 -15 -16 40 18 -19 19 -21 -22 52 23 -25 -26 26 27 43 29 -31 -32 32 -34 59 -36 36 37 38 -40 -41 -42 58 -44 -45 57 46 -48 50 -50 -51 -52 -53 -54 -55 -56 -57 -58 -59 -60 60 -62 -63
leaf_value=-0.00032941575054125063 0.0035472022757122284 0.010185899833400906 0.0021260742579733549 0.0097766597236004019 -0.0017229375503670374 -0.00011274209110146987 -0.00038166574369800704 0.00083472374577206021 0.0037287940991860024 -0.0072149208364381797 -0.001054019966954732 -0.00010081030860449884 0.0012155853908475173 0.0049398317923891903 0.0022576674690270261 -0.0078487793824278083 -0.0032300342331713864 -0.0050282367755464137 0.003533967639890469 -0.010224220941902376 0.00016222348026394116 0.011106281653768056 -0.0032171598963136451 0.0022234467646005869 -0.0015639996686126556 -0.010219070334821495 0.009801227913071078 0.0017112689806297139 0.00091041862614300861 -0.0010801854338243198 0.0068267489320065072 -9.7198328066564935e-05 0.0051314686438696383 0.00066722184106184166 0.00014275036486157471 0.0011705434950314837 0.0050752696009024167 -0.00072958394739921996 -0.0015698698287785022 0.0037419352733937278 -0.0001721531935898778 -0.0040363793071447182 0.0066457213016645035 -0.0060689533616487797 -0.0031326305592038264 0.0065628982968890751 -0.0037635831936495378 0.0058812376792327717 -0.0023503673269347522 -0.0039691704824300752 -0.0055884265629131168 2.9814552771663765e-05 -0.00014698119834065439 0.00037329661975189456 0.004981382801443327 0.0026729003885268762 -0.00028844216180856397 -0.00018880225797651207 -0.0020569951729720796 0.001632084903900188 -0.0008885330729582196 -0.0025972289628808159
leaf_weight=5275 807 71 2610 126 2812 2343 4500 4573 277 643 127 3629 399 304 3152 215 902 765 348 51 1361 142 418 467 1103 134 92 263 5778 1560 309 5076 230 3828 162 8233 904 385 458 1351 166 1521 98 130 1471 213 160 52 3485 56 126 3580 50 3637 372 2277 16863 807 4649 767 7119 69
leaf_count=5275 807 71 2610 126 2812 2343 4500 4573 277 643 127 3629 399 304 3152 215 902 765 348 51 1361 142 418 467 1103 134 92 263 5778 1560 309 5076 230 3828 162 8233 904 385 458 1351 166 1521 98 130 1471 213 160 52 3485 56 126 3580 50 3637 372 2277 16863 807 4649 767 7119 69
internal_value=4.30532e-06 -0.00126909 0.000107007 -0.000171097 0.000218369 0.000607065 0.000382139 1.77915e-05 -0.000271888 -0.0026354 -0.000636139 -0.000705695 -0.00132904 3.7169e-05 0.000847578 -0.000404565 0.000117295 -0.00226607 -0.00169493 0.0017754 -0.00189111 0.0045012 0.00151074 -0.000346241 -0.000501606 0.00116174 -0.00151174 0.00116044 0.000626475 0.000917248 0.00113915 0.00101118 0.00012945 -0.000105361 0.00435759 0.00131757 0.00161333 0.00279003 0.00184843 0.00275027 -0.00450411 -0.00231653 -0.00062972 -0.000862341 -0.000860338 -0.00174484 0.00139483 -0.00566562 -0.00212904 0.00394429 -0.00223774 -0.000741265 0.00817574 0.00110561 0.00156635 0.00140864 -4.88341e-05 -0.00208976 -0.00254494 -0.000215087 -0.000643375 0.00432159
internal_weight=113851 8497 105354 52394 28514 20961 52960 29706 23459 2023 23880 23561 11559 3678 23254 3374 2993 4819 1301 399 7930 319 1692 885 1380 14471 797 485 20102 15602 14042 13733 5306 12002 288 13674 11331 3098 2194 1736 381 6569 6490 393 7553 4054 442 312 3612 127 178 6392 192 6247 8427 8055 21436 2278 6170 11714 7886 282
internal_count=113851 8497 105354 52394 28514 20961 52960 29706 23459 2023 23880 23561 11559 3678 23254 3374 2993 4819 1301 399 7930 319 1692 885 1380 14471 797 485 20102 15602 14042 13733 5306 12002 288 13674 11331 3098 2194 1736 381 6569 6490 393 7553 4054 442 312 3612 127 178 6392 192 6247 8427 8055 21436 2278 6170 11714 7886 282
is_linear=0
shrinkage=0.05


Tree=36
num_leaves=63
num_cat=0
split_feature=39 25 40 62 13 69 69 9 24 43 43 51 49 25 61 3 62 32 61 13 17 77 56 51 23 51 32 52 10 41 44 26 61 51 23 61 17 50 3 32 25 32 50 41 13 51 81 41 40 73 26 14 31 25 5 61 53 24 67 26 81 38
split_gain=5.3098 6.25609 5.54923 6.85144 3.82413 4.26825 3.20714 3.11266 3.01852 2.76238 2.39086 8.00337 4.1189 3.70739 3.37719 3.81626 3.12092 3.27732 3.0844 2.79822 2.65923 2.58433 3.6424 3.9074 3.18326 3.34971 2.98786 2.8739 3.99643 2.84957 5.05504 3.8658 3.36574 3.33251 3.22796 3.02416 2.72407 2.65965 2.59331 2.45848 2.46695 2.35629 2.32954 2.23946 2.35197 2.64125 2.3567 2.17929 2.17921 2.16423 2.09453 2.07476 2.0661 2.03939 2.22891 2.23324 1.97586 1.94609 1.92124 1.9208 1.79781 1.79468
threshold=0.64751596841335746 78.391860961914077 -0.0039398808039938773 0.091659939196340759 166538.00000000003 -0.013239133246485844 0.019409821711994017 0.17241037007578633 0.027294344562038355 4.2184998989105233 4.2974998950958261 0.057762825004654947 28.652227555398223 78.90192031860353 -0.11177671175263722 8.4387453875215943 1.0523782586152102 0.72205245362382131 -0.3443015009879114 1.0000000180025095e-35 1.6344249977171423 0.0060086682528313106 1.0000000180025095e-35 -0.14799213025841126 115.09549036467889 0.48579564875218822 0.56279044389543242 0.71423529624854343 0.5766859239914609 1.3918175742930579 19.255750060081485 108.0294532775879 -0.19561043150456572 0.48579564875218822 6.3298669458364385 -0.077437788659686105 4.0669375050067913 4481850.0000000009 -0.025108407238890514 0.40252347045694387 78.90192031860353 2.4449604271966048 420250.00000000006 3.4462834640087041 152550.00000000003 0.03273114537806758 -3.234930671087533 2.0969886312052259 -0.002563544568793152 22.008247601680129 108.43002700805665 1.2633789198434331 16.913057260688859 77.698593139648452 7.7236404418945321 -0.62415026036463306 0.0051959847222435443 0.0069211441691748405 1702520.0285382483 107.41393280029298 -0.026033520863424597 0.011453293337763239
decision_type=2 2 2 2 2 2 2 2 10 2 2 2 10 2 2 2 2 2 2 2 2 2 2 2 10 2 2 2 2 2 2 2 2 2 10 2 2 2 2 2 2 2 2 2 2 2 2 2 2 8 2 2 10 2 2 2 2 10 2 2 2 2
left_child=1 2 3 8 -5 -6 51 9 -1 43 21 12 14 18 16 39 19 59 -13 -12 -21 22 29 48 25 57 -27 37 -29 31 35 34 42 -32 38 36 -31 -23 -2 40 -16 -30 -33 44 45 -4 -46 -7 -24 -8 56 -3 53 54 -48 -56 -50 -25 -37 -18 -22 -62
right_child=10 6 7 4 5 47 49 -9 -10 -11 11 13 -14 -15 15 -17 17 -19 -20 20 60 27 23 24 -26 26 -28 28 41 30 33 32 -34 -35 -36 58 -38 -39 -40 -41 -42 -43 -44 -45 46 -47 52 -49 50 -51 -52 -53 -54 -55 55 -57 -58 -59 -60 -61 61 -63
leaf_value=-0.0022772774687312473 0.00024060898506993034 0.0070635785819436227 -0.00041519652871411475 -0.00082534803854057693 0.0032331462712325899 0.0009073128567233359 0.00434465643695401 -0.0045685822710616096 0.0065994103422983459 -0.0027827337111479625 0.0042843987285751898 0.0041083468306253017 0.0042947796880242152 0.00071114012294759359 -0.0027312793875056566 0.0093463165482834867 -0.0024745310377610108 0.00083637541859263331 -0.0056575412873349279 -0.0059859077917644755 0.0027191180314527024 -0.0013417016162531497 0.0029304841649167375 0.0010565117284040495 -0.0036803935055170368 0.0063131217292346489 -1.2061821676238819e-06 -0.0011075063572217865 0.0013462493162869204 0.0028952375999472257 0.0022853417434016122 0.0009213888434636985 0.0015720277949920055 -0.0037629002973941779 -0.0034496409340809271 0.00076882869682616669 -0.001682021937303429 -0.0072171531769412538 -0.0014884233710237048 0.00051242201485294072 0.00026760866251963373 -0.0088179442870976593 -0.0037006642466771047 -0.0040653702034452168 -0.011011505851467304 -0.0028837988349006988 -0.00055998349326052087 -0.0029859348416885929 -0.0012730921416627993 -0.00034710001328169576 0.0031866019079750925 0.0015960221869832842 -0.0039989642813410336 -0.0015923040866723721 0.0081461349490660525 0.0011834956159766804 0.0038546790678119949 0.0028566266312875879 -0.0063623323449670966 -0.0099616887788472469 0.00087152292594517308 -0.0005443399017223394
leaf_weight=2936 4468 184 1970 2316 2259 2165 259 783 99 2691 488 87 553 375 2802 85 166 297 1144 160 845 672 462 16180 317 612 270 4353 3373 363 4461 501 3558 240 1121 5850 3109 270 4214 1324 908 58 598 572 51 2408 2650 431 3669 4821 322 3043 345 1599 121 2389 198 1655 96 177 5653 3705
leaf_count=2936 4468 184 1970 2316 2259 2165 259 783 99 2691 488 87 553 375 2802 85 166 297 1144 160 845 672 462 16180 317 612 270 4353 3373 363 4461 501 3558 240 1121 5850 3109 270 4214 1324 908 58 598 572 51 2408 2650 431 3669 4821 322 3043 345 1599 121 2389 198 1655 96 177 5653 3705
internal_value=4.09005e-06 -0.000518191 -0.000902636 3.60776e-06 0.000846404 0.00164389 0.000675128 -0.00149633 -0.00198772 -0.00133374 0.000227333 -0.000266143 4.96935e-05 -0.00364142 -9.1639e-05 -0.00115983 0.000384218 -0.00300873 -0.00496734 0.000584337 0.000410098 0.000379194 0.000512185 0.000970695 0.00128815 0.0013723 0.00438016 -0.000417347 -0.000101685 0.000132192 0.000637456 -0.000361157 0.000824972 0.00197656 -0.000924638 -3.09589e-05 -0.00120347 -0.00302575 -0.000598615 -0.00133723 -0.00199732 0.00117443 -0.00159361 -0.00101163 -0.000860171 -0.00177298 -0.000301639 0.000260938 -0.000328484 -0.000107894 -0.000687912 0.00190778 -0.000224752 -3.21049e-05 0.000451375 0.00151914 -0.00101054 0.00122355 0.000653694 -0.00633817 0.000510398 0.000310957
internal_weight=113851 34092 25785 10206 7171 4855 8307 15579 3035 14796 79759 18769 17163 1606 16610 5119 11491 640 1231 10851 10363 60990 52264 23685 19034 18717 882 8726 7784 28579 14119 14460 4657 4701 9803 9418 3472 942 8682 5034 3710 3431 1099 12105 11533 4378 7155 2596 4651 5080 4189 3227 7104 6759 5160 2510 3867 17835 5946 343 10203 9358
internal_count=113851 34092 25785 10206 7171 4855 8307 15579 3035 14796 79759 18769 17163 1606 16610 5119 11491 640 1231 10851 10363 60990 52264 23685 19034 18717 882 8726 7784 28579 14119 14460 4657 4701 9803 9418 3472 942 8682 5034 3710 3431 1099 12105 11533 4378 7155 2596 4651 5080 4189 3227 7104 6759 5160 2510 3867 17835 5946 343 10203 9358
is_linear=0
shrinkage=0.05


Tree=37
num_leaves=63
num_cat=0
split_feature=72 79 73 15 1 15 76 44 77 16 60 81 27 9 49 33 55 62 1 62 13 22 44 51 23 10 53 1 61 12 33 22 9 50 79 14 15 32 47 18 33 43 17 51 45 25 15 33 29 62 13 14 15 65 6 61 79 18 72 40 74 81
split_gain=5.15551 3.57484 2.82106 2.57384 2.69093 2.46367 6.05604 3.00894 2.41362 2.71407 2.3022 2.25449 3.45091 2.49189 2.26717 2.20997 2.05091 2.37735 2.26708 1.96734 1.95354 3.68066 2.23808 3.2689 2.6357 2.59185 2.34972 2.61822 2.24269 2.37848 2.20377 2.19865 2.0961 1.9666 2.19712 1.92807 1.91367 1.90154 1.8898 1.8865 1.87455 2.5979 1.84373 1.8401 1.83695 2.6426 1.87339 1.83373 2.61608 2.41231 2.26984 2.73586 2.26969 1.80311 1.79013 1.72878 1.67586 1.64898 1.64886 2.23166 1.94026 2.16829
threshold=10.884923126161651 0.58123502208712885 12.096419691473628 1.3868126352879455 15.799999713897707 0.7852603848532137 0.004100650014511438 22.817000102996833 0.0033296328627192982 0.15084421246698501 0.019444271480228984 0.23545804587662014 1.0000000180025095e-35 0.14645869023455041 3.2584173316138227 2.0970918246433583 -0.014744519345755823 0.94799738067517703 17.090000152587894 -0.22804130150197602 15410.000000000002 98.470001220703139 16.269000005722049 0.21651294830339521 18.960957121926601 -0.20307778094592546 -0.0008260479556091465 20.485000610351566 -0.78476125550710829 2.061196860671044 1.4528838145871981 99.199996948242202 -0.032423392207072015 168250.00000000003 0.085025997166099404 109.5475472877669 0.024532116479957126 1.6495108747607763 -0.0050282019402307912 65.33330478029626 0.67114443101527643 4.243499994277955 12.279625010490419 0.17017350565880332 149.12500000000003 78.772304534912124 2.5547379630085865 1.5185810906415618 0.14475035971116559 0.74794207424480541 74845.000000000015 4.6263298877497832 0.5654538642792214 0.9378571414320741 0.059000734710433773 0.22435998451393277 0.0053412412708773267 40.308599169149282 131.79467313331034 0.00030470501924873 0.10394764129566245 1.7771487521938218
decision_type=2 2 10 2 2 2 8 2 2 2 2 2 2 2 10 2 2 2 2 2 2 2 2 2 10 2 2 2 2 2 2 2 2 2 2 2 2 2 2 2 2 2 2 2 2 2 2 2 2 2 2 2 2 2 2 2 2 2 2 2 2 2
left_child=15 5 8 19 -5 11 10 38 9 16 -7 13 -13 20 -14 47 43 35 -19 -4 21 -2 23 30 26 -25 -24 31 29 -29 33 -28 -27 -22 -35 -18 -34 54 -8 -15 -26 -42 -33 -3 45 46 -6 -1 49 52 -51 -52 -49 -46 -10 -16 -17 -12 60 -60 -21 -62
right_child=1 2 3 4 44 6 7 -9 37 -11 57 12 14 39 55 56 17 18 -20 58 22 -23 24 25 40 32 27 28 -30 -31 -32 42 36 34 -36 -37 -38 -39 -40 -41 41 -43 -44 -45 53 -47 -48 48 -50 50 51 -53 -54 -55 -56 -57 -58 -59 59 -61 61 -63
leaf_value=-0.0029706569814133849 0.00071635693210716817 -0.0013502167673269385 -0.005512930109157912 0.0092019430417056413 0.0014402482387735152 0.0079505271033172027 -0.0029040221151673557 0.00054324158424263601 -0.0098237620906438672 0.0049364507107089303 0.0034015847893343085 0.0020781928471029355 -0.011428939537955044 -0.0041858974846557305 -0.0012824274817153094 -0.00033278073676211656 0.00082657054379378994 0.0033362713351380081 -0.0047704094361513856 0.0028510662381713205 6.5711638423899448e-05 -0.0021696776482073694 0.00046094134383530856 -0.00099196944661841704 0.0013453450207846615 -0.00062652342780547673 -0.00029288875226470473 -0.0045323138063152633 -0.0014764837688881274 0.0072927031255796016 0.0062351119856691312 -0.00024695791887914895 0.0052801197454752542 -0.0037321737830474711 -0.0011966335465285012 -0.00032171681936308443 -0.00047680587790956776 0.0093882497921586039 -0.0068790936709196551 -0.00079022514249547308 0.00095133468820169189 0.010120585312683797 0.0028302999227365852 0.0013683712326739679 0.0064982928043762177 0.0062845420098497674 -0.0044811708563541495 -0.0019722449653620951 -0.0090919061537299839 -0.0039992074115138693 -4.8273109809257265e-05 0.011237145970100081 0.0061327145453177251 -0.0033451596850581052 -0.00034627865247137651 -0.0045765755498455669 -0.0054324202173422547 -0.0074170806076166761 -0.0048656104347583927 0.0020460757762973607 0.0009139629991972263 -0.0039389607186118758
leaf_weight=788 1858 2733 121 164 364 189 992 462 50 333 105 510 69 597 1417 212 20457 112 375 1299 2151 2725 22506 813 1860 342 6149 60 4924 146 101 809 657 1086 4006 4451 185 50 428 1299 154 155 1222 806 336 175 211 564 70 59 86 143 102 54 14143 554 671 53 275 203 5620 240
leaf_count=788 1858 2733 121 164 364 189 992 462 50 333 105 510 69 597 1417 212 20457 112 375 1299 2151 2725 22506 813 1860 342 6149 60 4924 146 101 809 657 1086 4006 4451 185 50 428 1299 154 155 1222 806 336 175 211 564 70 59 86 143 102 54 14143 554 671 53 275 203 5620 240
internal_value=3.88555e-06 5.62758e-05 0.000355602 0.00115817 0.00321352 -0.000212333 -0.00184269 -0.00296178 0.000188448 0.000448237 0.00422683 -0.000147847 -0.00160053 -7.90001e-05 -0.00252021 -0.00215696 0.000396582 0.000553729 -0.00290604 0.000812697 -1.3969e-05 -0.000999647 8.1483e-05 -0.000611891 0.000251993 0.00118182 0.000149497 -0.000377126 -0.00126265 0.00384852 -0.00109964 0.000178223 0.00267446 -0.00120192 -0.0017374 0.000621374 0.00401524 -0.000345376 -0.00410214 -0.00185943 0.00194446 0.0055508 0.00160455 -0.000731064 0.00235202 0.000904691 -0.000732655 -0.00115746 0.000237856 0.00092243 0.00474586 0.00699895 -0.000730945 0.00513535 -0.000379667 -0.00220833 -0.00420804 -0.000227461 0.00091292 -0.00193031 0.00110276 0.000715208
internal_weight=113851 111156 52572 9062 1304 58584 2229 1882 43510 29267 347 56355 2550 53805 2040 2695 28934 25395 487 7758 51909 4583 47326 9341 37985 1997 35816 13310 5130 206 7344 8180 1184 7243 5092 24908 842 14243 1420 1896 2169 309 2031 3539 1140 750 575 1812 1024 954 288 229 666 390 14193 1971 883 158 7637 478 7159 5860
internal_count=113851 111156 52572 9062 1304 58584 2229 1882 43510 29267 347 56355 2550 53805 2040 2695 28934 25395 487 7758 51909 4583 47326 9341 37985 1997 35816 13310 5130 206 7344 8180 1184 7243 5092 24908 842 14243 1420 1896 2169 309 2031 3539 1140 750 575 1812 1024 954 288 229 666 390 14193 1971 883 158 7637 478 7159 5860
is_linear=0
shrinkage=0.05


Tree=38
num_leaves=63
num_cat=0
split_feature=72 39 67 44 41 24 44 56 62 26 51 39 22 6 26 39 40 61 5 58 24 43 74 10 51 17 74 59 51 8 39 72 51 25 55 13 15 25 74 59 13 15 17 72 51 43 61 72 50 1 10 49 65 29 10 81 14 13 62 51 1 72
split_gain=4.65285 3.37638 3.0552 3.83748 3.23753 3.16574 3.29516 3.03009 3.21299 4.22272 5.88859 4.24853 4.1572 3.74234 2.8135 2.43345 2.42714 2.40004 2.35682 2.34726 2.29712 2.27302 2.65709 2.37326 2.2047 2.17959 2.09512 2.26699 3.52698 2.47558 2.20971 2.00663 2.79525 2.3055 1.945 1.94348 2.5908 2.22392 1.92587 2.55114 1.90065 1.90182 1.85987 1.83318 1.82444 1.81453 2.01876 1.76689 2.60156 1.84313 1.75254 1.74032 1.73764 1.72091 1.7056 1.69019 1.68583 1.6732 1.66297 2.48282 1.93059 1.70253
threshold=10.884923126161651 0.82151339592087924 -2410.0056482808563 15.580750036239627 1.8088901282817966 0.008291560110194619 15.580750036239627 1.0000000180025095e-35 0.20147564890919842 107.92645645141603 0.24181068526512153 0.96039606345799766 97.819999694824233 2.4799739120084694 105.91101074218751 0.2072335588896628 0.0061211526476501197 -0.24872594423870106 0.68549999594688427 1.0956196517013563 -0.0032513839563868981 4.0535001754760751 0.58935135734794886 0.41234420608218575 -0.44277525365060721 2.5757500034570699 0.17636810785033344 0.037465952551596023 0.38648662547418494 147.14078564166968 0.91572237293475667 88.470927793775573 0.29756146487409774 76.989959716796889 0.0076197785581842989 19821.000000000004 -0.71395873428531409 77.698593139648452 0.88754537495657659 0.02387203353404747 3397350.0000000005 1.0794505571815403 96.696345119476334 25.886018019633042 0.11358038619989279 4.2400000095367441 -0.2781388824454013 78.471879712804977 683650.00000000012 17.090000152587894 1.4552737737960377 8.8222335380620009 1.6666283027143967 1.0000000180025095e-35 -0.012042661043960788 0.99399950758613798 135.869136950117 1915250.0000000002 0.73157687495273915 0.43237953370961918 20.115000724792484 27.328864108209164
decision_type=2 2 2 2 2 8 2 2 2 2 2 2 2 2 2 2 2 2 2 2 10 2 2 2 2 2 2 2 2 2 2 2 2 2 2 2 2 2 2 2 2 2 2 2 2 2 2 2 2 2 2 10 2 2 2 2 2 2 2 2 2 2
left_child=-1 2 3 51 15 6 -6 8 9 11 13 17 58 47 -13 16 -4 -3 44 -15 26 22 -7 -23 -20 -25 -9 28 29 45 -31 32 33 42 40 37 43 -17 -26 -40 -29 -42 -19 -37 -5 46 -28 48 53 -49 -50 56 -36 -11 -8 -38 -2 -12 59 61 -60 -10
right_child=1 7 4 18 5 21 54 20 12 10 57 14 -14 19 -16 35 -18 31 24 -21 -22 23 -24 25 38 -27 27 34 -30 30 -32 -33 -34 -35 52 36 55 -39 39 -41 41 -43 -44 -45 -46 -47 -48 49 50 -51 -52 -53 -54 -55 -56 -57 -58 -59 60 -61 -62 -63
leaf_value=-0.002049115360782235 -0.00098832207503177856 0.0016659078159914097 -0.0030463287747231923 0.0053916771930545273 -0.0084238650233207923 -0.0063339107025553862 0.0072368475199220284 -0.00035919023774781949 0.0025816076557233615 0.002936090183908867 0.0029947977202875046 -0.006752600855315519 0.0010103530269551786 -0.00031878299847065575 -0.002032382473210595 -0.0028104766176828746 0.00048193508357564468 0.0030818706901361457 -0.002127488732341966 -0.0036118845476238574 0.0019942943750090852 -0.0025965177975840379 -0.00026539483859288829 0.0028393903426348985 0.00028400066515488648 -0.0013042452595598631 0.0045779412881736736 -0.00055396102874571561 0.0051133280230736449 -0.0030537416916913925 0.00039942219429884998 -0.0019352322052053142 -0.0057902121935337969 -0.00063814659504073362 -0.003693904331815464 0.0080189464437818627 4.2473707355910937e-05 -7.7656048637790847e-05 -0.0013734174758456828 0.0054614686939436852 -0.0006588870438894159 0.0086944618501597799 -0.0016705337010810611 -0.00041548314061269019 -0.00099923094818129741 0.00033844892688050603 0.0014152462938980676 -0.0027876899633400439 -0.002035112549702857 0.0021576645943785326 0.0071576258702272626 -0.0066029265039765188 0.0029858461020538882 -0.00020101743695662245 0.0011718322268558948 -0.0033118404727341989 -0.0061928381084076787 0.0084778776730657836 -0.013863624936590595 0.0041576419625905031 -0.00056059130397625274 -0.003091650209622209
leaf_weight=2695 2107 1198 1496 393 74 589 157 4776 154 812 322 353 10188 1357 2987 1376 723 935 928 900 3225 2419 260 451 23343 1071 544 777 513 666 1522 2337 203 2462 667 172 17068 1622 207 401 95 127 264 103 156 4119 6959 205 1300 2328 54 171 114 947 443 384 168 245 60 173 50 936
leaf_count=2695 2107 1198 1496 393 74 589 157 4776 154 812 322 353 10188 1357 2987 1376 723 935 928 900 3225 2419 260 451 23343 1071 544 777 513 666 1522 2337 203 2462 667 172 17068 1622 207 401 95 127 264 103 156 4119 6959 205 1300 2328 54 171 114 947 443 384 168 245 60 173 50 936
internal_value=3.69127e-06 5.3462e-05 -0.000218637 0.000153262 -0.000583546 -0.00167734 0.00153107 0.000332543 3.69524e-06 -0.00039268 0.000442065 -0.00105105 0.000662286 8.89396e-05 -0.00253126 -0.000323064 -0.00189674 -0.000382874 0.000335218 -0.00163194 0.000752334 -0.0021288 -0.00447547 -0.00162326 0.000263711 -7.64005e-05 0.0005605 0.000833271 0.00104241 0.000891187 -0.000651678 -0.000778687 -7.9193e-05 0.000237479 -0.000849592 -0.000154573 4.45455e-05 -0.00133195 0.00035636 0.00313446 0.000611786 0.0046919 0.00203547 0.00485987 0.00357568 0.00118165 0.00164456 0.000776864 -2.10064e-05 0.00175743 -0.00166849 -0.0017383 -0.00271888 0.00124715 0.00275884 -3.1332e-05 -0.00137266 0.00536403 -0.00192046 -0.00140692 -0.00781679 -0.00229011
internal_weight=113851 111156 56282 27874 28408 5464 674 54874 30770 19209 8470 10739 11561 7903 3340 22944 2219 7399 25428 2257 24104 4790 849 3941 24879 1522 20879 16103 14323 13810 2188 6201 3864 3661 1780 20725 17727 2998 23951 608 999 222 1199 275 549 11622 7503 5646 3113 2533 1354 2446 781 1759 600 17452 2275 567 1373 1263 110 1090
internal_count=113851 111156 56282 27874 28408 5464 674 54874 30770 19209 8470 10739 11561 7903 3340 22944 2219 7399 25428 2257 24104 4790 849 3941 24879 1522 20879 16103 14323 13810 2188 6201 3864 3661 1780 20725 17727 2998 23951 608 999 222 1199 275 549 11622 7503 5646 3113 2533 1354 2446 781 1759 600 17452 2275 567 1373 1263 110 1090
is_linear=0
shrinkage=0.05


Tree=39
num_leaves=63
num_cat=0
split_feature=33 55 62 73 29 64 10 43 72 73 32 10 41 32 1 50 28 72 33 21 38 15 50 58 25 55 28 51 41 62 61 15 51 42 32 41 50 19 51 42 62 26 77 53 25 4 76 33 59 62 42 74 38 41 62 27 73 51 61 77 65 45
split_gain=4.32862 3.75448 3.80904 2.58674 2.40299 2.34939 3.11207 3.47484 5.13786 5.31187 2.89416 2.60012 2.71656 2.69978 2.71944 2.47171 3.65758 2.44362 2.37915 2.26361 3.10418 2.31009 2.2321 2.20402 2.45852 2.29227 2.20056 4.52091 2.90587 3.32536 3.83894 2.65873 4.8903 3.47053 2.86916 2.55659 2.59567 2.53451 2.65303 2.51271 2.37122 2.314 2.20743 2.22525 2.16453 2.30105 2.28634 2.26449 2.15269 2.13034 2.10065 2.06416 3.96402 2.64655 2.48317 3.70809 2.97851 2.10869 2.0954 2.07048 2.15619 2.03268
threshold=1.1284654085741066 -0.003910791018674197 -0.83830942416276943 3.0190236462696194 0.054054002222125648 -0.013966050418974382 -0.062628467184802014 4.3115000724792489 49.713777904350032 0.047729506413449356 1.0734821247946751 -0.4353862240917451 2.1172318766908016 1.1566110950073427 17.460000038146976 429450.00000000006 -0.25000000000000028 47.205992429927313 0.64173574236300401 30.051515866905937 0.005562796938851867 0.11794902050455247 333835.00000000006 0.99999999999295575 79.024673461914077 0.011943656283849415 0.68301270189221941 0.63188069824799931 6.1456584119020485 0.68677654306782687 -0.69352003931683004 0.59412640518542403 0.32733592692132202 1.6396293615983741 0.47588915016722744 4.1502743330251866 447850.00000000006 44.812147264224286 -0.01775239377217713 1.5034934347159952 0.71558639904870469 107.912654876709 0.0018927190688577263 -0.0021509109844905666 78.477878570556655 9.2677921074161258 -0.0019263918462206586 0.79627551345533354 0.090311476209959274 -0.0092655754842334102 -0.23417859023629195 0.51388802028066816 -0.0046391731227925495 1.7969580713013871 0.49737596058974376 0.6830127018922193 13.895187706002238 0.43237953370961918 0.44836083003664812 -0.0053287209165470686 0.33503140744127641 1.2910000085830691
decision_type=2 2 2 10 2 2 2 2 2 10 2 2 2 2 2 2 2 2 2 2 2 2 2 2 2 2 2 2 2 2 2 2 2 2 2 2 2 2 2 2 2 2 2 2 2 2 10 2 2 2 2 2 2 2 2 2 8 2 2 2 2 2
left_child=5 2 -2 19 -3 -1 7 11 9 -9 23 13 15 44 -15 -13 17 -17 -11 20 48 -22 -21 24 25 -8 35 28 29 31 -31 32 33 42 -34 51 -37 -33 -39 -32 -38 -42 -28 -44 46 47 -7 -46 -4 -10 -50 52 53 -25 58 -56 -57 59 -54 -58 -61 -53
right_child=1 4 3 -5 -6 6 10 8 49 18 -12 12 -14 14 -16 16 -18 -19 -20 22 21 -23 -24 26 -26 -27 27 -29 -30 30 39 37 34 -35 -36 36 40 38 -40 -41 41 -43 43 -45 45 -47 -48 -49 50 -51 -52 61 54 -55 55 56 57 -59 -60 60 -62 -63
leaf_value=0.0014629394850577343 -0.0079980838135983671 -0.0015152789961201557 0.0045544536525070657 0.0048896742897438367 -0.0045705674918352481 -0.0027271598681155333 2.9798776327893096e-05 0.00082358470226114857 -0.0035245848681112442 0.0022852694317186287 -0.0019362636935861353 0.00027095731825282931 -0.0039229609613234406 -0.0025529320449289732 0.0078981383927726658 0.0021554242409559522 -0.0014925742212364963 -0.00071877470984937875 0.0080285818255354732 -0.0070699440046715053 -0.0018063974090776194 0.0020386868064432005 0.0010116721812790212 -0.0011150573437538698 0.010490508312359453 0.0019590574720219764 8.4358771209628678e-05 0.0077230448837228918 0.0045580604388155725 0.0062785893461185993 -0.0059878785730877824 0.0026173215814321066 0.008412803578027624 -0.0027758540561401181 0.00036422162569432537 -0.0052898674063716726 -0.0019926365177234608 0.00094167700948614779 -0.0020927798873602403 0.001287481162402475 0.0056441786483924644 -0.004651032557258461 0.0082679397411993712 -0.0014239608584362409 -0.0014736844742580639 -0.0055120124478315845 -0.0095955092205258566 0.0051639843680536214 0.0048030681033682729 -0.00039183601749220127 -0.0030925907220018603 -0.0063634376713058126 0.00022638835771664266 -0.0059983507985331627 -0.0013196697839437852 -0.0055975170073318571 -0.00040630041173052626 0.00036532533851263145 -0.001874861005990878 0.0067132039867258651 0.0025974085632627861 0.00085476244617887121
leaf_weight=3031 139 4054 622 299 765 2269 2863 4418 702 329 1508 8364 553 117 133 1355 7266 1628 399 208 1348 550 145 1000 70 3331 7626 177 303 91 616 1346 233 1825 211 372 713 2493 1013 147 236 71 60 4581 269 141 128 246 131 2391 236 98 15618 384 768 102 218 505 1284 708 578 20466
leaf_count=3031 139 4054 622 299 765 2269 2863 4418 702 329 1508 8364 553 117 133 1355 7266 1628 399 208 1348 550 145 1000 70 3331 7626 177 303 91 616 1346 233 1825 211 372 713 2493 1013 147 236 71 60 4581 269 141 128 246 131 2391 236 98 15618 384 768 102 218 505 1284 708 578 20466
internal_value=3.50671e-06 -0.00108209 0.000120962 0.000439851 -0.0020003 9.10622e-05 5.04246e-05 -0.000370674 0.000507673 0.00147568 0.000230989 -0.000692749 -0.000469463 -0.00198839 0.00300704 -0.000366858 -0.000887366 0.000586803 0.00543305 2.92033e-05 0.000491332 -0.000692174 -0.0037503 0.000277606 0.00117262 0.00106731 0.000189792 -0.000233664 -0.000302213 -0.000374966 -0.00342848 -0.000240465 -0.000578747 -0.000741534 0.00458791 0.000393286 -0.00171464 0.000772986 6.49215e-05 -0.0045862 -0.000410732 0.0032632 -0.000438882 -0.00129866 -0.00239745 0.000147447 -0.00309393 0.00169693 0.00276261 -0.00110286 -0.000274249 0.000463602 0.000116971 -0.00246996 0.000297969 0.00165534 0.00273767 0.00316086 6.6762e-05 0.00409952 0.00486334 0.000820363
internal_weight=113851 8497 3678 3539 4819 105354 102323 30708 8239 5146 71615 22469 19166 3303 250 18613 10249 2983 728 3240 2887 1898 353 70107 6264 6194 63843 20722 20545 20242 854 19388 14536 14092 444 43121 1392 4852 3506 763 1020 307 12267 4641 3053 656 2397 515 989 3093 367 41729 21165 1384 19781 2879 2111 2009 16902 1504 1286 20564
internal_count=113851 8497 3678 3539 4819 105354 102323 30708 8239 5146 71615 22469 19166 3303 250 18613 10249 2983 728 3240 2887 1898 353 70107 6264 6194 63843 20722 20545 20242 854 19388 14536 14092 444 43121 1392 4852 3506 763 1020 307 12267 4641 3053 656 2397 515 989 3093 367 41729 21165 1384 19781 2879 2111 2009 16902 1504 1286 20564
is_linear=0
shrinkage=0.05


Tree=40
num_leaves=63
num_cat=0
split_feature=39 4 13 14 55 61 26 50 48 69 51 1 33 28 31 50 60 74 25 17 13 67 67 72 69 62 38 62 38 27 62 51 18 18 33 33 62 15 52 45 72 51 79 65 50 15 49 6 45 31 3 16 36 22 59 77 73 6 15 73 47 33
split_gain=5.46444 3.91071 3.15082 2.90209 3.20381 2.12985 6.85073 3.81562 2.68291 2.14273 3.92397 3.33317 3.03172 3.67137 3.52773 3.0535 3.41487 2.98732 2.41527 2.338 2.30266 2.29558 2.23455 2.6425 2.18761 3.52814 2.52842 2.18259 3.09674 2.29984 2.14909 4.08411 2.26744 2.14004 2.08906 2.04645 2.24539 2.08536 2.27863 3.1573 2.00432 1.92825 1.92761 1.91809 1.89345 1.8781 1.92116 1.82368 3.0212 1.78921 1.78558 2.02472 1.77931 1.77542 1.7702 1.76659 1.76429 2.22056 1.94174 1.72619 1.71085 1.70655
threshold=0.2339972930577108 2.7502049508206374 50208.500000000007 4.8507164379299184 -0.0095696381415945036 -0.35055654111651385 107.47381973266603 83550.000000000015 -0.41760919753562753 -0.02141558668385057 1.0000000180025095e-35 23.650000572204593 0.81075674741982351 -0.68301270189221941 42.589522542498166 163750.00000000003 0.0052085953438815178 -0.68653004856958388 78.391860961914077 12.921907064914704 17135350.000000004 -52428.168604133745 1.0000000180025095e-35 93.429855920069059 0.12590030869899441 0.64433094775937338 0.011453293337763239 -0.13903663287317147 -0.0028314977455557995 0.6830127018922193 0.2409008079268454 0.4168437033123869 85.164656259776947 84.203605663385375 0.42181391718610034 0.81075674741982351 1.1443070154847137 1.3267326627498905 0.71981905059825591 12.092997074127199 81.972502227688025 -0.19158234103833907 0.11882861884837713 0.48828617016521486 32730.000000000004 -0.27724991836518992 20.09325851917281 9.2281666788637491 78.730709075927749 29.816147824164155 -0.39221458699173345 -0.010728004591363525 11.281321048736574 98.154998779296889 0.043542541311352032 -0.024369507361192286 3.0190236462696194 0.35607140404837478 -0.37949071802928086 4.0878392232141598 0.17721800513457622 0.52202270412192486
decision_type=2 2 2 2 2 2 2 2 2 2 2 2 2 2 10 2 2 2 2 2 2 2 2 2 2 2 2 2 2 2 2 2 2 2 2 2 2 2 2 2 2 2 2 2 2 2 10 2 2 8 2 2 2 2 2 2 8 2 2 8 2 2
left_child=1 2 44 4 59 6 7 8 -5 10 22 30 14 54 17 19 21 61 -16 -15 -18 -17 23 -7 26 -26 27 28 -19 -30 31 40 -32 52 -6 36 37 38 39 -8 -12 -9 -4 -39 -1 -28 50 48 -3 -37 60 53 -13 -52 -14 -36 57 58 -57 -2 -47 -11
right_child=3 47 42 5 34 9 35 41 -10 12 11 33 13 15 18 16 20 24 -20 -21 -22 -23 -24 -25 25 -27 45 -29 29 -31 32 -33 -34 -35 55 49 -38 43 -40 -41 -42 -43 -44 -45 -46 46 -48 -49 -50 -51 51 -53 -54 -55 -56 56 -58 -59 -60 -61 -62 -63
leaf_value=0.006773773496807859 0.0059747638892278902 -0.0024710035169416139 -0.00062102635917554261 0.00690709843919459 0.00085655982087948278 0.0018751375783605841 -0.0037701462437398736 0.0039043086538939789 -0.0022577057213799714 -0.00083597921302349342 -0.001695507188082255 0.00044088051314528212 1.8443092519398965e-05 -0.0011086436878264441 -0.0037943817355634585 0.0057633536600157024 -0.00025503709475442615 -0.0042778674591626492 0.0022992172128334181 -0.0058937288210910528 -0.0059396081121771468 0.0010621648842052531 -0.00096518564347766213 -0.00078162194174611786 -0.00092546349064393353 0.0068480236368679394 0.0019447479105952814 0.0007051219071666304 0.0024555370071027483 -0.0014912735656753703 -0.0021100681978079706 0.0076269559156856535 -0.011315245358034588 -0.0087446021064501878 0.004752327644452453 0.0072451700630590202 -0.0074763043678929136 0.0038481343550321699 -0.0015722673656012945 0.0023149949277908705 0.0020890001079067826 0.0017987439426711907 -0.0086500402967832606 -0.0022626200205910683 0.00084155537116632696 -0.0011556413265086112 0.0039836737890035353 -0.0069467942407396861 0.008334811659755581 0.00091828304515369035 0.007390469030820225 -0.0006154696254343947 -0.0039395168926084001 0.0010033803447225618 -0.0053699574102955049 -0.0019395780596224701 -0.0013384079144940246 -0.0049624037917658514 0.0071302579624163368 0.00041625447846828693 -0.005251465343715846 -0.0047069172906592047
leaf_weight=229 144 3247 2563 91 1449 2561 275 1964 652 976 1199 298 202 936 834 380 1455 525 202 351 203 820 2647 1475 4379 151 864 43501 640 872 470 166 78 182 125 123 119 461 3376 948 494 2436 77 178 326 830 232 221 66 1221 133 6256 1044 598 621 85 10909 83 193 4648 368 402
leaf_count=229 144 3247 2563 91 1449 2561 275 1964 652 976 1199 298 202 936 834 380 1455 525 202 351 203 820 2647 1475 4379 151 864 43501 640 872 470 166 78 182 125 123 119 461 3376 948 494 2436 77 178 326 830 232 221 66 1221 133 6256 1044 598 621 85 10909 83 193 4648 368 402
internal_value=-2.10036e-05 -0.00140299 -0.000135275 6.60487e-05 -0.000520015 0.000181935 0.000806325 0.00217895 -0.00113523 8.63212e-05 -0.000573553 -0.00182706 0.000191279 -0.000997016 0.000286861 -0.000391353 0.000519325 0.000336217 -0.00260625 -0.00241367 -0.000951037 0.00255087 0.000163772 0.000904196 0.000389654 -0.000666347 0.000476917 0.000630216 -0.000969429 0.000179334 -0.000668547 0.000142618 -0.00342029 -0.00365682 -0.000931649 -0.000247158 -0.000684821 -0.000530528 -0.000902403 0.000946709 -0.000591227 0.00273859 -0.000855206 0.00214592 0.00328926 -0.000275258 -0.00050314 -0.00254909 -0.00225574 0.00149731 -0.000630317 -0.00032452 -0.00296682 0.00216546 -0.00404741 -0.00115904 -0.0012246 0.00221439 0.00435711 0.000583288 -0.00241379 -0.00196524
internal_weight=113554 6729 3195 106825 17636 89189 11844 5143 743 77345 10614 3931 66731 4968 61763 4145 2858 60727 1036 1287 1658 1200 6683 4036 59349 4530 54819 45538 2037 1512 2407 1859 548 1524 12844 6701 5357 5238 4599 1223 1693 4400 2640 639 555 9281 8417 3534 3313 1344 8185 6987 1342 731 823 11395 11270 361 278 4792 1198 1378
internal_count=113554 6729 3195 106825 17636 89189 11844 5143 743 77345 10614 3931 66731 4968 61763 4145 2858 60727 1036 1287 1658 1200 6683 4036 59349 4530 54819 45538 2037 1512 2407 1859 548 1524 12844 6701 5357 5238 4599 1223 1693 4400 2640 639 555 9281 8417 3534 3313 1344 8185 6987 1342 731 823 11395 11270 361 278 4792 1198 1378
is_linear=0
shrinkage=0.05


Tree=41
num_leaves=63
num_cat=0
split_feature=39 2 13 17 73 10 65 29 61 26 43 68 33 51 56 9 38 19 74 51 44 68 47 69 8 62 18 25 51 76 49 70 61 76 50 28 10 64 44 44 41 1 9 33 33 25 51 63 48 48 77 72 71 44 1 51 61 79 50 8 67 62
split_gain=4.93165 3.42907 2.78345 2.62343 2.60136 2.58594 2.73804 2.08757 3.25397 4.51819 3.97946 3.07358 3.03592 2.84294 2.80546 2.73669 2.53752 2.94809 2.47379 2.38467 2.72064 2.43842 3.07578 2.71803 2.71618 2.34136 2.20986 2.15013 2.07608 2.32365 2.08329 2.05823 2.04695 1.92756 2.19568 2.75864 2.57976 2.28643 1.92058 2.64622 1.875 1.89736 1.84265 1.83052 1.81572 2.08098 1.79705 1.78083 1.77922 1.75209 1.93366 1.74986 1.73902 2.26425 1.79788 2.31166 1.73052 2.74618 1.98504 2.01567 1.87843 1.72747
threshold=0.2339972930577108 2.8104294509266201 50208.500000000007 5.2644999927282337 8.8273935359362952 -0.5287833739791642 0.0072887617932008231 0.0037565676083833881 -0.15218318802139763 107.12514877319337 4.3709998130798349 -0.035882642828722659 0.66605071072742805 -0.06973183112058641 1.0000000180025095e-35 -0.014940550009827467 0.00488162345985066 92.743577058766604 0.76252173680634805 0.48579564875218822 19.255750060081485 -0.016426302815716769 0.02042601902452779 0.011654542394811231 6.579487510067783 -0.087005683377284163 54.700858368133765 77.642211914062514 -0.08681693183239321 0.0052227250506009237 33.617032546563728 0.24403432104028569 0.55844766064343598 0.014467208273457101 291350.00000000006 -0.68301270189221941 0.24285764316876582 0.0070149184642874654 16.269000005722049 18.475250124931339 1.3831144670949105 16.510000228881839 -0.079871668649937097 0.60448500781898395 0.32140221353016979 78.391860961914077 -0.20125662733604407 0.73406497945190807 0.26508138502768658 1.0429288200797731 0.0040624656014081476 27.328864108209164 1.0000000180025095e-35 18.356250119209292 15.159999847412111 0.27200168453264312 0.16838554900771294 0.019135633561175956 137632.50000000003 13.650621844368318 818.36628787062875 0.25108487983767447
decision_type=2 2 2 2 8 2 2 2 2 2 2 2 2 2 2 2 2 2 2 2 2 2 2 2 2 2 2 2 2 8 10 8 2 8 2 2 2 2 2 2 2 2 2 2 2 2 2 2 2 2 2 2 10 2 2 2 2 2 2 2 2 2
left_child=1 2 -1 4 31 6 -6 8 9 15 12 -9 19 42 -14 18 48 28 -5 21 43 24 38 -24 -10 -16 44 -19 29 -18 47 -2 49 -11 36 37 -35 -36 -23 -40 41 -4 -12 -21 -26 -46 -17 -30 -13 50 -29 -42 54 -54 55 -3 57 -56 60 -60 -59 -25
right_child=3 52 40 7 5 -7 -8 11 10 33 13 16 14 -15 25 46 17 27 -20 20 -22 22 23 61 26 -27 -28 32 30 -31 -32 -33 -34 34 35 -37 -38 -39 39 -41 51 -43 -44 -45 45 -47 -48 -49 -50 -51 -52 -53 53 -55 56 -57 -58 58 59 -61 -62 -63
leaf_value=0.0030952801675972665 0.0037329626703391976 0.0037655989355139005 -0.002828520021451768 0.0021907571280669054 0.0060297935297696954 -0.00069291214902438795 -3.7788786715827884e-05 0.0015848219584315146 0.0056150702938824642 0.002129028916441564 0.005794339294703345 -0.00034161690274825906 0.00029493455323582754 -0.0025458206192447526 0.0014779036271141228 0.0033012262985895845 0.0022832767752294521 -0.00090842280808146273 0.0053056395497375237 0.005324164089482086 -0.0040811384755017402 -0.0013073196840878484 -0.00053758920930176135 0.001250683780839679 0.0014251559983882332 -0.0032493272396651599 -0.0016466185462341841 0.0023522072540526646 -0.0046116575020084365 -0.0014696272739839239 -0.0040503343780643637 -0.0028131247383231918 -0.0047365671011026615 0.0017520914474730123 0.0012248353876628262 -0.00078885392316062602 -0.0011670735319152489 0.0087449049499506767 0.0012442305897020119 -0.00059186434388907574 -0.002272959659330164 0.00080691967381455322 -0.00027374019397388618 -0.0031191696723302208 -0.0017462604058670938 0.0033545935444111575 0.00021979717430159679 0.00058076603429369237 -0.0014727662164797791 0.0036858842182674739 -0.0010942985245540817 -0.010763515329317136 -0.0046500196847288561 0.0078895113745238634 -0.003651581025796441 -0.0032852991403471594 -0.004489771466701006 0.0015790920305659461 0.0006620764568635182 0.0092893660624454519 -0.0057895625044724775 0.0029366827279538256
leaf_weight=551 602 234 471 2362 296 18229 500 2465 178 1376 140 11661 1903 2284 316 605 462 818 873 592 110 2071 1653 5788 1630 1531 2909 1265 169 3846 265 150 110 3132 641 5873 998 120 4284 3621 564 1508 1176 72 1309 236 2171 7209 4953 1211 600 68 60 90 1034 231 1255 171 219 98 175 2060
leaf_count=551 602 234 471 2362 296 18229 500 2465 178 1376 140 11661 1903 2284 316 605 462 818 873 592 110 2071 1653 5788 1630 1531 2909 1265 169 3846 265 150 110 3132 641 5873 998 120 4284 3621 564 1508 1176 72 1309 236 2171 7209 4953 1211 600 68 60 90 1034 231 1255 171 219 98 175 2060
internal_value=-1.99534e-05 -0.00133284 -0.000134019 6.27462e-05 -0.000457091 -0.0005711 0.0022185 0.000180852 0.000381805 0.000921973 9.22679e-05 -0.000117498 0.000279213 -0.00147927 -0.00105238 0.00204306 -0.000246339 0.000204022 0.00303134 0.000467555 0.00320207 0.000385325 0.000661271 0.00130511 -0.000472963 -0.00244055 -0.000651082 0.00137824 -0.00018938 -0.00106716 0.000305382 0.00242723 0.00196533 0.00036688 0.000141618 -0.000421832 0.00104669 0.00241065 4.80838e-05 0.000403181 -0.000815498 -5.83113e-05 0.0003718 0.00440862 0.00026105 -0.000967101 0.000891362 0.000461829 -0.000678837 0.002205 0.00124341 -0.0031865 -0.00239554 0.0028737 -0.00262685 0.000262895 -0.00308204 -0.00204097 0.000470896 0.00332919 -0.00214783 0.00169324
internal_weight=113554 6729 3162 106825 19777 19025 796 87048 52014 18151 33863 35034 30263 3600 3750 6011 32569 15955 3235 26513 774 25739 19477 9501 6262 1847 6084 4004 11951 4308 7643 752 3186 12140 10764 6634 4130 761 9976 7905 2611 1979 1316 664 3175 1545 2776 7378 16614 3076 1865 632 3567 150 3417 465 2952 1697 663 317 346 7848
internal_count=113554 6729 3162 106825 19777 19025 796 87048 52014 18151 33863 35034 30263 3600 3750 6011 32569 15955 3235 26513 774 25739 19477 9501 6262 1847 6084 4004 11951 4308 7643 752 3186 12140 10764 6634 4130 761 9976 7905 2611 1979 1316 664 3175 1545 2776 7378 16614 3076 1865 632 3567 150 3417 465 2952 1697 663 317 346 7848
is_linear=0
shrinkage=0.05


Tree=42
num_leaves=63
num_cat=0
split_feature=39 0 17 22 17 41 50 21 73 62 26 55 28 3 77 16 60 57 29 62 61 15 50 51 40 45 32 55 53 62 1 74 51 27 27 72 61 33 10 44 47 44 62 10 14 41 41 6 76 76 81 49 44 39 40 9 73 44 41 70 40 39
split_gain=4.45082 3.22589 2.38573 3.41196 3.67897 2.41952 2.3234 2.95929 2.25038 2.05195 6.18049 3.33753 2.89824 2.52375 2.4652 2.55215 2.3107 2.1611 2.13513 2.1023 2.31481 2.54824 2.0741 3.08049 3.11668 2.5096 2.17519 2.07392 2.79431 2.50091 2.66563 3.51016 2.04212 2.03721 2.03059 2.01818 2.01589 2.01187 2.78802 2.53382 3.00485 2.0228 2.00597 2.32903 2.31196 1.98947 1.9716 1.94545 1.89869 2.67497 2.28431 1.91863 1.87677 1.87034 1.86139 1.8429 1.8296 1.79287 2.88069 2.42665 2.85755 2.17349
threshold=0.2339972930577108 2.3705518237334258 4.3340757721662531 97.819999694824233 1.3067699998617173 4.1502743330251866 45703.500000000007 2.658655488906263 23.834002473384317 0.40302013397135833 107.81529235839845 -0.014744519345755823 -0.68301270189221941 2.0130078788320707 0.0026428647372039068 0.12868141395101632 0.062538805601091721 0.90752181956630129 -0.0062833711199873346 0.64433094775937338 -0.6681322071396788 0.52567357493239164 305250.00000000006 0.26401280862528048 -0.0039398808039938773 13.937379360198976 0.16988606273530368 0.012195640158299216 -0.00067442693822903623 0.67273983305349894 15.799999713897707 0.86654169751321752 0.16585881143912326 0.6830127018922193 0.93301270189221952 47.519552866204968 0.55844766064343598 0.65111466094946813 -0.027215557419380195 16.269000005722049 0.10085594499044871 19.255750060081485 0.6191988065095605 2.9951489085318808 3.4345455474505564 3.1761970453553374 4.3206473493538367 1.991056936513685 0.027439579849527326 0.068170966153352067 -3.4092363768742229 2.0982673294005738 22.817000102996833 0.7755298496484293 1.0000000180025095e-35 0.070314379740107694 34.463198245890574 18.356250119209292 1.3269983774778107 0.078482108780582469 0.003260457189962485 0.8975342514647654
decision_type=2 2 2 2 2 2 2 2 8 2 2 2 2 2 2 2 2 2 2 2 2 2 2 2 2 2 2 2 2 2 2 2 2 2 2 2 2 2 2 2 2 2 2 2 2 2 2 2 10 8 2 8 2 2 2 2 10 2 2 10 2 2
left_child=1 6 3 4 33 8 7 -1 -5 11 12 -4 -11 19 15 22 17 -16 -18 -12 -21 -22 25 37 -25 -13 54 28 45 -30 36 -32 -29 -2 35 -26 -31 38 39 40 -24 -39 44 -44 -7 -14 -47 -28 51 -50 -51 -10 -17 -45 -27 57 -43 59 -59 -40 -61 -60
right_child=2 -3 9 5 -6 42 -8 -9 48 10 13 14 27 -15 16 52 18 -19 -20 20 21 -23 23 24 34 26 47 32 29 30 31 -33 -34 -35 -36 -37 -38 41 55 -41 -42 56 43 53 -46 46 -48 -49 49 50 -52 -53 -54 -55 -56 -57 -58 58 61 60 -62 -63
leaf_value=0.00067195437696411097 0.0067138962102112707 -0.0022573220696130241 -0.00092324069584860712 0.0026133621327087595 0.0002133358419078457 -0.0029718081607701123 -0.00065521888204332526 0.0094145973261307789 -0.0062381896130559713 -0.0020772238296188589 -0.000292674437678582 -0.00022634211971163181 0.00053207128818557453 0.0014959881838069117 -0.0036594992978359153 0.0058785110320173214 0.00013767663981759389 0.00024262702581117129 -0.0017792237127526181 0.0019640254459893669 -0.0013721065614922083 -0.0053210653754455408 -0.0035816802839977236 -0.0023517922724555439 0.0019948093569059681 -0.0023627137854720791 0.0018503198818408742 0.0041811696841604594 0.0010566644396715825 0.0066593745132058962 0.00018804670231896146 0.007060501424486324 -0.00018987656423928988 -0.0001945503998310274 -0.0022076395696124318 0.0057906685099297752 0.0021907817930600926 4.8537880218729115e-05 0.00029335552942257764 -0.00046160820171309356 0.0011473651041539953 0.0021501049944780237 -0.0025238988165404985 -0.0013309806710682236 -0.0093815291016117533 -0.0067847650661730236 0.00067866492188639117 0.00042550674905751949 0.0087904005816842375 -0.0097234221376186498 0.0026364816878257057 -0.00082198301825344713 -0.0037416316565941094 0.011435385797267373 0.00074166869592128914 -0.0023890073166891201 0.0080718219881722088 -0.0014333431133778979 0.0017926022835929338 -0.00038541630643233531 0.0033860970614568945 -0.00041607710450641442
leaf_weight=342 376 3698 7903 506 2975 542 2554 135 166 595 2369 4895 3286 1009 368 327 2235 9909 4150 249 878 764 1452 346 898 753 7347 1197 3323 681 933 232 344 149 176 574 401 1226 5820 8429 437 796 330 52 190 195 162 3555 123 51 140 10896 60 64 1346 651 156 2996 2007 732 1600 2503
leaf_count=342 376 3698 7903 506 2975 542 2554 135 166 595 2369 4895 3286 1009 368 327 2235 9909 4150 249 878 764 1452 346 898 753 7347 1197 3323 681 933 232 344 149 176 574 401 1226 5820 8429 437 796 330 52 190 195 162 3555 123 51 140 10896 60 64 1346 651 156 2996 2007 732 1600 2503
internal_value=-1.89558e-05 -0.0012662 5.96089e-05 -0.000492053 0.000894317 -0.000863592 -5.69614e-05 0.00314629 -0.000649308 0.000160817 0.000662676 4.75752e-05 0.00131969 -0.000752487 0.000164276 0.000342666 -0.000361216 0.000102899 -0.00110823 -0.00128505 -0.00252827 -0.0032095 0.000310524 6.17795e-05 0.00196235 0.000738612 0.00110193 0.00150764 0.00122366 0.00192788 0.0032163 0.00155664 0.00320541 0.00475321 0.00286811 0.00347499 0.00500327 -6.97854e-05 -0.000189295 -0.000832535 -0.00248767 0.00139127 -0.00302499 -0.000381688 -0.00463553 0.00014694 -0.003398 0.00138571 -0.00079443 0.00303959 -0.000663807 -0.00090326 0.00438702 0.00571253 -0.000372004 0.000217655 0.00312047 0.00032603 -0.000231546 0.000839421 0.00220224 0.00056681
internal_weight=113554 6729 106825 16560 3500 13060 3031 477 11882 90265 16618 73647 11349 5269 65744 49082 16662 10277 6385 4260 1891 1642 48695 30799 1994 17896 13001 10754 9213 5570 2247 1165 1541 525 1648 1472 1082 28805 26627 10318 1889 2178 1178 446 732 3643 357 10902 11376 314 191 11062 387 116 2099 16309 952 15658 7506 8152 2332 4510
internal_count=113554 6729 106825 16560 3500 13060 3031 477 11882 90265 16618 73647 11349 5269 65744 49082 16662 10277 6385 4260 1891 1642 48695 30799 1994 17896 13001 10754 9213 5570 2247 1165 1541 525 1648 1472 1082 28805 26627 10318 1889 2178 1178 446 732 3643 357 10902 11376 314 191 11062 387 116 2099 16309 952 15658 7506 8152 2332 4510
is_linear=0
shrinkage=0.05


Tree=43
num_leaves=63
num_cat=0
split_feature=61 55 62 13 39 65 41 46 12 33 74 61 39 65 69 79 77 16 62 68 41 10 42 10 60 68 51 27 58 62 18 77 79 14 46 12 72 50 14 10 79 61 55 61 46 67 41 73 38 61 53 70 51 42 41 57 63 62 16 80 41 14
split_gain=4.23923 4.7247 3.50063 2.82716 2.63753 2.45041 2.32894 3.28333 2.16843 2.14868 2.13427 2.85614 2.57717 4.34195 2.11261 2.18903 2.08988 4.26648 2.75055 3.24937 3.49988 3.38906 3.36683 2.42753 2.2647 2.55006 2.3696 2.1679 1.94532 2.19859 1.93199 1.9282 1.87447 1.85177 2.49856 2.31783 2.0514 2.67919 1.94932 3.14374 2.07671 1.95821 1.93515 2.47498 1.90523 1.86752 2.34216 3.1004 2.2747 1.82875 1.82833 2.66213 1.81341 1.80867 1.80557 1.78491 1.74782 1.74399 1.74393 1.73766 1.71409 1.6802
threshold=0.36661417829860882 -0.003910791018674197 0.68677654306782687 13090200.000000002 0.25834677511331922 1.8606089659461211 1.6927615670542975 25.251880645751957 33.885183048248301 1.9083478275148911 -0.66793960892655602 -0.5698826131304594 0.55356297827771828 -1.9026860144438091 0.024088119646603071 0.7860445593618367 0.0023957909094534662 0.12868141395101632 0.30083807642361532 0.062533463213781185 2.2317131279344902 1.8654507488898855 0.16906040449317539 -0.20307778094592546 0.054293986482504726 1.0000000180025095e-35 0.63188069824799931 0.6830127018922193 1.2822668438601854 1.2751242327304124 64.922179759667685 0.012495919715827955 0.83645756977930219 69.940731949185775 15.623035430908205 66.623456287384045 148.36416036830732 284850.00000000006 37.083813854149518 -0.62251054598601707 0.73341760655139587 -0.55450178797814542 -0.0050216874389692459 0.13270554559963291 5.9502711296081552 -243206.14447459986 1.7744211849318126 7.8182658811870862 -0.00081020069654269544 -1.0033011909349645 0.0040774082648322415 0.067170347163491545 -0.067945983049230482 -0.43131825799079737 8.5738106805464884 0.93681577961118501 0.86760118245330597 1.6543417086235419 -0.20094280208493406 1.3967008789301938 1.5921549036728362 1.4136741663789361
decision_type=2 2 2 2 2 2 2 2 2 2 2 2 2 2 2 2 2 2 2 2 2 2 2 2 2 2 2 2 2 2 2 2 2 2 2 2 2 2 2 2 2 2 2 2 2 2 2 8 2 2 2 10 2 2 2 2 2 2 2 2 2 2
left_child=9 2 59 4 -3 6 30 57 55 10 11 -1 13 -13 -14 -16 17 33 24 20 23 50 -21 -20 25 31 54 32 -11 -30 58 -18 -25 34 38 -35 37 42 39 41 45 44 -36 -44 -12 48 -47 -48 53 -49 51 -22 -24 -41 -26 -4 -29 -8 -6 -2 -60 -51
right_child=1 3 8 -5 5 -7 7 -9 -10 28 16 12 14 -15 15 -17 18 -19 19 22 21 -23 52 27 26 -27 -28 56 29 -31 -32 -33 -34 35 36 -37 -38 -39 -40 40 -42 -43 43 -45 -46 46 47 49 -50 61 -52 -53 -54 -55 -56 -57 -58 -59 60 -61 -62 -63
leaf_value=0.003404648716508446 -0.0003574779280565417 -0.0034452882433107009 0.0039508917349932136 -0.0048304271959904851 0.0019778511638329842 0.002213616184779521 -0.0036859258919233907 0.00037767990868660346 0.0060415135485004465 -0.00069170669897988379 0.008902329180109891 0.010704848125439001 0.0013264518903533867 -0.0037604785830320205 -0.00097159186096276338 -0.00804861263326828 -0.00062832306503882987 0.0043868548531637601 0.0021581382074478453 -0.0040385810618872187 0.0059275584128572261 -0.0019915528849139578 0.0012088901358874866 -0.0028741791088730223 -0.0014032122163309792 0.0005490707456958663 0.0071641351429623523 -0.0069136415155501008 -0.0071498095405880709 0.0038853131648566991 0.0020707042693781357 -0.0038376488828960505 0.00043227088937441353 -0.0028634222907583506 0.00060314770441001085 -3.5363404104208978e-05 -0.0010993990938755324 0.00050571164534188079 -0.0055177493651788088 -0.0016851556850597264 0.0011442972867104048 0.0015529211556014613 0.0026330525892373658 -0.00047526251730952893 -0.0012803126980240147 -0.00016082016750245526 0.0078148510169099884 0.0040298425758500461 -0.00042904364958318416 0.0032858594025859272 0.0035845073601032174 -0.0023651036918220791 -0.0031883682598887438 0.0035341535501760011 0.0074541945379741244 -4.9152454528268383e-05 0.0010346360129147231 0.0049746942070002364 -0.0021173185736051733 -0.0097250204794108869 0.0029914006355134157 -0.0027402392094273585
leaf_weight=316 5007 1247 427 631 412 565 1863 811 306 714 196 54 924 1319 592 134 4060 639 1116 722 138 399 1025 1206 7193 6343 83 72 275 54 681 529 665 757 2972 16881 1355 15120 155 200 3240 889 4562 745 60 13818 81 115 1230 122 2111 324 304 976 58 804 1757 60 1678 50 182 2230
leaf_count=316 5007 1247 427 631 412 565 1863 811 306 714 196 54 924 1319 592 134 4060 639 1116 722 138 399 1025 1206 7193 6343 83 72 275 54 681 529 665 757 2972 16881 1355 15120 155 200 3240 889 4562 745 60 13818 81 115 1230 122 2111 324 304 976 58 804 1757 60 1678 50 182 2230
internal_value=-1.8008e-05 -0.000809495 0.000185028 -0.00161612 -0.00134566 -0.000926873 -0.00123888 -0.00229045 0.0022747 9.99103e-05 0.000123988 -0.00111836 -0.00159116 -0.00319156 -0.000259427 -0.00227782 0.000167908 0.000320992 -0.000193452 0.000480509 0.000946807 0.00229609 -0.00129011 0.000114152 -0.000556482 -0.000100471 -0.00123621 -0.000502359 -0.0021575 -0.00533857 -0.00026529 -0.00099828 -0.00169898 0.00028145 0.000442245 -0.00015674 0.00079208 0.000901612 7.07704e-05 0.000108177 -2.46926e-05 0.00266252 0.00162465 0.00219671 0.00651577 -0.000226457 -0.000417673 -0.00181061 0.00107422 -0.00212664 0.00296098 0.000111925 0.000203046 0.00264652 -0.00133236 0.00133835 0.000721746 -0.0034157 -0.000965471 -0.000450097 -0.00161743 -0.00242766
internal_weight=113554 14724 6594 8130 7499 6252 5687 2734 1537 98830 97787 3339 3023 1373 1650 726 94448 66343 28105 9839 7788 2972 2051 4816 18266 10932 7334 3700 1043 329 2953 4589 1871 65704 48066 17638 24754 23399 23312 23157 22012 1145 8279 5307 256 18772 16366 2548 2406 2467 2573 462 1329 1176 7251 1231 1829 1923 2272 5057 1860 2352
internal_count=113554 14724 6594 8130 7499 6252 5687 2734 1537 98830 97787 3339 3023 1373 1650 726 94448 66343 28105 9839 7788 2972 2051 4816 18266 10932 7334 3700 1043 329 2953 4589 1871 65704 48066 17638 24754 23399 23312 23157 22012 1145 8279 5307 256 18772 16366 2548 2406 2467 2573 462 1329 1176 7251 1231 1829 1923 2272 5057 1860 2352
is_linear=0
shrinkage=0.05


Tree=44
num_leaves=63
num_cat=0
split_feature=61 55 62 13 39 15 79 65 72 73 43 31 5 61 60 44 10 41 10 62 19 46 16 56 9 1 72 50 15 67 1 53 50 50 62 15 5 79 41 0 51 80 72 41 58 57 1 65 10 43 51 26 32 48 42 21 23 50 23 50 51 14
split_gain=3.82591 4.26404 3.15932 2.55151 2.43165 2.16577 2.66559 1.99901 2.53463 2.72259 3.02095 2.74151 1.98544 1.94913 2.78568 1.88966 2.79241 1.80438 1.98264 1.58808 1.77769 1.58107 2.09253 1.72566 1.5791 1.62788 2.35884 1.69845 1.80678 1.57354 2.32482 3.78023 2.97437 2.14872 1.99381 1.95545 1.86518 1.7846 1.6488 2.27035 1.58474 1.56824 1.63851 2.21136 1.56215 1.55891 1.55837 1.55236 1.61232 1.55224 1.54645 5.30506 2.04868 1.63475 1.50668 1.48945 1.48545 1.46907 1.46345 1.428 1.40236 1.38374
threshold=0.36661417829860882 -0.003910791018674197 0.68677654306782687 13090200.000000002 0.36427213230986771 0.10974170071699187 0.89294733944481897 -0.70362866155790538 15.333382810498597 3.9385788526958696 4.243499994277955 28.449060545399991 32.99414253234864 0.047923242816764043 0.19645605839532046 15.580750036239627 -0.21352446200769584 4.8078130705964552 1.0872904119348512 0.52102819551325619 53.051214399988623 48.300048828125007 0.73955940502125816 1.0000000180025095e-35 -0.040064081853781179 15.799999713897707 80.52197116780134 265350.00000000006 0.94030262234887718 1551.1285275972623 19.845000267028812 0.0078707979459918097 4053050.0000000005 71720.000000000015 1.2751242327304124 -0.33275511868571567 0.68549999594688427 0.34868200555388401 1.0674062536147402 50.976727865635532 -0.26618967657542275 1.3967008789301938 13.005984230778447 4.3206473493538367 0.9999999991736831 0.93681577961118501 22.545000076293949 2.6409716450355663 1.8654507488898855 4.2184998989105233 0.36152536500678761 108.01687622070314 0.60855445232035354 1.0429288200797731 -0.14222588725774668 11.165395377770571 34.868914220650645 5804.5000000000009 74.57048394724346 1032550.0000000001 0.46607666285644628 2.2797092537478081
decision_type=2 2 2 2 2 2 2 2 2 8 2 8 2 2 2 2 2 2 2 2 2 2 2 2 2 2 2 2 2 2 2 2 2 2 2 2 2 2 2 2 2 2 2 2 2 2 2 2 2 2 2 2 2 2 2 2 8 2 8 2 2 2
left_child=7 2 41 4 -3 49 -7 13 17 10 11 -10 45 44 56 16 -11 18 -9 20 -12 22 23 -8 -18 26 27 -26 60 36 31 34 33 -33 35 38 40 57 -31 -40 -17 42 43 54 -1 55 -5 48 -20 -6 53 -52 -53 -32 -2 -4 -15 -38 -27 -51 -29 -46
right_child=1 3 12 46 5 6 21 8 9 15 19 -13 -14 14 -16 29 24 -19 47 -21 -22 -23 -24 -25 25 58 -28 28 -30 30 50 32 -34 -35 -36 -37 37 -39 39 -41 -42 -43 -44 -45 61 -47 -48 -49 -50 59 51 52 -54 -55 -56 -57 -58 -59 -60 -61 -62 -63
leaf_value=0.007689235052418743 -0.0013820777314525667 -0.0028040767572492936 0.0056306087472767106 -0.0056349977815647323 0.00088889732167604847 -0.0027503725278033493 -0.0060531940377716517 -0.0013138114109594522 -0.0042379925301111758 -0.0018369458382642232 0.0071065985621038127 0.0032230040538392749 0.005765343485755795 0.0045907509156361062 -0.0036069901684542627 0.01169270666070142 -0.0011615645553023492 -0.0040929142666691785 0.0038699590368521555 0.0087593179043883897 -0.00080998990689499356 0.0041411415930793982 0.0085390492803762083 0.00032393853211928149 0.0026080767556853047 0.0056507086627518863 -0.0019952844670306372 -0.00092628585280686018 0.0055882514510907375 -0.0021664734026195392 -0.00076915167791257984 -0.0029468556886887423 0.0045633607153532313 0.0012932187244903458 -0.0046737272978589319 -0.00040763972165924056 -0.0023263807088817257 0.00042179200074440805 0.0011299849864209763 0.0066952346127595562 0.0023602862958796325 -0.0092387695368379361 -8.0781097469832479e-06 0.0067422062226317157 -0.0022743956004377675 -3.8680761846738143e-05 0.001313254988115085 0.0097760504140751436 -0.004303948234275475 -0.0002154155466936467 -0.0035213342673276154 0.0085542256368213079 0.00091644804916807081 -0.0024461457165833502 -0.0066989671570199085 -0.00077684471616521486 -8.2039976166345882e-06 -0.00017558485302115795 0.0017444757812169625 -0.0049130082387935162 0.0052537937198219959 0.0010232562395122685
leaf_weight=86 295 1937 300 536 2138 1935 161 2643 221 948 137 278 306 184 545 53 736 503 179 208 147 236 54 311 1181 259 742 1261 135 315 8617 338 641 2576 256 17607 845 21249 1660 206 321 50 4414 55 328 801 95 64 91 484 297 218 147 1748 243 130 3838 13137 3230 243 99 10556
leaf_count=86 295 1937 300 536 2138 1935 161 2643 221 948 137 278 306 184 545 53 736 503 179 208 147 236 54 311 1181 259 742 1261 135 315 8617 338 641 2576 256 17607 845 21249 1660 206 321 50 4414 55 328 801 95 64 91 484 297 218 147 1748 243 130 3838 13137 3230 243 99 10556
internal_value=-1.71076e-05 -0.000769021 0.000175776 -0.00153532 -0.00127837 -0.000747039 -0.00176395 9.49148e-05 -2.20597e-06 5.53878e-05 0.00265981 -8.13652e-05 0.00216097 0.000615574 -0.000252375 2.26434e-05 0.000722615 -0.00132311 -0.000855114 0.00543999 0.00300893 0.000740943 -0.000784621 -0.00185131 0.00104009 0.0012747 0.000499161 0.00119082 7.12328e-05 -6.29806e-05 -0.000302974 -2.29172e-05 0.00147972 0.000801405 -0.000289425 -0.000232705 0.000170414 0.000133127 0.00117953 0.00174437 0.0036828 -0.000427593 -0.000339604 -0.00280732 0.000976916 0.001265 -0.00458891 0.00277464 0.00111505 0.000210241 -0.000902325 0.00144064 0.00547819 -0.00105197 -0.00378357 0.00369347 0.000202191 -0.000305568 0.00203445 -0.00178559 -0.000476412 0.000923878
internal_weight=113554 14724 6594 8130 7499 5562 2697 98830 83293 79813 991 499 1537 15537 4567 78822 8591 3480 2977 492 284 762 526 472 7643 6907 3418 2676 1495 70231 34626 23599 3555 2914 20044 19788 35605 35231 2181 1866 374 5057 5007 593 10970 1231 631 334 270 2865 11027 662 365 10365 538 430 4022 13982 3489 727 1360 10884
internal_count=113554 14724 6594 8130 7499 5562 2697 98830 83293 79813 991 499 1537 15537 4567 78822 8591 3480 2977 492 284 762 526 472 7643 6907 3418 2676 1495 70231 34626 23599 3555 2914 20044 19788 35605 35231 2181 1866 374 5057 5007 593 10970 1231 631 334 270 2865 11027 662 365 10365 538 430 4022 13982 3489 727 1360 10884
is_linear=0
shrinkage=0.05


Tree=45
num_leaves=63
num_cat=0
split_feature=33 55 62 38 64 10 32 43 51 79 61 41 81 33 50 76 76 44 62 74 65 74 29 74 31 59 51 25 68 15 43 55 72 51 68 61 44 76 32 43 31 72 41 3 33 51 7 17 6 61 17 31 47 5 14 32 22 51 77 52 51 32
split_gain=4.08706 3.75509 3.16894 2.81426 2.29271 2.20541 2.65486 2.30883 7.51309 3.27157 2.24354 3.43729 2.92824 2.73249 4.54344 2.61168 2.23179 3.09239 2.12947 2.15221 2.10721 2.09961 2.01049 3.53577 2.06649 2.0385 2.09941 5.49226 2.84238 2.19163 2.89188 2.56853 2.90588 2.05588 2.48991 2.01616 2.00949 1.97433 2.03349 1.9231 1.8874 1.8825 1.86873 1.86824 1.86521 1.83266 2.62246 2.01489 1.82438 1.80905 2.07225 1.80447 1.79645 1.74803 1.73851 1.68689 1.80618 2.01958 1.67363 1.74086 1.73771 1.80175
threshold=1.1284654085741066 -0.003910791018674197 -0.83830942416276943 0.0030217556698557417 -0.013966050418974382 -0.012042661043960788 1.0561517720685336 4.3115000724792489 -0.074713753429080057 0.94850983657167431 0.079778265783447419 1.8990076688263438 0.7438087770778794 0.8186726303625852 230021.00000000003 -0.010957750240727789 0.0072545928132610703 17.447000074386601 1.1443070154847137 0.87911319999458248 0.21056462123237743 0.7062080424532966 -0.048522739591935475 0.89188151971005525 54.175076424767973 0.047793153645500901 0.48579564875218822 77.698593139648452 1.0000000180025095e-35 0.4051635466364763 4.1345000267028817 -0.003910791018674197 92.345235645343777 0.050638707185609276 0.083569346756230747 -0.26510226404468229 19.190500116348272 -0.047075426109812295 0.25374932368322911 4.2184998989105233 7.9596035839122221 13.833423082241074 2.8961201104727068 -0.13287513671820747 0.87121501975051874 0.077185627405196161 6.8534999847412115 5.6669529318809522 0.20964283176830842 -0.14900330458766611 5.9318700093030943 3.0352255388922296 0.045346383347986581 0.68549999594688427 12.87450455009609 0.79900900301371036 98.154998779296889 0.23481961788740177 -0.0030335265958752904 0.72098808274195247 -0.22351052329179485 0.71593487456568861
decision_type=2 2 2 2 2 2 2 2 2 2 2 2 2 2 2 8 10 2 2 2 2 2 2 2 10 2 2 2 2 2 2 2 2 2 2 2 2 10 2 2 8 2 2 2 2 2 2 2 2 2 2 8 2 2 2 2 2 2 2 2 2 2
left_child=4 2 -2 -4 -1 10 7 20 18 51 13 12 16 58 45 -16 39 -18 -9 36 22 53 23 -7 25 26 29 28 -28 31 -31 32 49 -27 43 -33 -20 -32 -39 40 -12 54 48 -35 -8 46 47 -15 -17 -24 -51 -10 -41 -3 -23 56 -53 -58 59 -6 61 -60
right_child=1 21 3 -5 5 6 44 8 9 -11 11 -13 -14 14 15 42 17 -19 19 -21 -22 41 24 -25 -26 33 27 -29 -30 30 37 35 -34 34 -36 -37 -38 38 -40 52 -42 -43 -44 -45 -46 -47 -48 -49 -50 50 -52 55 -54 -55 -56 -57 57 -59 60 -61 -62 -63
leaf_value=0.0014315104307301852 -0.0071728863530385661 0.0018607788347007603 0.0040607718552732102 -0.00010616609961312976 -0.00057053006840821277 0.0016331772079747993 0.0036890274628514907 0.00081481987606361059 0.0060463280322168161 -0.0047781605857757344 -0.0047691030662770483 -0.0045194551927745371 -0.0048847614186387179 6.9150132811487177e-05 0.0089980729610860261 0.00084266032370253685 -0.0020937841115474197 0.0057508432059057112 -0.0081358572722158642 0.0063346436824994511 5.063667815667221e-05 0.00056905821615989066 -0.002333496607527893 0.0094685303455824335 -0.0032825069921073981 0.00098918140208324712 0.003499935925560162 0.0066569175518512358 -0.0033424429695688841 0.0002128951314176644 0.0018254770079690814 0.0028950795378757626 0.0015061241055536172 0.0031599681856568185 -0.0083654452799592268 0.00062016037243420839 -0.00049080081407737453 -0.0014641008920790186 0.0061570129435073 -0.0023641958263048001 -5.7142228159904784e-05 0.0037232582736679539 -0.0039812921477919991 -0.0030539454978161943 -0.0022875349066258902 -0.0040872741905424179 -0.0046509062354886613 0.0059741036155815785 0.0046501590277660985 0.0031045428666402588 -0.00073951634408340897 0.00098819667280974585 0.00032121489120076824 -0.0025928420391092568 -0.0077996928815133454 0.0028166630133197924 -0.0019685027781593915 -0.0080128683810670905 -0.0031512197507058033 0.00093996517656481362 -0.00032514382659253787 0.0012197339973205837
leaf_weight=3051 142 233 467 3062 3000 1234 143 6971 81 855 219 598 391 495 176 543 206 322 176 54 22397 205 1626 163 338 606 271 517 345 2783 3160 1079 1567 163 164 10003 168 105 526 2376 7183 288 102 469 1499 316 204 204 748 392 3319 496 844 4050 89 212 2586 146 1075 5238 13066 302
leaf_count=3051 142 233 467 3062 3000 1234 143 6971 81 855 219 598 391 495 176 543 206 322 176 54 22397 205 1626 163 338 606 271 517 345 2783 3160 1079 1567 163 164 10003 168 105 526 2376 7183 288 102 469 1499 316 204 204 748 392 3319 496 844 4050 89 212 2586 146 1075 5238 13066 302
internal_value=-4.44168e-06 -0.00105669 0.000150572 0.000445254 8.08794e-05 4.05673e-05 0.000217749 0.000269503 -0.000362785 -0.00200382 -0.000263848 -0.000823234 -0.000631713 2.76619e-06 0.00147993 0.00325905 -0.00048257 0.00269025 0.000611727 -0.00294546 0.00041447 -0.00196766 0.000697119 0.0025474 0.000602895 0.000651364 0.000752673 0.00285699 -0.000332241 0.000655597 0.00143685 0.000370044 -0.00038697 -0.00120522 -0.00287583 0.000841658 -0.00440223 0.00233536 0.00488884 -0.000640285 -0.000196553 0.000850142 0.00253395 -0.00145131 -0.00176704 -0.000810022 0.000336835 0.00179248 0.00304871 -0.000942803 -0.000333461 -0.00133013 -0.00166032 -0.00235056 -0.00196434 -0.00150382 -0.00178757 -0.00229152 -0.00017881 0.000389894 -0.000503187 -0.00219259
internal_weight=113809 8536 3671 3529 105273 102222 64614 62972 11745 4376 37608 12139 11541 25469 2788 1569 11150 528 7369 398 51227 4865 28830 1397 27433 27095 25693 1133 616 24560 6574 17986 6904 1402 796 11082 344 3791 631 10622 7402 582 1393 632 1642 1219 903 699 1291 5337 3711 3521 3220 4283 294 3440 3228 2732 22681 8238 14443 1377
internal_count=113809 8536 3671 3529 105273 102222 64614 62972 11745 4376 37608 12139 11541 25469 2788 1569 11150 528 7369 398 51227 4865 28830 1397 27433 27095 25693 1133 616 24560 6574 17986 6904 1402 796 11082 344 3791 631 10622 7402 582 1393 632 1642 1219 903 699 1291 5337 3711 3521 3220 4283 294 3440 3228 2732 22681 8238 14443 1377
is_linear=0
shrinkage=0.05


Tree=46
num_leaves=63
num_cat=0
split_feature=72 80 9 14 41 1 77 16 43 60 50 59 63 51 74 64 51 39 25 40 51 49 43 49 6 24 49 51 42 22 50 61 5 33 72 62 74 9 4 51 22 3 62 33 21 29 14 49 17 74 22 72 1 16 8 40 69 74 16 50 23 59
split_gain=3.73289 2.2059 2.2602 2.2885 3.63125 4.01275 2.47127 3.14081 1.92333 2.73341 2.37254 1.86475 1.80719 1.65229 1.6463 2.36821 2.61826 2.35552 2.15824 1.76885 1.75688 1.71349 2.73974 2.51324 1.84137 2.0594 1.86239 1.61981 1.70747 2.26783 1.68151 1.61274 1.5932 1.69875 1.94534 3.30854 1.56464 1.54801 1.53571 1.51964 1.50916 1.67168 1.48831 1.48691 1.4707 1.46798 1.45998 1.44897 1.83479 1.43621 1.41585 2.4883 1.41491 1.99945 1.40593 1.39009 1.38419 1.75245 1.70415 1.51042 1.37527 1.35816
threshold=10.884923126161651 -8.1160194748933033e-05 0.089552216350641603 109.5475472877669 2.4696113981333783 23.650000572204593 0.0053268654469590731 0.15816312382997658 4.0535001754760751 0.062538805601091721 55550.000000000007 0.12124032329933553 0.94309241241486674 0.4168437033123869 0.60744023647086609 -0.0039913286019848853 0.60244089998674299 0.81922881241942169 78.477878570556655 -0.027132910108066784 -0.054023625278824615 4.2037014297652986 4.243499994277955 1.1663464014617555 0.085500002971717295 0.18945490372331539 0.47253068029767092 0.074645929941624764 -0.011765700507548296 97.760002136230483 545250.00000000012 0.50572605303817564 0.68549999594688427 1.9083478275148911 8.4750730304405604 1.097073509200081 0.13417217879088214 0.21859073232628115 136.74300734494423 -0.54125000536122048 98.409999847412124 -0.017483550716740733 0.19869632985585597 0.52563070682232349 2.4862916472564467 0.056688353360427109 6.6295268736612263 28.652227555398223 499.11542617797858 0.88754537495657659 99.05999755859375 94.531104837128098 18.569999694824222 0.17449905382403411 74.618586000371991 0.0099874753276735263 0.024088119646603071 0.72622261955010836 0.40585519945916976 1379550.0000000002 38.761107055692086 0.041347926686762834
decision_type=2 2 2 2 2 2 2 2 2 2 2 2 2 2 2 2 2 2 2 2 2 8 2 8 2 10 10 2 2 2 2 2 2 2 2 2 2 2 2 2 2 2 2 2 2 2 2 8 2 2 2 2 2 2 2 2 2 2 2 2 8 2
left_child=32 36 3 6 54 47 7 14 12 10 45 38 -4 -9 21 49 17 18 -17 20 -19 22 24 -24 -3 26 -26 30 -29 55 50 43 40 34 35 39 42 -14 -8 -34 -1 -42 -2 -28 -35 46 -10 -6 -49 -16 -21 -52 -12 -54 -5 -30 59 -58 -59 -38 -61 -18
right_child=1 2 8 4 5 -7 11 13 9 -11 52 -13 37 -15 15 16 61 19 -20 27 -22 -23 23 -25 25 -27 31 28 29 -31 -32 -33 33 44 -36 -37 56 -39 -40 -41 41 -43 -44 -45 -46 -47 -48 48 -50 -51 51 -53 53 -55 -56 -57 57 58 -60 60 -62 -63
leaf_value=0.0072120715577441916 0.001231049212500987 0.0056262023298239167 -0.0040655070921764161 -0.0032234506353469427 0.0074506147347978852 0.01004690895172497 -0.00067151664285224066 0.0023527897147906538 0.0023498947643453166 -0.0017824134570513656 0.00017734655483401951 0.0051280532650962163 -0.00012723679721555133 0.0085880784477330597 0.0013131176591959252 -0.00014923541969732922 0.0058018488575917113 0.0013156057984389843 -0.0027189782042930724 0.00042463269325024642 -0.0049333363990860697 0.00011358179651471493 0.010162616259865948 -0.00047562369595904224 0.0060930948328370088 -0.011779223788982711 -0.0020824864787958512 0.0041976593238568774 0.0056109503693128355 0.00036568592957830119 -0.0004203917201791238 0.0026398351763899644 0.007905623290687799 -0.0086102008406045063 -0.0022160693027329192 0.012011770659418249 0.0015076700007783286 -0.0042980823191910243 0.0064617136061363122 -0.0015327307679449563 -0.0076005055937408044 0.0050315665189732501 0.0045142419809868946 -0.0070667797003712719 -0.0030003938686269595 -0.0056730699801016936 -0.003089578114010014 -0.0010524629410232657 0.0081198646777099186 0.0042445955167713066 0.0038738036955869291 -0.00053624570432484777 0.00027095541950483237 0.0044020729137970926 -0.00059555338051567623 0.0010820609445171276 0.00019190896450056304 0.0023834565032184486 0.011843799384776504 -0.0032423044138791598 1.84426646114194e-05 -0.00052309013255264446
leaf_weight=91 1019 55 744 529 76 155 10483 780 210 2343 3147 143 1068 123 3967 3772 324 188 1043 3412 280 45738 77 199 52 74 291 544 391 2215 3928 87 50 134 1049 67 622 281 76 290 55 50 522 308 912 228 299 452 62 467 904 495 624 552 13437 299 1567 993 50 601 700 115
leaf_count=91 1019 55 744 529 76 155 10483 780 210 2343 3147 143 1068 123 3967 3772 324 188 1043 3412 280 45738 77 199 52 74 291 544 391 2215 3928 87 50 134 1049 67 622 281 76 290 55 50 522 308 912 228 299 452 62 467 904 495 624 552 13437 299 1567 993 50 601 700 115
internal_value=-4.2196e-06 4.04022e-05 -1.31714e-05 5.99505e-05 -0.000513658 0.00288757 0.000164347 0.000272349 -0.000748865 -0.000370503 0.000283274 -0.000543366 -0.00208714 0.00320211 0.000234131 0.000587324 0.0003312 0.00023537 -0.00070588 0.000593471 -0.00242308 6.57962e-05 -0.00184638 0.00249229 -0.00322755 -0.00382725 -0.0030299 0.000709301 0.00162683 0.00114541 0.000347182 -0.00372144 -0.00184187 -0.00218194 -0.00107766 0.00185646 0.000966844 -0.000996034 -0.000620174 -0.000144738 0.00249923 -0.00158523 0.0023432 -0.00464536 -0.00371905 -0.0023389 -0.000845395 0.00100672 5.39268e-05 0.00162187 0.000973877 0.00231342 0.00073031 0.00221005 -0.000695092 0.00364843 0.00049895 0.00124892 0.00283697 -0.000518952 -0.00148787 0.00414497
internal_weight=113809 111111 105037 95541 14711 745 80830 70128 9496 7403 5060 10702 2093 903 69225 22344 17910 17471 4815 12656 468 46881 1143 276 867 812 738 12188 3449 2905 8739 686 2698 2502 1456 407 6074 1349 10559 340 196 105 1541 599 1046 737 509 590 514 4434 4811 1399 4323 1176 13966 690 4533 2610 1043 1923 1301 439
internal_count=113809 111111 105037 95541 14711 745 80830 70128 9496 7403 5060 10702 2093 903 69225 22344 17910 17471 4815 12656 468 46881 1143 276 867 812 738 12188 3449 2905 8739 686 2698 2502 1456 407 6074 1349 10559 340 196 105 1541 599 1046 737 509 590 514 4434 4811 1399 4323 1176 13966 690 4533 2610 1043 1923 1301 439
is_linear=0
shrinkage=0.05


Tree=47
num_leaves=63
num_cat=0
split_feature=33 55 62 26 64 67 51 25 33 68 50 14 80 39 26 62 50 55 38 1 51 33 25 33 72 22 49 73 16 67 77 51 74 26 15 39 22 74 13 11 43 57 62 27 51 58 65 2 55 74 15 51 51 17 59 76 15 50 73 36 29 68
split_gain=3.4141 3.34964 2.82715 2.54258 2.06713 2.04063 1.92809 3.51177 4.02794 2.47799 2.21302 2.11525 2.05367 1.97047 3.67201 3.19646 4.13046 3.11803 3.10571 2.82191 2.77499 2.64805 1.93046 3.31089 3.15907 3.73017 3.13612 3.11744 2.13267 3.25956 2.34266 2.12133 1.89906 1.86064 1.85712 2.52936 1.96363 1.85489 1.84761 1.82104 1.81926 1.80282 1.78918 4.22482 5.69919 2.80709 2.532 2.16809 1.90637 1.85623 1.97733 1.78503 1.77487 1.76186 1.91893 1.74652 1.71763 1.69598 1.68467 2.00181 1.67886 1.74827
threshold=1.1284654085741066 -0.003910791018674197 -0.83830942416276943 108.78065872192384 -0.013966050418974382 -772.30354174315323 0.86965202322215862 77.698593139648452 0.88148892678896085 1.0000000180025095e-35 305250.00000000006 9.0327314374644647 -0.0021793011468050801 0.64751596841335746 107.58430099487306 0.116625359181853 348050.00000000006 -0.003910791018674197 -0.0046391731227925495 18.894999504089359 -0.067945983049230482 0.537069645032204 78.391860961914077 0.23029732352747137 109.2335037798281 99.05999755859375 30.370538890937379 15.86047924239038 0.17898592208557854 47592.032353656672 0.0043460365805652306 0.11050076228576179 -0.60306690634977012 107.81529235839845 -0.33275511868571567 0.35555554952162288 98.305000305175795 0.7062080424532966 2637650.0000000005 63.691074516606733 4.1375000476837167 0.74885161796891764 0.45861584146877737 0.6830127018922193 -0.19158234103833907 1.1067407045809288 -0.41290395401427121 34.142864848542267 -0.0076422826993581819 -0.28669113978685312 0.57947445047074231 -0.14344693530854438 -0.024780986933602523 2.4895538473129277 0.021627488108570753 -0.039910019965445284 -0.34014101340052233 3105250.0000000005 1.9332449654998294 13.060281753540041 -0.10347006693996007 1.0000000180025095e-35
decision_type=2 2 2 2 2 2 2 2 2 2 2 2 2 2 2 2 2 2 2 2 2 2 2 2 2 2 10 8 2 2 2 2 2 2 2 2 2 2 2 2 2 2 2 2 2 2 2 2 2 2 2 2 2 2 2 8 2 2 10 2 2 2
left_child=4 2 -2 5 -1 41 12 9 -9 -8 -11 -10 -6 14 15 18 34 20 52 53 -16 38 24 33 27 -26 28 31 29 -25 -30 -15 -32 -24 35 36 -17 -3 -19 -38 -37 -4 48 44 47 -46 -47 -44 -29 50 -45 -7 -14 -18 -55 -33 -20 -28 -53 -60 -51 -62
right_child=1 37 3 -5 6 51 7 8 11 10 -12 -13 13 22 17 16 19 21 56 -21 -22 -23 23 26 25 -27 57 42 30 -31 32 55 -34 -35 -36 40 39 -39 -40 -41 -42 -43 43 49 45 46 -48 -49 -50 60 -52 58 -54 54 -56 -57 -58 -59 59 -61 61 -63
leaf_value=0.0013564395724004739 -0.0067427589912229862 -0.0021860126849871267 -0.0042803409841052067 0.0038894012905916551 0.00092026341478635321 0.0010071861070306499 0.003670948202575821 0.0099781397103646027 0.0048652978406753394 0.0029819564557000688 -0.0051608619821997834 -0.0076167182298377163 -0.0010333580272915577 -0.00078403990600468116 -0.0015201807537663561 0.0047584485482319349 -0.002957334553518261 0.00040707912696566088 0.0013358283824314603 0.0029353923350851699 0.00074967626378950577 -0.0027211260794458465 -0.0012323028126928471 -0.00054549520195761546 0.00053736272483372591 -0.001958517172467525 2.6880830919253643e-05 -0.00044522765385192944 0.005651300652195386 -0.0023793694300661208 -0.0084310855066019388 -0.0017747021251352637 0.00038973193500084762 0.0018210811109568587 -0.001838264533571954 -0.0012658727310332284 -0.0013335977299687597 0.00082238006581780558 -0.0040884134332579477 -0.0096872965166611338 0.0034591710033475779 0.0020073870796047067 4.9704844387611607e-05 0.0030506158119849272 -0.00063791439835902334 -0.011505732056504304 -0.0034669069815348313 0.0051258169492063681 0.00045946103562130884 0.0099372191050861158 0.011134751980881329 -0.0030847616782762525 -0.0041582625837622098 -0.0034869289400905955 0.0016562674081672228 -0.0095890684319547975 -0.0013375149343176453 0.0068812649966310943 0.0071703448564141674 -0.005282965362071991 0.0030294305287241561 0.0007018796727012083
leaf_weight=3051 142 4283 126 467 5885 601 268 238 75 122 264 62 950 510 2451 124 328 1404 1410 2367 2988 3688 636 8868 2709 3346 160 6996 211 3334 63 128 1940 2315 1530 277 959 582 273 70 770 1197 410 221 731 129 407 432 34731 64 115 997 871 206 1516 162 1047 207 91 50 1479 1775
leaf_count=3051 142 4283 126 467 5885 601 268 238 75 122 264 62 950 510 2451 124 328 1404 1410 2367 2988 3688 636 8868 2709 3346 160 6996 211 3334 63 128 1940 2315 1530 277 959 582 273 70 770 1197 410 221 731 129 407 432 34731 64 115 997 871 206 1516 162 1047 207 91 50 1479 1775
internal_value=-4.00861e-06 -0.000965734 0.000174493 0.000452829 7.39723e-05 -7.12985e-05 3.56948e-05 0.00218912 0.00604655 -2.27137e-05 -0.00258723 -0.000783498 1.37973e-05 -4.21744e-05 -0.000442653 0.000143553 0.00072469 -0.00111681 -0.00096316 0.00175926 -0.000273199 -0.00197206 8.68884e-05 -0.000366084 0.000234704 -0.000841863 -0.000671325 0.000369693 -0.000787522 -0.00104657 0.000640174 -0.00272556 0.000112292 0.00116302 -0.000500432 0.000429969 -0.00118559 -0.00182612 -0.000324745 -0.00190188 0.00220909 0.00140856 0.000421834 0.00124764 -0.000534307 -0.00265319 -0.00540162 0.00265408 0.00030778 0.00227614 0.00581751 -0.00119715 -0.00252803 0.000401263 0.001041 -0.00613997 0.000196638 0.00389298 -0.0023613 0.00275428 0.00191752 0.00175979
internal_weight=113809 8536 3671 3529 105273 3062 102222 1029 375 654 386 137 101193 95308 23229 12425 8147 10804 4278 4417 5439 5365 72079 17734 54345 6055 14783 48290 14416 12202 2214 800 2003 2951 3730 2200 1153 4865 1677 1029 1047 1323 47490 5763 2109 1267 536 842 41727 3654 336 1739 1821 2050 1722 290 2457 367 1138 141 3318 3254
internal_count=113809 8536 3671 3529 105273 3062 102222 1029 375 654 386 137 101193 95308 23229 12425 8147 10804 4278 4417 5439 5365 72079 17734 54345 6055 14783 48290 14416 12202 2214 800 2003 2951 3730 2200 1153 4865 1677 1029 1047 1323 47490 5763 2109 1267 536 842 41727 3654 336 1739 1821 2050 1722 290 2457 367 1138 141 3318 3254
is_linear=0
shrinkage=0.05


Tree=48
num_leaves=63
num_cat=0
split_feature=72 65 42 14 77 16 51 57 43 1 47 41 25 39 14 65 38 73 51 29 44 51 20 65 11 50 74 29 53 17 51 67 68 33 51 1 14 41 38 74 25 15 44 50 44 19 72 15 53 10 69 57 64 79 51 52 44 58 11 50 14 50
split_gain=3.1558 2.09819 2.44316 2.41335 1.95147 3.12758 1.77395 1.64818 1.85492 1.63361 1.70564 2.5497 1.77631 1.98588 1.77104 1.73589 1.63203 1.87598 1.62374 1.6057 2.50887 1.80908 1.56024 1.51752 1.50833 1.76119 1.54856 1.48677 1.73915 1.46828 1.43975 1.98828 1.41916 1.41505 1.45087 1.40596 1.39276 1.96298 1.83282 1.68491 1.36687 1.36284 1.63342 1.30304 2.16503 1.29088 1.27729 1.26695 1.25019 1.24501 1.37022 1.23916 1.23398 2.18661 1.80264 1.38176 1.31904 1.4214 1.37831 1.2296 1.44852 1.61035
threshold=10.884923126161651 -0.52445098494117059 -0.65744818734344179 2.5821121385595931 0.0018381210886577765 0.1029441659824827 0.24859390359148351 0.98615153454365012 4.4154999256134042 20.115000724792484 2.437020972808924 4.3206473493538367 77.104232788085952 0.19325701200093606 14.813255838560723 0.48828617016521486 0.015013611141856511 2.2283386863809826 -0.12053103589226129 -0.062499990447973212 18.356250119209292 -0.38463083873297338 0.70409999506842347 -0.096213450909495762 61.649952106799034 121850.00000000001 -0.40381106872038347 -0.041736230513574495 -0.0027021413508834715 9.0829375088214892 0.14519085117278044 1129143.9928452957 0.13072336900124906 0.83505786615800204 0.75059422777489915 22.545000076293949 1.1649546577091872 2.5905200349690505 0.005562796938851867 0.73460852777181918 79.024673461914077 0.7852603848532137 17.013250064849856 411150.00000000006 18.475250124931339 98.206120435803712 14.23517468158369 1.8881694567914316 0.0062338628503165973 0.51727591640787507 -0.013239133246485844 0.93366255989858249 -0.0022949127021978763 0.65576567146196496 0.66614432713667338 0.73476876954948134 16.269000005722049 0.99999999988713661 36.842103020980737 1814950.0000000002 9.3909566938602769 333835.00000000006
decision_type=2 2 2 2 2 2 2 2 2 2 2 2 2 2 2 2 2 10 2 2 2 2 2 2 2 2 2 2 2 2 2 2 2 2 2 2 2 2 2 2 2 2 2 2 2 2 2 2 2 2 2 2 2 2 2 2 2 2 2 2 2 2
left_child=23 3 16 36 5 19 -7 40 33 10 11 12 -6 -14 18 45 29 -18 47 20 21 -4 -22 -1 25 -11 -27 -15 -29 -3 35 49 -31 34 -9 -28 38 39 -2 -38 52 -23 -43 -16 -45 -12 -20 -13 -21 50 -32 -30 56 -54 55 -55 57 -5 -59 60 -25 -62
right_child=1 2 4 7 9 6 -8 8 -10 24 15 14 13 27 43 -17 17 -19 46 48 22 41 -24 59 -26 26 30 28 51 32 31 -33 -34 -35 -36 -37 37 -39 -40 -41 -42 42 -44 44 -46 -47 -48 -49 -50 -51 -52 -53 53 54 -56 -57 -58 58 -60 -61 61 -63
leaf_value=0.00013467306451864997 0.0063124789831428127 -0.0060774104524648096 -0.0062975142738685222 0.0041936342411510721 0.0010949629363010542 0.0019753976560844141 0.0073192373117082141 0.0003279631710163832 -0.0033965513806115096 -0.0018075911341266793 0.0018181247434459946 -0.0031449596209332667 -0.0037660256964225456 0.0018003232146718733 -0.010472875276398029 -7.6442258418725408e-05 -0.0049723520268795682 0.0022260656564132026 0.0012010373666497141 0.00013155816548637508 0.010986163297535054 0.0020295433761900262 0.0031337851752995557 -0.00018542096104604119 -0.0015426131079627654 0.0026612110526798853 -0.0022398551213465442 0.0048788993170171095 -0.002316874320592242 -0.0004595844849232202 -0.0018797861176720833 -0.005459376569259676 -0.003814769827313005 -0.0022874658667268195 0.0078846186144801329 0.00016368339697601789 -0.0022687480506119449 -0.0083447732334214503 -0.0038698197910179422 0.0054614351539231552 0.0058622489249455937 0.0023789616552676307 -0.0083987459540367133 -0.0073029300067305779 0.0029811017574558475 0.006455942606864779 -0.0042320237959368361 0.0038443468333139532 -0.0075526213659992767 0.0061593632639090692 0.0042177153168644161 -0.00024094931822122136 -0.00091496187913461086 0.0012816977714839167 0.010646260146051646 -0.0049907330641552434 0.0015604423945129618 -0.0027978780651206864 0.0019698011800294828 -0.0046320355996587017 -0.004840779684399785 0.00072179018746034926
leaf_weight=799 112 122 106 135 2840 871 189 8465 367 1375 1175 94 394 901 97 1465 425 115 145 41499 70 484 657 738 4089 578 916 161 757 10414 178 79 325 526 64 1812 834 123 73 77 141 64 78 139 81 172 426 209 53 202 191 14267 2115 2498 50 91 6496 514 215 486 499 176
leaf_count=799 112 122 106 135 2840 871 189 8465 367 1375 1175 94 394 901 97 1465 425 115 145 41499 70 484 657 738 4089 578 916 161 757 10414 178 79 325 526 64 1812 834 123 73 77 141 64 78 139 81 172 426 209 53 202 191 14267 2115 2498 50 91 6496 514 215 486 499 176
internal_value=-3.80818e-06 3.72197e-05 -7.34739e-05 0.000463706 2.79e-05 0.000245127 0.00292821 0.000585437 8.82066e-05 -0.00026448 -4.00312e-05 -0.000198351 -5.99391e-05 -0.000258963 -0.00244362 0.00111477 -0.000756478 -0.00343936 -0.00128244 0.000179003 0.00180935 -0.000256948 0.00388986 -0.00169345 -0.000820195 -0.000266083 0.000269704 -0.000173064 -0.000290154 -0.000623088 -0.0001395 0.0019752 -0.000561124 0.000229444 0.000384667 -0.00064337 -0.00170099 -0.00241587 0.0022946 -0.00161537 0.000967723 0.000765895 -0.00354119 -0.00564513 -0.00351654 0.00241033 -0.00285235 0.00167605 0.000121757 0.00300381 0.00127637 -0.000345547 0.000910753 0.000282855 0.00124283 0.00106123 0.00131633 -0.000519053 -0.00139177 -0.00246262 -0.00171646 -0.00339039
internal_weight=113809 111111 88215 22896 76814 44071 1060 21677 9422 32743 23323 20511 19320 16480 1191 2812 11401 540 874 43011 1459 732 727 2698 9420 5331 3956 16086 15185 10861 3378 650 10739 9055 8529 2728 1219 1034 185 911 12255 626 142 317 220 1347 571 303 41552 571 369 15024 12114 4754 2639 2589 7360 864 729 1899 1413 675
internal_count=113809 111111 88215 22896 76814 44071 1060 21677 9422 32743 23323 20511 19320 16480 1191 2812 11401 540 874 43011 1459 732 727 2698 9420 5331 3956 16086 15185 10861 3378 650 10739 9055 8529 2728 1219 1034 185 911 12255 626 142 317 220 1347 571 303 41552 571 369 15024 12114 4754 2639 2589 7360 864 729 1899 1413 675
is_linear=0
shrinkage=0.05


Tree=49
num_leaves=63
num_cat=0
split_feature=32 9 61 23 63 74 39 52 62 40 31 40 77 64 26 51 47 60 51 15 29 32 26 69 58 74 29 79 41 73 67 7 9 44 59 67 51 72 80 39 15 52 14 50 40 23 47 67 24 56 63 32 26 22 51 39 58 79 72 51 62 26
split_gain=2.91835 2.20819 2.35953 2.06327 2.03807 2.05359 2.49634 2.35668 2.19381 1.91667 1.85074 1.76596 1.58024 4.71579 2.78099 2.87898 2.36029 2.15916 3.58706 2.03843 2.42888 2.52401 1.83151 1.79594 2.20677 1.72844 1.968 1.63334 1.64129 2.84456 1.55316 1.57621 1.5438 1.71573 3.32215 1.87109 1.87363 2.84813 1.63502 1.631 3.62946 2.33819 2.29645 2.01131 1.73953 1.75673 1.68307 1.57081 1.56887 1.52942 1.8854 1.48687 4.48318 2.12112 2.95092 2.30687 2.19352 1.99244 1.93463 2.34604 2.03551 1.9922
threshold=1.0734821247946751 0.13276536220191951 -0.14900330458766611 28.700710968874308 0.6488040507557078 -0.63421209696769421 0.55356297827771828 0.7294490904931421 0.09973234117823028 0.015027679219306813 8.3312145847813479 -0.0069361688517404199 -0.00056852906021647429 0.0023309618227565503 106.56850814819337 0.19440298870191644 0.411781082079342 0.054293986482504726 0.80454094066493476 -0.065733707527781501 -0.0018626246255407095 0.22527866252276954 107.58430099487306 0.020765001871102532 1.1094292605720375 0.86654169751321752 -0.057647517454854795 0.99999999995564803 4.3206473493538367 94.610256640160273 -54880.007809939962 1.9774717956781387 0.056922250820626859 21.919000148773197 0.017325117247667481 -259984.11286534634 -0.0054188526760349026 25.143410169420836 1.2737512022839927 0.62988402141442856 -0.14890933162453687 0.71423529624854343 1.1649546577091872 177815.00000000003 0.0068516947458496799 120.81627280734754 -0.14133301093406533 -2986.1017401249724 0.010924510270728912 1.0000000180025095e-35 0.97843078531935579 0.25374932368322911 107.81529235839845 99.199996948242202 0.29756146487409774 0.93120762668874357 1.0102644265514347 0.86906023169207913 33.107421837504837 0.25573164503354845 0.70065208385932587 107.68481826782228
decision_type=2 2 2 10 2 2 2 2 2 2 8 2 2 2 2 2 2 2 2 2 2 2 2 2 2 2 2 2 2 10 2 2 2 2 2 2 2 2 2 2 2 2 2 2 2 10 2 2 10 2 2 2 2 2 2 2 2 2 2 2 2 2
left_child=4 2 -2 9 -1 6 10 8 -8 -4 -6 -10 13 16 -15 -16 32 27 19 -19 25 22 -22 24 -18 -21 -27 28 51 -30 -12 -32 33 38 -35 -36 -37 -38 39 40 49 -41 -42 -43 45 -45 -44 -39 -40 -7 -51 52 -14 55 57 56 -53 -55 61 60 -60 -58
right_child=1 -3 3 -5 5 12 7 -9 11 -11 30 -13 17 14 15 -17 23 18 -20 20 21 -23 -24 -25 -26 26 -28 -29 29 -31 31 -33 -34 34 35 36 37 47 48 41 42 43 46 44 -46 -47 -48 -49 -50 50 -52 53 -54 54 -56 -57 58 -59 59 -61 -62 -63
leaf_value=0.0022673349818813529 0.00055705458821214259 -0.002495724147072928 -0.0011289476577720596 0.0060740587335864184 -0.0088512093493335175 0.00080337592553413625 -0.00092134336843322255 -0.0040523507330748401 0.0053884019934925149 -0.0057677881873430727 0.00088686929148695391 0.00091926849597457347 -0.0012074557644343987 -0.0085575258965551303 0.0021732883994192071 0.0073926069803752666 -0.0013637156665749618 -0.0015138075865770767 0.0094834044887004108 8.1635127811423297e-05 -0.0017289786452208756 -0.00140342847893299 0.0019153455082737817 -0.00034681100660598945 -0.0068384770904271102 0.010304944166111657 0.0017281219067465398 0.0016830894929554753 -0.0028335819258024659 0.005033524319323363 -0.0051550629791710118 -0.001621271973459583 -0.001034756022074817 -0.0011249466833932883 0.0036168892389222777 0.0017839958816014943 0.0084406496658921259 -7.555870265141402e-05 -0.0059177696307815145 0.0018116382779287971 0.0064794483959574158 0.0011268375765070154 -0.00095097222090481832 0.00034595161882202834 -0.0011709511723486316 -0.0050891002564573823 -0.0039026417310668209 -0.0047723004028490884 0.0013660230886434084 -0.00086082571206084536 0.0088415504853222894 0.0027790327341389157 0.0011032468573000131 0.0023998689312476891 -0.0013849206170953739 0.00090453459790956986 0.0011247843105860614 3.2290854073484425e-05 -0.0010688021451413072 0.0016704967059908409 -0.0054955014143211293 -0.00062568937510338923
leaf_weight=1047 3171 1670 4245 95 103 4514 1061 302 322 235 380 705 6131 53 1562 318 565 4402 89 5242 492 5602 1152 1807 273 72 941 1632 935 131 453 1040 2023 1297 1027 3169 75 495 207 2970 74 5151 923 9656 2700 151 1013 278 115 2749 51 571 3192 3195 910 6082 3226 1231 6222 767 271 3276
leaf_count=1047 3171 1670 4245 95 103 4514 1061 302 322 235 380 705 6131 53 1562 318 565 4402 89 5242 492 5602 1152 1807 273 72 941 1632 935 131 453 1040 2023 1297 1027 3169 75 495 207 2970 74 5151 923 9656 2700 151 1013 278 115 2749 51 571 3192 3195 910 6082 3226 1231 6222 767 271 3276
internal_value=-3.61777e-06 -0.000846667 -0.000491138 -0.00121766 7.24233e-05 5.01866e-05 -0.00101105 7.60646e-05 0.000673182 -0.00137228 -0.00232593 0.0023205 9.69976e-05 0.000323938 0.0027377 0.00305613 0.000210918 -7.88768e-05 -0.000529674 -0.000579451 -0.000274805 -0.0008979 0.000824708 -0.00123406 -0.00314726 0.00044701 0.00233773 0.000135852 6.59824e-05 -0.0018668 -0.00196709 -0.00269348 0.000309835 0.000384125 0.00113199 0.00171233 0.0012254 -0.00086209 0.000227483 0.000265581 -0.000283215 0.000513641 -0.002165 0.000295324 -4.71347e-05 0.000262267 -0.00249541 -0.00176468 -0.00331642 0.000233928 -0.000684104 0.000124725 -0.00041632 0.000320607 0.00120822 8.86067e-05 -0.00025762 0.00174138 -0.000383614 -0.000944641 -0.00125356 0.000242817
internal_weight=113809 9416 7746 4575 104393 103346 4366 2390 2088 4480 1976 1027 98980 43216 1933 1880 41283 55764 17992 17903 13501 7246 1644 2645 838 6255 1013 37772 36140 1066 1873 1493 38638 36615 6341 5044 4017 848 30274 29952 9324 20628 2010 17658 12507 9807 1936 773 322 7314 2800 35074 9323 25751 5336 20415 14333 4426 13762 7260 6493 6502
internal_count=113809 9416 7746 4575 104393 103346 4366 2390 2088 4480 1976 1027 98980 43216 1933 1880 41283 55764 17992 17903 13501 7246 1644 2645 838 6255 1013 37772 36140 1066 1873 1493 38638 36615 6341 5044 4017 848 30274 29952 9324 20628 2010 17658 12507 9807 1936 773 322 7314 2800 35074 9323 25751 5336 20415 14333 4426 13762 7260 6493 6502
is_linear=0
shrinkage=0.05


Tree=50
num_leaves=63
num_cat=0
split_feature=61 81 3 65 73 77 27 49 55 62 33 68 56 69 15 74 51 44 29 44 26 33 19 43 65 69 15 26 62 47 74 70 74 1 47 19 17 61 29 26 17 8 33 17 29 58 15 76 32 73 81 29 7 33 25 79 68 43 42 6 13 39
split_gain=3.18642 2.84081 2.80416 2.42462 2.33921 2.53405 2.46447 2.81356 2.30066 3.76127 2.81301 2.64433 2.26248 2.23752 2.57605 2.22794 2.05832 2.70028 1.99064 3.09885 1.98862 1.96373 1.8497 1.94625 1.81773 1.77184 1.75487 1.72591 2.16286 2.44027 1.80312 1.67776 2.95079 2.2216 1.98993 1.68168 1.64936 1.62636 1.62501 1.61169 1.59599 1.5857 1.54949 1.62286 1.48925 1.48772 1.57839 1.43983 1.77807 1.43746 1.94245 1.43739 1.44854 1.43092 1.43008 1.4036 1.37248 1.35405 1.81614 1.33423 1.33382 1.29827
threshold=0.20258981878593976 0.99399950758613798 3.6187539466737779 -0.70362866155790538 3.9385788526958696 0.020109242192034634 0.25000000000000017 38.180729901467537 -0.003910791018674197 0.67273983305349894 0.61762627727067698 1.0000000180025095e-35 1.0000000180025095e-35 -0.013239133246485844 0.12613825243431734 0.74275577025106687 0.48579564875218822 19.366000080108645 0.010078869284016469 15.793500089645386 106.90305328369142 0.54067533081697172 78.817766786494488 4.1610000133514413 0.46253427819693743 0.12590030869899441 0.51395565420464828 107.92645645141603 0.089573511581507406 -0.97241932872037651 0.86234993146195504 0.25077919104151408 0.21756938835514736 19.159999847412113 0.81373887361213637 98.642641439223382 137.68149351119999 -0.3266646278179372 0.095261992595521719 107.1829071044922 1.3067699998617173 35.453333960969864 0.85130798562155585 5.8002999973297129 0.031746089442388888 1.0594422688852421 -0.73076922420527379 0.019584276338826458 0.55847028894163186 2.8869706846273311 1.8617828593800048 -0.065217349614898154 32.731629705429086 1.9083478275148911 78.90192031860353 0.95413323266482986 0.062533463213781185 4.3709998130798349 -0.0049012249725642444 0.94360055900651185 476550.00000000006 0.65158212903229307
decision_type=2 2 2 2 8 2 2 8 2 2 2 2 2 2 2 2 2 2 2 2 2 2 2 2 2 2 2 2 2 2 2 10 2 2 2 2 2 2 2 2 2 2 2 2 2 2 2 8 2 10 2 2 2 2 2 2 2 2 2 2 2 2
left_child=3 2 8 47 5 6 21 -8 9 27 16 51 36 45 15 61 22 39 -6 26 -21 41 23 55 -17 53 -20 28 -2 -30 40 32 57 44 -35 -33 49 -28 -31 -18 -29 -5 -13 -44 -34 46 -12 48 -1 -3 -51 -11 -53 -16 -37 -10 -46 -22 -59 -25 -45 -15
right_child=1 12 -4 4 18 -7 7 -9 10 11 13 42 -14 14 25 24 17 -19 19 20 31 -23 -24 59 -26 -27 37 30 29 38 -32 35 33 34 -36 54 -38 -39 -40 -41 -42 -43 43 60 56 -47 -48 -49 -50 50 -52 52 -54 -55 -56 -57 -58 58 -60 -61 -62 -63
leaf_value=0.0011274634765616979 -0.0024184427978343817 -0.0049674070872262957 0.0020601174258601681 -0.0046931938619084968 0.00013848205576870928 -0.0062734412739817533 -0.0037793846225951905 0.0044061584930174093 -5.2817978888618993e-05 0.0094129862286330725 -0.0025771045890765464 0.0028839001903929462 -0.0059473861663545888 -0.0020094350539399358 -0.0042171531999202023 -0.0014165866100007581 0.00048118341304083812 -0.0051679308167034083 0.00072845877508008038 -0.0020976455235189491 2.627651895420349e-05 0.0073724189408891395 0.00124634999871437 -0.001042389316488816 0.0074910047467768434 0.0022210825497524871 -0.0035030460601707027 0.0055550434006415477 -0.0043597232566988924 0.00017492750746544444 0.006134573406716054 2.1638214357032611e-05 -0.0014834485691726817 6.2465351905599637e-05 -0.0036213406329653076 0.00072099662929668139 -0.0064495403476268337 0.0058715152461946757 -0.0074020333510513119 0.0073471687696082429 1.4773915038901855e-05 0.0055286061835086234 0.00060678996927684774 -0.0095290946033561516 -0.0028989028224931553 -0.0012507512774924932 0.0039373334484991279 0.00054649820169323511 0.0049319851882695075 -0.0015112042391918741 0.0066120859254219571 0.0020841752304806725 0.0067086155613651499 0.0034508932487196512 0.0059197438608877707 -0.0070240860103277141 -0.0077903631987104455 0.0089713927593524801 -0.00012750991455201682 -0.0041026121237543144 -0.0011308063642625416 0.00098333244496261359
leaf_weight=1128 1612 90 1092 73 52883 78 213 207 2975 93 123 211 421 2906 1774 105 134 82 1564 2060 4708 369 1239 771 126 124 54 140 340 4118 148 3908 2936 2931 419 301 107 323 72 236 1818 79 212 105 1193 668 381 12342 422 159 137 911 208 63 236 74 163 101 120 662 86 414
leaf_count=1128 1612 90 1092 73 52883 78 213 207 2975 93 123 211 421 2906 1774 105 134 82 1564 2060 4708 369 1239 771 126 124 54 140 340 4118 148 3908 2936 2931 419 301 107 323 72 236 1818 79 212 105 1193 668 381 12342 422 159 137 911 208 63 236 74 163 101 120 662 86 414
internal_value=-2.00368e-05 -0.000519451 -0.000415356 0.000120192 7.69415e-06 0.00238696 0.00310483 0.000254919 -0.000533241 3.25464e-05 -0.000976559 0.00208588 -0.00325541 -0.00168731 -0.00210914 -0.00130588 -0.000206975 0.00304124 -2.51134e-05 -0.000436752 -0.000630419 0.00540226 -0.000463608 -0.000936307 0.0034421 -0.0035637 0.00146659 -0.000422035 -0.00084556 -0.00028585 0.000813144 -0.000452793 -0.00074802 -0.00136324 -0.000398285 0.000382147 -0.000956578 0.00452874 4.47267e-05 0.00486057 0.000410912 0.000619452 -0.000587397 -0.00240488 -0.00211641 0.00029662 0.0023475 0.00072689 0.00216328 0.000566082 0.00224856 0.00344017 0.00294377 -0.00395418 0.00300573 -0.000222012 -0.00348689 0.000205827 0.00403081 -0.00245611 -0.00574767 -0.00163624
internal_weight=113748 24937 24023 88811 74919 1019 941 420 22931 10074 12857 1826 914 6684 5512 3551 6173 452 73900 21017 19076 521 5721 4482 231 1961 1941 8248 6142 4530 2106 17016 12571 7642 3350 4445 493 377 4190 370 1958 152 614 403 4292 1172 504 13892 1550 386 296 1212 1119 1837 537 3049 1356 4929 221 1433 191 3320
internal_count=113748 24937 24023 88811 74919 1019 941 420 22931 10074 12857 1826 914 6684 5512 3551 6173 452 73900 21017 19076 521 5721 4482 231 1961 1941 8248 6142 4530 2106 17016 12571 7642 3350 4445 493 377 4190 370 1958 152 614 403 4292 1172 504 13892 1550 386 296 1212 1119 1837 537 3049 1356 4929 221 1433 191 3320
is_linear=0
shrinkage=0.05


Tree=51
num_leaves=63
num_cat=0
split_feature=39 1 14 39 65 31 80 76 33 3 6 37 9 10 15 41 41 68 19 64 50 28 17 55 69 17 5 10 44 43 14 62 15 14 33 36 6 62 62 65 64 13 11 15 7 7 17 15 50 50 33 10 15 36 50 65 58 47 65 39 11 7
split_gain=2.39866 2.41592 2.55867 2.46338 1.86332 1.62801 1.59766 1.62207 1.78847 1.545 2.12823 1.94157 1.91193 1.50423 2.50386 2.42237 2.32866 1.44126 1.42144 1.39383 1.55194 1.37478 1.37383 2.55281 2.55153 2.65444 2.2065 1.92007 2.45553 2.02302 2.25782 1.90906 1.86885 2.08056 1.82844 1.71739 2.14888 1.93852 1.92486 1.68001 1.66558 1.6502 1.9372 2.05424 1.64131 1.60854 1.59752 1.84672 2.25294 1.72513 1.81155 1.6632 2.5146 2.43433 1.68938 1.91422 1.54859 1.5299 1.52735 1.51173 1.44984 1.41542
threshold=0.2072335588896628 16.510000228881839 9.9679180419373008 0.05044960440787042 -0.70362866155790538 2618.7052623511845 -0.20031936792128371 -0.1652982832410797 0.97825724232048195 -0.45010527422155139 0.86356105625082591 1.0000000180025095e-35 -0.033816393563255658 -0.24999999068677434 -0.75112070788125795 2.4696113981333783 1.4751398468558901 -0.0056397499278709176 4.4380389951112287 0.016491728689328258 1379550.0000000002 -0.68301270189221941 4.3340757721662531 0.014236523605839048 0.020765001871102532 2.6597874951362614 2.6422386169433598 -0.11845133007029872 17.864500069618227 4.2400000095367441 3.2492935638905815 0.97935267482784472 -0.5853495822540804 1.4821096649781074 0.69307174086116163 2.3311140537261967 0.38638654798900324 0.56662213023923269 1.1443070154847137 3.7346845742038317 0.023036564539241213 1033650.0000000001 64.357161470337658 1.2692366400289934 2.3670000255107886 1.1493750035762791 105.36147499084474 1.3868126352879455 3105250.0000000005 456950.00000000006 0.91089644859811181 1.7042722164509285 0.74273455955063472 136.38002014160159 89950.000000000015 1.1290643732759167 1.4769672944699253 -0.071771256663983415 0.0072887617932008231 0.27040832537464082 29.245314064016089 0.72349999696016321
decision_type=2 2 2 2 2 10 2 8 2 2 2 2 2 2 2 2 2 2 2 2 2 2 2 2 2 2 2 2 2 2 2 2 2 2 2 2 2 2 2 2 2 2 2 2 2 2 2 2 2 2 2 2 2 2 2 2 2 2 2 2 2 2
left_child=1 9 3 -3 -2 6 7 -6 19 10 12 -11 -1 15 21 16 -5 -14 -8 20 -9 -15 23 24 25 31 -24 29 -29 30 -26 34 33 -31 -20 37 40 -30 -38 46 44 42 43 61 -37 -43 51 49 58 -48 -51 -28 56 54 -54 -56 -53 -47 -49 -27 -61 -36
right_child=4 2 -4 13 5 -7 18 8 -10 11 -12 -13 17 14 -16 -17 -18 -19 22 -21 -22 -23 26 -25 27 59 39 28 35 32 -32 -33 -34 -35 41 36 38 -39 -40 -41 -42 45 -44 -45 -46 57 47 48 -50 50 -52 52 53 -55 55 -57 -58 -59 -60 60 -62 -63
leaf_value=0.0086354676906534641 0.0005199356720615721 0.01031989249510362 -0.0015214079802105629 0.001541544778170657 -0.0061461753973772728 -0.007518432434163478 0.00073260028833618005 0.0021075504760332377 0.0091892456147583453 -0.0044280097850028033 -0.0027223150788992447 0.0047790309021127275 0.0045193691397391591 0.0085738742463290687 -0.0076348036337919815 0.01172615074605312 -0.0046469233232299791 -0.0058515905152394703 0.00043817655941039244 0.0068311507965685154 -2.1907420646123984e-05 -0.0018747308083316859 0.0069321631826099782 -0.0022449616679164203 -0.0019724395292253431 -0.0079315314126800606 7.763072077434677e-05 0.00079625272737411797 -0.0013520665988192313 0.01303814082342547 -0.0063645487465320769 -0.0036842319489325454 -0.0011125798296127637 0.00072858708334111032 0.010340827663489821 0.0082888430121858588 -0.0051316733896366769 -0.0056809984375528685 0.0044915469092947826 0.004098062240614841 0.0087507384943730036 -0.0048213779013984055 -0.0021456144039372084 0.013060295811774729 -0.00012038495915170521 -0.0026780474079641133 9.409038373491288e-05 0.003737172974074924 0.0066103802108045786 -0.0012619272201264218 0.0076097014697332835 0.0054596815073122106 -0.011046547341549686 0.0079271607724949716 -0.0038920164018753458 0.0021414643811294809 -0.0042879290982253022 0.0047908951405690563 -0.0030809186126341936 0.003943576102596034 -0.0011294859721893557 0.0036898844723466657
leaf_weight=94 16696 68 2201 1369 79 73 4923 1381 67 934 468 61 67 50 135 53 171 67 905 98 2249 85 113 2001 1154 73 54680 2734 792 51 392 149 1049 105 92 61 321 384 62 242 61 98 95 79 1190 99 4045 143 192 7284 58 166 67 50 737 160 54 223 193 159 1233 613
leaf_count=94 16696 68 2201 1369 79 73 4923 1381 67 934 468 61 67 50 135 53 171 67 905 98 2249 85 113 2001 1154 73 54680 2734 792 51 392 149 1049 105 92 61 321 384 62 242 61 98 95 79 1190 99 4045 143 192 7284 58 166 67 50 737 160 54 223 193 159 1233 613
internal_value=-1.9035e-05 -0.00100752 -0.000355999 0.000972363 3.42979e-05 -5.45796e-05 -4.86024e-05 0.000944977 0.00109259 -0.00259953 -0.000792483 -0.00386356 0.00316875 0.000631176 -0.00281984 0.00121609 0.000854384 -0.000666111 -9.27023e-05 0.000947079 0.000788225 0.00199512 -0.000142035 -0.000589914 -0.000317879 0.000752987 -4.89235e-05 -0.000807177 -0.000276186 -0.00188904 -0.00308609 0.00179326 -0.000353236 0.00475286 0.00216356 -0.00129745 -0.000278841 -0.0027656 -0.00357387 -6.05123e-05 0.000683046 0.00336561 0.00459748 0.00541456 0.000289657 0.000787495 -7.53492e-05 -0.000601001 0.00228976 -0.000735042 -0.00119184 3.66646e-05 -0.00177859 -0.00282992 -0.00338786 -0.00281581 0.00306709 0.00249454 -0.000179171 -0.000917836 -0.00055002 0.00455781
internal_weight=113748 5823 4132 1931 107925 91229 91156 3874 3795 1691 696 995 228 1863 270 1593 1540 134 87282 3728 3630 135 82359 14175 12174 3818 68184 8356 5605 2751 1546 2353 1205 156 2204 2871 1695 1176 383 68071 1312 1299 879 784 1251 420 67829 11915 528 11387 7342 55914 1234 1014 964 897 220 322 336 1465 1392 705
internal_count=113748 5823 4132 1931 107925 91229 91156 3874 3795 1691 696 995 228 1863 270 1593 1540 134 87282 3728 3630 135 82359 14175 12174 3818 68184 8356 5605 2751 1546 2353 1205 156 2204 2871 1695 1176 383 68071 1312 1299 879 784 1251 420 67829 11915 528 11387 7342 55914 1234 1014 964 897 220 322 336 1465 1392 705
is_linear=0
shrinkage=0.05


Tree=52
num_leaves=63
num_cat=0
split_feature=39 1 42 42 62 29 55 68 51 26 33 50 72 26 43 15 11 77 74 68 29 33 32 23 72 50 10 26 74 0 73 14 57 74 49 11 68 44 10 62 51 13 55 67 62 50 74 39 26 13 13 32 17 51 39 68 55 51 15 50 4 42
split_gain=2.16479 2.18037 2.37626 2.78645 2.25173 1.96382 3.87912 2.62572 1.74105 1.688 2.16877 2.13686 3.6956 3.70887 2.59538 2.1438 2.14597 2.14912 1.89952 1.68448 2.532 1.63146 1.57388 1.556 2.13217 1.92255 1.63387 1.55672 1.53957 1.51089 1.46183 1.43175 1.71339 1.54531 1.51691 1.48361 2.99566 2.30333 2.34492 1.86125 1.85505 1.80416 1.67743 1.42031 1.70601 1.41917 1.40776 1.40765 1.40159 2.70181 1.97006 1.99589 1.95553 1.83889 1.8274 1.82201 1.71326 1.83676 1.39506 2.19784 1.79337 1.44173
threshold=0.2072335588896628 16.510000228881839 -0.39953782824064205 1.0000000180025095e-35 -0.51007648186927401 0.0095785560978327595 0.014236523605839048 -0.034306283005583631 0.10131340027739853 108.05874633789064 0.22818797535933852 202850.00000000003 54.875470155092025 107.47381973266603 4.1099998950958261 -0.71395873428531409 47.306159398577428 -0.00047625451924262205 0.4994425746243138 -0.035882642828722659 -0.036697297802789068 0.40117056469316453 0.62290922391386283 96.453637183343773 109.2335037798281 2182100.0000000005 0.60969237728201564 107.58430099487306 -0.68653004856958388 1.8314999938011172 0.23161262558802967 109.5475472877669 0.8523086544000571 0.50424085808704422 4.4973416445957106 41.052643623199209 0.0091237186535665388 18.631500053405766 -0.19798231715237116 -0.016987130959436911 0.54940200314435783 40509.000000000007 -0.015719301771059287 -497.11993056687538 0.48064711885974021 48250.000000000007 -0.87161855148891265 0.25834677511331922 108.01687622070314 258550.00000000003 104205.00000000001 0.50235769694183985 3.9493124949932104 -0.79834093832271058 0.39920757150684688 0.062533463213781185 0.014236523605839048 -0.16023672024728672 -0.4626332329171936 926750.00000000012 20.540122586608458 -0.018716770817952873
decision_type=2 2 2 2 2 2 2 2 2 2 2 2 2 2 2 2 2 2 2 2 2 2 2 8 2 2 2 2 2 2 10 2 2 2 8 2 2 2 2 2 2 2 2 2 2 2 2 2 2 2 2 2 2 2 2 2 2 2 2 2 2 2
left_child=1 46 4 -4 -3 19 7 -7 -8 11 -11 47 14 -14 -13 -16 22 -18 -12 20 -2 -20 -17 24 25 -21 -27 -26 -22 -6 -31 33 -33 34 -25 36 -35 38 -37 41 42 -39 -40 45 -45 -30 -1 -9 50 -50 -36 54 53 -53 -52 -55 57 -56 59 -44 -60 -62
right_child=5 2 3 -5 29 6 8 9 -10 10 18 12 13 -15 15 16 17 -19 21 23 28 -23 -24 31 27 26 -28 -29 43 30 -32 32 -34 35 48 37 -38 39 40 -41 -42 -43 58 44 -46 -47 -48 -49 49 -51 51 52 -54 55 56 -57 -58 -59 60 -61 61 -63
leaf_value=0.0033786329483978224 -0.0037009169657030495 0.0044150520171090139 0.0013684784597843408 -0.0026632839771337964 -0.0094458279823884383 0.001329187802885292 -0.0012887118008370092 -0.0055957539276420779 -0.0040684583557687136 0.0016990437847672858 -0.00042678564207712666 0.0027951995725098515 -0.002244033168122606 0.00075970534958752576 0.0076666360675782252 -0.0021260744603609459 0.0029701102335513672 0.00046844139271878452 -0.00072296205238389416 0.0022405680044983818 -0.0056718954492680496 -0.0030077278493025159 0.00051631233051794092 -0.0029474014301438239 -0.0035913039014524406 4.0648304815117311e-06 0.0035685967718753816 0.00178504055414669 0.0042507403300787268 -0.002503382362991895 0.0058304302868517968 0.0053035230550449348 -0.00049962225566693003 0.0032012273373558304 -0.00084201913767826273 -0.0028159300096186127 0.00063564409827997215 0.0033023626495957033 -0.0011472181005750155 -4.6234030676539276e-05 0.0043049212329487807 -0.0032231630030817222 -0.00013693088489658708 -0.0017139970564453277 0.0051098583664089363 0.00026500855216009597 -0.0028254363714197003 -0.00073017984394802265 0.0017159918208566633 -0.00016532884293841841 -0.0052879560372740449 -0.0095254321705620249 0.0013770386067571 0.0004455730074254808 -0.0025541948876139035 -0.0031896895785501009 0.00091914002486755868 -0.00027276959820911941 1.7574432161104047e-05 0.014272743755695866 0.0042360065701389929 0.0013271983544505979
leaf_weight=97 634 127 2122 537 75 2812 1963 153 790 736 4032 1444 2364 1818 103 1215 1042 4875 1339 2715 128 1876 1051 421 412 2752 364 200 254 1216 55 129 9091 1461 6711 420 5143 121 935 5851 407 850 55 1401 98 1850 1594 5229 3397 4355 180 53 4866 2221 1024 408 2528 6372 2765 51 477 3983
leaf_count=97 634 127 2122 537 75 2812 1963 153 790 736 4032 1444 2364 1818 103 1215 1042 4875 1339 2715 128 1876 1051 421 412 2752 364 200 254 1216 55 129 9091 1461 6711 420 5143 121 935 5851 407 850 55 1401 98 1850 1594 5229 3397 4355 180 53 4866 2221 1024 408 2528 6372 2765 51 477 3983
internal_value=-1.80832e-05 -0.000957145 -0.000338199 0.000554241 -0.0019492 3.2583e-05 -0.000289906 -0.000125537 -0.00208639 -0.000275505 -0.000886991 -2.24997e-05 0.000304784 -0.000938247 0.000839044 0.000498146 0.000407915 0.000908992 -0.00114963 0.000173643 -0.000779605 -0.00205616 -0.000900501 0.000232481 0.000973256 0.00126793 0.000420461 -0.00183433 -0.000283193 -0.00254969 -0.00214275 0.000158225 -0.000418429 0.000254797 3.44169e-05 0.000573206 0.00120323 0.000311777 0.000832788 -0.000382676 0.00100948 -0.00240999 0.000847221 -9.17541e-05 -0.00126787 0.000746176 -0.00246956 -0.000868499 7.35059e-05 0.000659084 -0.000112818 0.000164413 0.00077955 -0.000304483 -0.000295114 -0.000118591 -0.000204554 -0.00058864 0.00110159 0.00679603 0.00101805 0.0016383
internal_weight=113748 5823 4132 2659 1473 107925 32842 30089 2753 27277 7983 19294 13912 4182 9730 8286 8183 5917 7247 75083 4365 3215 2266 70718 6443 5831 3116 612 3731 1346 1271 64275 9220 55055 32536 22519 6604 15915 9093 6822 8673 971 8266 3603 1499 2104 1691 5382 32115 7752 24363 17652 7548 2682 10104 2629 9924 7396 7331 106 7225 4460
internal_count=113748 5823 4132 2659 1473 107925 32842 30089 2753 27277 7983 19294 13912 4182 9730 8286 8183 5917 7247 75083 4365 3215 2266 70718 6443 5831 3116 612 3731 1346 1271 64275 9220 55055 32536 22519 6604 15915 9093 6822 8673 971 8266 3603 1499 2104 1691 5382 32115 7752 24363 17652 7548 2682 10104 2629 9924 7396 7331 106 7225 4460
is_linear=0
shrinkage=0.05


Tree=53
num_leaves=63
num_cat=0
split_feature=61 81 3 56 55 62 33 68 69 65 73 77 27 49 72 74 33 69 43 29 44 74 55 26 13 58 19 29 10 51 74 8 49 45 65 18 72 62 17 61 62 18 53 79 58 13 65 6 74 21 39 8 69 51 16 33 17 62 72 33 10 6
split_gain=2.77748 2.55028 2.45382 2.0119 2.00967 3.43304 2.39701 2.37609 2.08173 2.00237 2.1169 2.25888 2.21558 2.54231 1.94106 1.83928 1.78515 1.71847 1.66474 1.65288 2.79448 1.71872 2.24909 1.79451 1.73172 2.32612 1.63347 1.5794 1.54722 1.63676 1.7934 1.71235 1.62552 1.70518 1.53611 1.5616 1.5029 1.49652 1.47925 1.4522 1.44233 1.47101 1.43204 1.64754 1.42961 1.62907 1.42804 1.42768 1.9883 1.56867 1.55096 1.42161 1.41235 1.52999 1.40202 1.37302 1.44361 1.36886 1.34242 1.32873 1.32833 1.88268
threshold=0.20258981878593976 0.99399950758613798 3.6187539466737779 1.0000000180025095e-35 -0.003910791018674197 0.67273983305349894 0.65614232676285211 1.0000000180025095e-35 -0.013239133246485844 -0.70362866155790538 3.9385788526958696 0.020109242192034634 0.25000000000000017 38.180729901467537 13.005984230778447 -0.027131889302572643 0.54067533081697172 0.10794094439951775 4.2654998302459726 0.013882304044680939 15.793500089645386 -0.13988705268916063 0.014236523605839048 108.0294532775879 216950.00000000003 1.1552382496298634 73.913022022370612 0.027210912672546498 1.0328927606820002 0.57380615283671921 0.61648008549666422 2.0619052238776043 2.2721939968319851 17.190361976623539 0.67977595269835855 35.652572645506886 26.613960473102829 -0.081833787504735592 137.68149351119999 -0.21344662004103857 -0.24781248949647752 80.899281308990567 -0.012972425384942926 0.023798659694968995 1.0602163204925585 139650.00000000003 -1.1972296434175076 1.2420102592541928 0.74682876653614683 20.617418957157927 0.57851800275473997 35.453333960969864 0.079388303640928318 0.50597773811092728 0.070250013881857934 0.85130798562155585 5.8002999973297129 0.70065208385932587 59.069502141048901 1.5185810906415618 0.42984144791557105 0.55714147200061648
decision_type=2 2 2 2 2 2 2 2 2 2 8 2 2 8 2 2 2 2 2 2 2 2 2 2 2 2 2 2 2 2 2 2 8 2 2 2 2 2 2 2 2 2 2 2 2 2 2 2 2 2 2 2 2 2 2 2 2 2 2 2 2 2
left_child=9 2 4 38 5 14 18 42 44 -1 11 12 16 -14 15 34 51 27 26 -12 -21 54 23 24 -23 -26 52 47 29 32 31 -31 33 -16 35 -2 -24 -20 -3 -25 41 -34 -7 -44 45 -8 -42 48 49 -10 -50 -11 -6 -54 58 -9 -57 -41 -22 -45 -48 -62
right_child=1 3 -4 -5 6 7 8 55 17 10 19 -13 13 -15 28 -17 -18 -19 37 20 21 22 36 39 25 -27 -28 -29 -30 30 -32 -33 40 -35 -36 -37 -38 -39 -40 57 46 -43 43 59 -46 -47 60 -49 50 -51 -52 -53 53 -55 -56 56 -58 -59 -60 -61 61 -63
leaf_value=0.00066508575098003439 -0.00043404443142346192 0.00053406618223368759 0.0019308595581186147 -0.0056142587543906528 -2.166039118880347e-05 0.0086920479901170643 -0.00099033770517478552 0.0027289864418463192 -0.0019884803616216423 -0.0044594066223920623 0.00011058744422152663 -0.0059017862487309733 -0.0035844151041046347 0.0041965610570395776 -0.0080950514840209108 -0.0058381382035431291 0.0070094419328109699 -4.1536320593521809e-06 -0.0078954004363844255 0.0016297957809804098 0.0018907947495705275 -0.0014614050142231552 -0.006780255182300173 -0.0023831823593491626 -0.00055302472287735687 0.0016910794946439142 0.0012521806301925807 -0.0041453672965834137 -0.0032635381255454025 0.0066364685970001685 0.0074957110905362404 -0.00049224625438019042 0.0041333338320844546 0.0017371389274693915 -0.0051022326222458936 0.0094150806949646389 -0.0021424191027884483 -0.0013153006077574736 -0.006109924186303968 -0.00037949339380302356 0.002643529568929129 -0.0050808261139318354 -0.0031617130285344374 0.0038865056136653392 -0.0012291592464900598 0.0049455885379917595 -0.00080453162502134223 -0.0038159812761534035 0.0095531591381043651 0.006642091313309114 0.00044893252378378455 0.005219069224357888 -0.002429776499012961 0.0051300216230078487 -0.0010350262984947876 0.00059095770494028369 -0.0054022893530843268 -0.0052321905791394754 -0.0012921685333288498 -0.0030777157863249652 0.0044663379561292174 -0.00059408545692341496
leaf_weight=13892 158 386 1092 421 3373 111 201 211 2105 73 56690 78 213 207 129 307 369 849 126 1478 1554 1852 218 2180 2911 1914 1724 1054 386 107 136 396 324 67 115 54 879 275 107 2579 386 50 107 920 618 272 4868 746 67 54 155 79 1167 71 1070 212 191 154 421 74 307 458
leaf_count=13892 158 386 1092 421 3373 111 201 211 2105 73 56690 78 213 207 129 307 369 849 126 1478 1554 1852 218 2180 2911 1914 1724 1054 386 107 136 396 324 67 115 54 879 275 107 2579 386 50 107 920 618 272 4868 746 67 54 155 79 1167 71 1070 212 191 154 421 74 307 458
internal_value=-1.71791e-05 -0.000483446 -0.000384818 -0.00307573 -0.000495093 3.37052e-05 -0.000909429 0.00199541 -0.00162561 0.000113743 1.15089e-05 0.0022749 0.00295267 0.000250495 -0.00040059 -0.00305872 0.00513101 -0.00205505 -0.000258632 -1.97008e-05 -0.000448872 -0.00064416 -0.000900192 -0.00069538 -0.000161697 0.000337175 -6.08711e-05 -0.00247151 -0.000179253 -1.45418e-05 0.00240155 0.0010242 -0.000248854 -0.00473405 -0.000449301 0.00207469 -0.00306407 -0.00338286 -0.000907936 -0.00142068 -0.000111344 0.00290149 0.00327917 0.00273345 0.000354282 0.00242313 -0.000298552 -0.00190731 -0.0013093 -0.00177262 0.0031966 0.000570854 -0.000551806 -0.00199622 0.000422599 -0.000538661 -0.00224951 -0.000652935 0.0012123 0.00336804 -0.000500157 0.0014367
internal_weight=113748 24937 24023 914 22931 10074 12857 1826 6121 88811 74919 1019 941 420 8248 634 521 5030 6736 73900 17210 15732 12687 11590 6677 4825 6335 4181 7614 7228 639 503 6589 196 327 212 1097 401 493 4913 6393 374 1212 1101 1091 473 6019 3127 2381 2159 222 152 4611 1238 3045 614 403 2733 1975 994 5633 765
internal_count=113748 24937 24023 914 22931 10074 12857 1826 6121 88811 74919 1019 941 420 8248 634 521 5030 6736 73900 17210 15732 12687 11590 6677 4825 6335 4181 7614 7228 639 503 6589 196 327 212 1097 401 493 4913 6393 374 1212 1101 1091 473 6019 3127 2381 2159 222 152 4611 1238 3045 614 403 2733 1975 994 5633 765
is_linear=0
shrinkage=0.05


end of trees

feature_importances:
WTI_Beta_60d=210
HistVol_60=179
Wheat_Beta_60d=139
Copper_Beta_60d=137
HiRatio_52w=113
Volume_lag_5=101
VIX_20d_Avg=98
DXY_Return_20d=93
Volume=92
ROC_12m=83
LQD_Level=79
EMA_200=74
LoRatio_52w=73
Treasury10Y=73
SectorETF_60d_Corr=67
VIX_RealVol_Ratio=66
CashRunwayQuarters=66
HistVol_30=64
SMA_200=60
DXY_Level=57
ROC_6m=56
HYG_Level=55
VIX=51
Copper_Return_20d=50
Month_Sin=49
MACD_Signal=45
RS_vs_SectorETF_20d=44
FCF_Yield=41
EarningsSeason=39
RollingStd_20d=39
RollingSkew_20d=38
VolumePriceTrend=38
Wheat_Return_20d=38
ATR_14=36
Return_1d=36
FCF_Yield_vs_Sector=35
PriceToLow_20d=34
EV_EBITDA=29
HYG_LQD_Ratio=29
RollingMean_20d=28
LQD_Mom_20d=27
FiftyTwoWeek_PosRatio=27
PS_LogRatio_vs_Sector=27
EV_Revenue=26
EMA_Slope_10=26
Month_Cos=25
HYG_Mom_20d=25
WTI_Return_20d=24
PriceToSales=23
RS_vs_SPY_20d=23
Low=22
STOCH_D=22
ROC_20d=21
RSI_14=20
ROC_5d=19
Close_lag_20=18
PriceToHigh_20d=18
RollingSharpe_20d=18
MACD=16
STOCH_K=16
BB_Lower=16
PE_LogRatio_vs_Sector=16
BB_Mid=15
EMA_Slope_20=15
PriceToHigh_5d=15
Open=14
BB_Upper=14
Close=12
High=10
EMA_50=10
GoldenCross=10
Close_lag_10=10
Close_lag_5=6
SMA_20=4
Unprofitable_Flag=3
Return_20d=1

parameters:
[boosting: gbdt]
[objective: regression]
[metric: rmse]
[tree_learner: serial]
[device_type: cpu]
[data_sample_strategy: bagging]
[data: ]
[valid: ]
[num_iterations: 800]
[learning_rate: 0.05]
[num_leaves: 63]
[num_threads: 0]
[seed: 42]
[deterministic: 0]
[force_col_wise: 0]
[force_row_wise: 0]
[histogram_pool_size: -1]
[max_depth: -1]
[min_data_in_leaf: 50]
[min_sum_hessian_in_leaf: 0.001]
[bagging_fraction: 0.85]
[pos_bagging_fraction: 1]
[neg_bagging_fraction: 1]
[bagging_freq: 5]
[bagging_seed: 400]
[bagging_by_query: 0]
[feature_fraction: 0.85]
[feature_fraction_bynode: 1]
[feature_fraction_seed: 30056]
[extra_trees: 0]
[extra_seed: 12879]
[early_stopping_round: 0]
[early_stopping_min_delta: 0]
[first_metric_only: 0]
[max_delta_step: 0]
[lambda_l1: 0]
[lambda_l2: 0]
[linear_lambda: 0]
[min_gain_to_split: 0]
[drop_rate: 0.1]
[max_drop: 50]
[skip_drop: 0.5]
[xgboost_dart_mode: 0]
[uniform_drop: 0]
[drop_seed: 17869]
[top_rate: 0.2]
[other_rate: 0.1]
[min_data_per_group: 100]
[max_cat_threshold: 32]
[cat_l2: 10]
[cat_smooth: 10]
[max_cat_to_onehot: 4]
[top_k: 20]
[monotone_constraints: ]
[monotone_constraints_method: basic]
[monotone_penalty: 0]
[feature_contri: ]
[forcedsplits_filename: ]
[refit_decay_rate: 0.9]
[cegb_tradeoff: 1]
[cegb_penalty_split: 0]
[cegb_penalty_feature_lazy: ]
[cegb_penalty_feature_coupled: ]
[path_smooth: 0]
[interaction_constraints: ]
[verbosity: -1]
[saved_feature_importance_type: 0]
[use_quantized_grad: 0]
[num_grad_quant_bins: 4]
[quant_train_renew_leaf: 0]
[stochastic_rounding: 1]
[linear_tree: 0]
[max_bin: 255]
[max_bin_by_feature: ]
[min_data_in_bin: 3]
[bin_construct_sample_cnt: 200000]
[data_random_seed: 175]
[is_enable_sparse: 1]
[enable_bundle: 1]
[use_missing: 1]
[zero_as_missing: 0]
[feature_pre_filter: 1]
[pre_partition: 0]
[two_round: 0]
[header: 0]
[label_column: ]
[weight_column: ]
[group_column: ]
[ignore_column: ]
[categorical_feature: ]
[forcedbins_filename: ]
[precise_float_parser: 0]
[parser_config_file: ]
[objective_seed: 16083]
[num_class: 1]
[is_unbalance: 0]
[scale_pos_weight: 1]
[sigmoid: 1]
[boost_from_average: 1]
[reg_sqrt: 0]
[alpha: 0.9]
[fair_c: 1]
[poisson_max_delta_step: 0.7]
[tweedie_variance_power: 1.5]
[lambdarank_truncation_level: 30]
[lambdarank_norm: 1]
[label_gain: ]
[lambdarank_position_bias_regularization: 0]
[eval_at: ]
[multi_error_top_k: 1]
[auc_mu_weights: ]
[num_machines: 1]
[local_listen_port: 12400]
[time_out: 120]
[machine_list_filename: ]
[machines: ]
[gpu_platform_id: -1]
[gpu_device_id: -1]
[gpu_use_dp: 0]
[num_gpu: 1]

end of parameters

pandas_categorical:[]
